offset_hex	length	text
0x212	12	RR'bL2RVgf"6
0x2c7	4	/"Or
0x384	4	Fb"&
0x3a4	4	RR'b
0x3a9	7	rRVgf"6
0x429	5	/"OSj
0x59c	4	RR'b
0x5a1	7	rRVgf"6
0x5e1	4	F(Fd
0x5f0	5	@&"Of
0x60e	4	rVgf
0x614	8	rR'bh2R2
0x686	4	RRF2
0x6a0	4	RRF2
0x700	5	 +S`*
0x77a	7	v@UUeD(
0x7ce	4	C`a"
0x83f	5	D(DTb
0x8ab	4	`,bG
0x8b5	4	B\2&
0x992	4	"*("
0x9c7	6	B(B"&!
0x9d2	6	,@$@4@
0x9e5	5	B(B"&
0x9f6	9	(B,6\eb>O
0xa01	4	b(",
0xa6b	4	gSf@
0xb8a	4	b"|6
0xba0	4	Rb`2
0xbaf	4	` 4f
0xbd0	4	|6B5
0xbf2	7	\f,b`2)
0xc05	5	v,b`2
0xc12	4	bb("
0xc59	4	b("S
0xd3f	4	b("E
0xd70	7	-fMb 6+
0xd7a	4	Cf)F
0xd80	5	-b 6$
0xe42	4	/b("
0xea9	4	GJwT
0xf1b	4	L(L)
0xf44	4	(E\>
0xf4f	4	fh&Z
0xfe0	5	(B,5d
0x10b0	6	Ob<c32
0x10bc	5	<b_e8
0x10c8	4	_e#`
0x10d9	5	B,bl4
0x10e5	6	e\eX%,
0x1102	4	Cm,7
0x1113	5	l\nte
0x111d	7	b,>\bi.
0x116e	8	chOb<c32
0x117c	5	<b_e8
0x1188	4	_e#`
0x1199	5	B,bl4
0x11bc	6	Cm,7B/
0x11cf	5	l\nte
0x11d9	7	b,>\bi.
0x120d	5	e\eX%
0x123c	5	Sm#f!
0x1250	4	 /0r
0x1299	5	E#`0p
0x12e4	6	c`M@Sm
0x12ee	4	c`)@
0x1300	4	c`M@
0x130c	4	c`)@
0x131a	4	c`M@
0x138a	10	LdCb\e\2c2
0x1398	9	<eH5\eX%C
0x13c0	4	,735
0x13d0	4	tdS`
0x13db	7	Fmf-Fmb
0x13e3	9	B+$@.pbk"
0x13fb	5	u+$S`
0x1402	4	@.\f
0x1419	5	vlfh&
0x1426	4	+%P.
0x1439	8	OcbCf\d@
0x1448	10	Ld,eCb\2s2
0x1456	6	H5\eX%
0x1460	6	lf<c36
0x147b	5	B,b,7
0x148c	4	#fpb
0x1491	5	uk" '
0x1497	5	w\eX%
0x14d4	10	LdCb\e\2c2
0x14e2	9	<eH5\eX%R
0x150a	4	,735
0x151a	4	tdS`
0x1525	7	Fmf-Fmb
0x152d	10	B+$@.pbk",
0x1545	5	u+$S`
0x154c	4	@.\f
0x1553	4	FsnU
0x1581	5	vlfh&
0x158e	4	+%P.
0x15a1	8	OSgCe|g@
0x15b0	10	|glbsf,6C6
0x15be	7	x2,b(" 
0x15c8	6	\e<c35
0x15e3	5	Flfl7
0x15f4	4	Cepf
0x15f9	5	r[&`'
0x15ff	7	wJ%,b("
0x1618	17	CkclLdlfSn|mB/\eb
0x1677	4	/"O*
0x16a1	4	C,d;
0x16bb	6	/Sgcez
0x16dd	7	rnf.b 6
0x16ed	5	w_eX%
0x1708	4	Od_e
0x1744	6	2m.ncd
0x174e	9	2s15vq100
0x175b	10	2004/12/12
0x1769	8	09:42:51
0x1ba1	4	@n@K
0x23be	4	Cx@`
0x2b74	4	H:@&
0x324a	4	c @0
0x3dfe	4	C8@`
0x4139	4	>@-0
0x4528	4	(>JO
0x481c	4	`,((
0x4c7d	6	3qCxA0
0x4df1	5	P6FMp
0x5bf0	4	1`LX
0x5c72	4	!B(P
0x5ef3	5	@EB$0
0x623b	5	@E@DP
0x6573	5	BBB@$
0x7845	7	8(>>((8
0x7861	6	8888>8
0x7869	6	8>8888
0x788b	7	0     0
0x789f	23	8p@@@@@p<(((((<p@@@@@p<
0x78c6	4	 $(0
0x78d2	5	>>>>>
0x78d8	7	 08<80 
0x78e6	4	    
0x78ec	4	 PPP
0x78f9	4	PP x
0x790f	4	h` @
0x7918	5	 @@@ 
0x7955	9	p `    pp
0x7983	5	 @@@p
0x79fe	8	p     p8
0x7a4c	6	      
0x7a71	4	P   
0x7a7c	7	p@@@@@p
0x7ac8	4	p0H@
0x7ae0	5	`   p
0x7af3	7	`     p
0x7b2e	4	@@H0
0x7b5d	5	  @  
0x7b63	10	       @  
0x7b6e	4	  @@
0x7bad	8	@@PPTTUU
0x7bb8	4	PROM
0x7bc0	27	 MPC2500 (   MB installed )
0x7bdc	27	       SDRAM ERROR !!      
0x7bf8	27	       SODIMM ERROR !!     
0x7c14	7	MPC2500
0x7c20	15	MPC2500.SOS    
0x7c30	28	  Loading OS fille .........
0x7c50	28	      File data error  !!   
0x7c70	12	MPC2500 TEST
0x7c80	25	    OS data error !!     
0x7c9c	32	====== MPC2500 OS UPDATE =======
0x7cc0	25	                         
0x7cdc	15	File:          
0x7cf0	5	DO IT
0x7cf8	27	    Loading OS file .......
0x7d14	25	  OS file not found !!   
0x7d30	4	Ver:
0x7d38	25	 Insert memory card !!   
0x7d54	25	       Wait......        
0x7d70	16	0123456789ABCDEF
0x7d81	28	            OK !            
0x7d9e	28	       SYSTEM ERROR !!      
0x7dbb	28	     Error FILE READ 1 !!   
0x7dd8	28	    Insufficient Memory !!  
0x7df5	28	        Wrong file !!       
0x7e12	28	        End of file !!      
0x7e2f	28	File too big:Can't execute!!
0x7e4c	28	     File name exists !!    
0x7e69	28	    Folder name exists !!   
0x7e86	28	      File not found !!     
0x7ea3	28	      No memory card !!     
0x7ec0	28	       Wrong card !!        
0x7edd	28	          No file !!        
0x7efa	28	         FAT error!!        
0x7f17	28	      DIRECTORY error!!     
0x7f34	28	       Card is full!!       
0x7f51	28	       Disk is full!!       
0x7f6e	28	      Too many files !!     
0x7f8b	28	       Reserv name   !!     
0x7fa8	28	    File write error !!     
0x7fc5	28	    Device not ready !!     
0x7fe2	28	      USB<===>MPC2500 !!    
0x7fff	28	  CF Card command error !!  
0x801c	28	    Format is Invalid !!    
0x8039	28	    Copy data too big!!     
0x8056	28	     End of sequence !!     
0x8073	28	    Sequence is unused !!   
0x8090	28	  Too many bars! (999max)   
0x80ad	28	      CF Card changed       
0x80ca	28	   Flash ROM erase error!!  
0x80e7	28	   Flash ROM write error!!  
0x8104	28	   Flash ROM read  error!!  
0x8121	28	    Program name exist!!    
0x813e	28	     Sample name exist!!    
0x815b	28	     No sample wave !!      
0x8178	28	Prog. directory full(24 max)
0x8195	28	Prog. directory full(24 max)
0x81b2	28	    Insufficient Memory !!  
0x81cf	28	     ChopShop sample !!     
0x81ec	28	     Can't execute          
0x8209	28	     No ATAPI device !!     
0x8226	28	  ATAPI medium error !!     
0x8243	28	  ATAPI medium change !!    
0x8260	28	  ATAPI medium set !!       
0x827d	28	       ATAPI reset !!       
0x829a	28	       SMF END              
0x82ba	4	C`"O
0x82e3	5	`,5(@
0x82f5	5	E,b,5
0x8301	5	`(@,5
0x830a	6	\0_`P$
0x831d	5	tSb<B
0x8327	11	tSb)B<E $S`
0x8342	5	l0@bA
0x8358	5	\0@bA
0x835e	4	,e(E
0x8367	5	E(B,5
0x837c	8	Sb<BS` $
0x8385	5	tSb)B
0x838f	5	t<EP$
0x839d	15	ErVL5gfrR'bh2R2
0x83bc	10	gfBR'bh2v2
0x83e2	10	gfBR'bh2v2
0x8401	7	/"OCmSn
0x842b	5	F(EQb
0x8451	4	/"O`
0x8456	4	Smcl
0x845c	5	"eCk5
0x8466	4	,b#<
0x848f	4	b\Bt
0x8497	4	b)Bv
0x84aa	5	lfl0z
0x84d4	4	c`&O
0x84e6	5	b`Rf?
0x84ed	5	pm@Rf
0x8516	4	bb("
0x8521	4	@"e^
0x852d	4	@be]
0x8532	4	mfb$
0x85bb	4	b("!
0x8679	5	f}gsd
0x867f	6	D6vC`m
0x8689	7	e Bmf#`
0x869b	4	f6u]
0x86a1	4	v#`T
0x86a6	4	q/}g
0x86be	6	(F-b,6
0x86e7	4	b("Q
0x8735	4	b("(
0x87c2	4	"&#d
0x87cb	7	rB&-bS2
0x881b	5	FmfW6
0x8875	7	+cb]B#e
0x891a	4	mfb2
0x8929	5	d$t"&
0x8950	4	m@rf
0x8959	4	f&6L
0x8982	4	Rbb2
0x899e	5	"fh>t
0x89a4	4	bb,=
0x89bd	4	dmff
0x89c4	9	\2".L2"'e
0x8a35	7	e"d]es5
0x8a45	5	BCm,=
0x8a6e	4	mfc`
0x8a7d	5	va/mf
0x8b93	4	/"O}
0x8ba8	5	/b("C
0x8bc9	4	b(",
0x8c4b	4	/"OO
0x8c52	6	SmCl!&
0x8c62	4	/b("
0x8cb0	4	Cg#l
0x8cce	4	pfl`
0x8ce8	7	MdC`]e,
0x8cf4	4	S`("
0x8d12	4	]eS`
0x8d34	4	SdS`
0x8d4c	4	Mdw4
0x8d64	6	]eMdC5
0x8d77	5	e]`s0
0x8dc0	4	"fj^
0x8dc8	5	ClmRN
0x8dcf	4	f"-N
0x8dd4	4	rb">
0x8de4	4	2eR2
0x8df6	4	reX>
0x8dfc	5	\<a/3
0x8e7b	4	/"O&
0x8e94	4	lf`0
0x8edc	6	"fjR("
0x8f27	4	b 0D
0x8f75	9	b*!.2(B<1
0x8fb9	7	b(B)A$B
0x8ffd	5	1$B#`
0x9017	4	b 0G
0x906b	5	b*!<1
0x9095	5	2#`)@
0x90af	7	b(B)A$B
0x9108	6	&/6/F/
0x9142	6	Sa+BC`
0x9151	5	u@b("
0x9164	4	h&cn
0x9175	11	/Dbsf#e`b 5
0x919c	6	,b(6c`
0x91a7	7	ncaSgCe
0x91b2	4	pb("
0x91d8	4	6/F/
0x91e3	5	#K#8#
0x9228	8	6/F/V/f/
0x923b	5	eB \&
0x928f	4	c...
0x9294	4	M25V
0x92a0	6	MPC25T
0x92a8	7	MPC2500
0x92bf	4	bSdm
0x92db	13	2a"A'qbMd-b@2
0x9302	4	,4Cg
0x9308	6	\2LdA"
0x9311	4	bl2U
0x9316	4	a"Cf
0x931b	7	b*v\2A"
0x9338	4	!'RV
0x933e	4	gfq`
0x9348	8	RR'bh2F2
0x938b	5	tr4-b
0x939f	4	pr/e
0x94a0	22	Flash ROM erasing    %
0x94b8	22	Flash ROM Writing    %
0x10000	47	MPC2500         Version=3.13   16-FEB-2015     
0x10030	32	                                
0x10111	13	uRVgfL6RR'bb2
0x101d7	4	/"O:
0x10294	4	Fb"&
0x10301	5	uRVgf
0x10307	7	vRR'bb2
0x10387	5	/"OSj
0x104c5	5	uRVgf
0x104cb	7	vRR'bb2
0x1050b	4	F(Fd
0x1058f	4	pa"!
0x105ab	4	@Ep&
0x105b5	4	H(H)
0x105df	4	"C`"
0x105ef	4	r(B'
0x105f4	4	RRf2
0x1060f	4	"C`"
0x10614	4	RRf2
0x10661	6	BCnvr#
0x10699	5	FUvc`
0x1071a	4	q"(F
0x1072d	4	@(ui
0x10733	4	rS`E
0x10759	4	ppu/
0x1077b	4	Cpt(
0x107e7	4	V$p!
0x1088f	6	B(B 9)
0x108bd	4	r`"Y
0x1096b	4	bc`<
0x10a11	6	rPt(Ba
0x10ae1	7	Drf2g(E
0x10ae9	4	B(D(
0x11010	6	2m.ncd
0x1101a	9	2s15vq100
0x11027	10	2004/12/12
0x11035	8	09:42:51
0x1146d	4	@n@K
0x11c8a	4	Cx@`
0x12440	4	H:@&
0x12b16	4	c @0
0x136ca	4	C8@`
0x13a05	4	>@-0
0x13df4	4	(>JO
0x140e8	4	`,((
0x14549	6	3qCxA0
0x146bd	5	P6FMp
0x154bc	4	1`LX
0x1553e	4	!B(P
0x157bf	5	@EB$0
0x15b07	5	@E@DP
0x15e3f	5	BBB@$
0x170ce	4	C`"O
0x170f6	4	L2&6
0x17610	6	3OCO"O
0x1767d	8	O&OGO7O+
0x176bc	8	1T<4B`0U
0x17949	4	@,01
0x179ea	6	"`*S)P
0x17a4e	6	b"%S`3
0x17ab0	4	#S0!
0x17af5	7	`&T'UM@
0x17b16	5	R#Z%W
0x17b1e	4	"`$Q
0x17b69	5	2&c"b
0x17bef	4	}2-4
0x17c13	5	`M@<0
0x17c37	5	`M@<0
0x17db1	4	pV04
0x17f4f	5	@WB&d
0x17f88	5	kqcgJ
0x17fc2	5	kqsfJ
0x17ffc	5	kqcgJ
0x180bc	4	&e&c
0x18524	4	"O#n
0x18602	4	<1<7
0x18644	5	BP^@H
0x1866a	4	Sg3b
0x186f8	4	SgCc
0x18883	15	/sh(Hsi)ICcl3l3
0x188af	7	CCcl3l3
0x188d2	34	t1t1t1t1t1t1t1t1t1t1t1t1t1t1t1t1$A
0x18910	4	Acc`
0x18969	7	"1fl4A#
0x18994	4	3fa"
0x189f1	5	M<:&O
0x18a06	8	rbre(5B5
0x18a1b	5	wrVL5
0x18a21	5	DL5gf
0x18a27	9	urR'bh2R2
0x18a4c	10	gfBR'bh2R2
0x18a5b	4	OCgy
0x18ae0	6	RbRf`2
0x18b0d	4	/"O 
0x18b9b	4	EX%&
0x18bbd	4	/"O"
0x18cd0	6	".#`&O
0x18ce6	5	SlCn$
0x18cef	4	b("#
0x18cf4	5	ofh& 
0x18d1a	5	S`S`?
0x18d3c	4	ofh&
0x18d79	4	/"O"
0x18e5f	5	blB,>
0x18e8b	5	eQb#7
0x18e92	4	#gCm
0x190e2	4	<?&O
0x19140	16	Sk EsjcnClSmCecd
0x19219	6	DHt(DN
0x19220	4	CfCa
0x19241	4	U"/[
0x19283	4	V"/M
0x1929a	4	'b'7
0x192cf	4	U"/8
0x19313	4	V"/)
0x19340	6	cdQb#4
0x193f5	4	vl2@
0x1940e	4	lB'4
0x19465	4	hObu
0x1946a	5	_e"$d
0x19474	5	of"%d
0x19498	5	Sh Es
0x1949e	13	cnCmSbSkCecdi
0x194ad	4	L#fh
0x19573	4	d=r6
0x195d6	4	,6R/
0x19605	5	eRb("
0x19631	4	R(",
0x196a0	4	l2'7
0x196f8	4	l0Kf
0x1977f	5	b r"/
0x1978b	4	b(r@
0x197ff	4	ra$-
0x1984f	4	pSiv
0x19877	4	f<5N
0x198c5	5	f8q2/
0x198e7	6	f\q2/n
0x1992f	7	e,>2/(F
0x19946	4	<?&O
0x19981	4	=>=T
0x19a0f	4	F$v^
0x19a56	4	 FCk
0x19aa8	4	"OH$
0x19b37	13	gAXonW7?iSbx2
0x19b4c	4	+j#j
0x19b56	4	kkck
0x19b7d	5	lof/n
0x19bcd	5	bh2#f
0x19be8	6	Sfs`se
0x19bfb	9	moi_eofg5
0x19c7f	7	hCaSdce
0x19c88	6	Odlfc4
0x19c92	5	<d_e@
0x19ca1	7	gCb|2c2
0x19cac	6	<gH7_e
0x19cc6	4	,6P&
0x19cd9	5	/Cacd
0x19ce0	6	_nlfc>
0x19cec	5	<nOd@
0x19cfd	5	b|2c2
0x19d50	4	Sace
0x19d57	5	alfc1
0x19d60	5	<a_e@
0x19d6f	7	gSb|2c2
0x19d7a	4	X7Sf
0x19d81	5	FATX6
0x19da0	4	@&\6
0x19db3	5	/Cacd
0x19dba	6	_mlfc=
0x19dc6	5	<mOd@
0x19dd5	7	gCb|2c2
0x19de0	4	H7Cf
0x19e2a	8	Ck_d,b#4
0x19e38	5	<dof@
0x19e52	6	Cm,lH<
0x19e59	5	b,=of
0x19e6a	4	cnh:
0x19e6f	5	b,>B/
0x19e75	4	gCea
0x19ec6	8	Cj_k,b#;
0x19ed4	5	<kom@
0x19ee5	5	l|<#<
0x19f1d	5	d_es`
0x19f83	6	S_m,b(
0x19f94	5	<mol@
0x19fb5	4	b,;(
0x19fbf	5	n<>g>
0x19fd0	4	/b,>
0x1a003	5	s?gs`
0x1a03c	8	Cj_l,b#<
0x1a04a	5	<lom@
0x1a05b	5	n|>#>
0x1a0cd	5	/"Ock
0x1a0d4	8	_eCjlfc5
0x1a0f1	7	gSb|2c2
0x1a0fc	4	,gX7
0x1a13f	5	/_mCa
0x1a169	5	mlfc=
0x1a195	5	b|2W2
0x1a1bf	5	w_eX%
0x1a1e0	4	_nCa
0x1a207	5	n|gs>
0x1a210	5	<n_e@
0x1a22d	11	=_eOdSbL2g2
0x1a23c	4	X4Sb
0x1a26d	5	va/p%
0x1a273	5	uofh&
0x1a27b	5	5OdH$
0x1a296	8	sm_g<c37
0x1a2a2	5	<goe@
0x1a2b2	6	lf,b/k
0x1a2ce	6	|2<c72
0x1a2d6	8	cg_eARSd
0x1a2e9	5	g|4,4
0x1a2ff	7	ul``/}@
0x1a309	5	$l`]@
0x1a315	5	ul`]@
0x1a380	6	CnSdce
0x1a388	6	Odlfc4
0x1a394	5	<d_e@
0x1a3a1	7	bOd,b/a
0x1a3a9	5	b,jCb
0x1a3c5	5	G<BX7
0x1a3d3	5	GOdL7
0x1a3d9	4	6,7a
0x1a402	14	OdH6kb-E\nOdH$
0x1a415	7	`Oe[fl@
0x1a44e	8	Cn_d|gs4
0x1a45a	5	<doe@
0x1a46a	6	lf,b/j
0x1a471	5	bOd,k
0x1a483	5	BL2w2
0x1a48a	4	cd_e
0x1a49b	7	GOdL7,7
0x1a4b3	7	t`/l`pe
0x1a4c3	7	wl`pbM@
0x1a4d3	7	tpbl`M@
0x1a4dd	5	"l` '
0x1a4ed	5	%l`P'
0x1a501	5	wl`pe
0x1a50f	5	wl`pe
0x1a519	5	%c`P'
0x1a552	8	Cl_d<c34
0x1a560	5	<doe@
0x1a57b	8	BOdL2l2"
0x1a5b0	10	Cl_dsn<c34
0x1a5c0	5	<doe@
0x1a5db	7	BOdL2l2
0x1a605	11	/"OSnoeAVSb
0x1a61d	4	2l2"
0x1a624	4	~e&O
0x1a640	4	Cm_k
0x1a67c	8	}4!F!Fcb
0x1a687	5	",6cb
0x1a68d	5	F,6sb
0x1a695	13	Fh2!G0r!G .sb
0x1a6f8	4	Cm_k
0x1a718	4	gfff
0x1a742	8	}4!F!Fcb
0x1a74d	5	",6cb
0x1a753	5	F,6sb
0x1a75b	13	Fh2!G0r!G .sb
0x1a7c1	5	GsmCl
0x1a825	7	5!F!Fc`
0x1a83d	7	Fh2!M!M
0x1a892	11	Cm_dofx'sna
0x1a8ff	8	GofsnCma
0x1a94a	4	x'_e
0x1a972	6	x'Cn_d
0x1a980	4	2/Oe
0x1a9c8	5	gfffd
0x1a9e5	6	rsdlf"
0x1a9ec	4	c`}@
0x1a9f9	5	^c`M@
0x1aa0b	5	^c`M@
0x1aa83	5	gx'_e
0x1aa99	5	gx'_e
0x1aad7	7	;!G2/!G
0x1aafe	4	q/_e
0x1ab13	5	/!Fc`
0x1ab71	11	:!Gcn!G2/s`
0x1ab81	5	doh_e
0x1ab9a	4	q/_e
0x1abaf	5	/!Fc`
0x1abf6	8	snCjSl'7
0x1ac00	5	ck#nG
0x1ac15	7	1!F!Fc`
0x1ac2b	7	F!E!ES`
0x1ac37	7	5]1h>0~
0x1ac42	10	]1!F$'!Fc`
0x1ac55	5	F,6Sb
0x1ac5d	9	Fh2!E!ES`
0x1ac7e	8	]1!F!Fc`
0x1ac8f	5	F,6Sb
0x1ac97	9	Fh2!E!ES`
0x1aca5	5	50r '
0x1acf7	7	Zof74_e
0x1ad24	4	gfff
0x1ad3b	5	t2/Cg
0x1adb5	5	sSl76
0x1ade5	5	v2/cg
0x1ae60	10	ofx'CkSn_e
0x1aea7	5	G2/s`
0x1af03	7	GCjSm_e
0x1afa0	10	_mx'ofslCk
0x1b052	4	_esk
0x1b058	4	Cj75
0x1b067	5	r/fcb
0x1b06d	5	Bl2/l
0x1b0c5	4	d1/1
0x1b0fd	4	d1/1
0x1b13b	4	d1/'
0x1b15d	4	U1/'
0x1b171	4	U1/4
0x1b185	4	d1/'
0x1b1a7	4	U1/'
0x1b1bb	4	U1/4
0x1b1cf	4	e1/'
0x1b1f7	4	U1/'
0x1b21d	4	U1/'
0x1b243	4	d1/'
0x1b271	4	d1/'
0x1b29f	4	d1/%
0x1b2b3	4	d1/'
0x1b2e1	4	d1/'
0x1b30f	4	d1/%
0x1b359	4	d1/4
0x1b3de	4	_esk
0x1b3e4	4	Cj75
0x1b3f3	5	r/fcb
0x1b3f9	5	Bl2/l
0x1b451	4	d1/3
0x1b48b	4	d1/3
0x1b4cd	4	d1/'
0x1b4f1	4	U1/'
0x1b505	4	U1/5
0x1b519	4	d1/'
0x1b53d	4	U1/'
0x1b551	4	U1/5
0x1b565	4	e1/'
0x1b591	4	U1/'
0x1b5b7	4	U1/'
0x1b5dd	4	d1/'
0x1b60d	4	d1/'
0x1b63d	4	d1/6
0x1b651	4	d1/'
0x1b681	4	d1/'
0x1b6b1	4	d1/%
0x1b6fd	4	d1/5
0x1b788	8	smCkSncl
0x1b7c2	6	_nslof
0x1b7ce	4	b//e
0x1b808	6	_nslof
0x1b814	4	b//e
0x1b858	4	|nSm
0x1b865	9	sof2/_ecj
0x1b8f0	4	|nSm
0x1b8fd	10	sof2/_ecju
0x1b935	4	<(7k
0x1b988	4	|nSm
0x1b995	10	sof2/_ecjT
0x1b9cd	4	<(7H
0x1ba16	4	ofSn
0x1ba1b	9	\_eb/|gCm
0x1ba29	4	b6r3
0x1ba5c	7	Smsn_e'
0x1ba65	8	[ofR/Cla
0x1bab7	5	G_eof
0x1babe	4	+C,7
0x1bb18	4	_eof
0x1bb1e	4	+C,7
0x1c0d1	5	~a/of
0x1c14f	4	n25D
0x1c180	5	Sk1/D
0x1c3e2	5	PbCmQ
0x1c4c8	6	Sjb/Ck
0x1c4f3	4	L,b#
0x1c505	5	`,b,1
0x1c539	4	dx'R
0x1c609	5	nClof
0x1c649	6	p2//eJ
0x1c6c0	6	cn<c35
0x1c6e5	6	B\2l2(
0x1c6f3	4	`<@&
0x1c71b	7	/"Osm)G
0x1c723	7	Gcl|gSn
0x1c7a0	10	sn(Cof27_m
0x1c844	6	_mofsl
0x1c84f	6	r27sna
0x1c871	4	e2/r
0x1c895	4	G2/i
0x1c8b9	4	V2/`
0x1c8cb	4	V2/\
0x1c8ee	8	snClSma/
0x1c906	6	Of<c36
0x1c917	5	C@s35
0x1c921	5	E@u_e
0x1c933	7	BOdL2l2
0x1c96c	8	snClSma/
0x1c980	6	Of<c36
0x1c991	5	C@s35
0x1c99b	5	E@u_e
0x1c9ad	7	BOdL2l2
0x1c9e2	8	Cm_d<c34
0x1c9f5	7	Coe@s35
0x1ca01	5	E@u_e
0x1ca13	7	BOdL2l2
0x1ca80	8	snCmSla/
0x1ca98	6	Of<c36
0x1caa9	5	C@s35
0x1cab3	5	E@u_e
0x1cac5	7	BOdL2l2
0x1cae9	7	lCaSdce
0x1caf2	6	Odlfc4
0x1cafc	4	<dOd
0x1cb01	7	gCb|2c2
0x1cb0c	6	<gH7_e
0x1cb26	4	,6P&
0x1cba6	8	Cm_d<c34
0x1cbb9	7	Coe@s35
0x1cbc5	5	E@u_e
0x1cbd7	7	BOdL2l2
0x1cc00	10	Cl_dsn<c34
0x1cc15	7	Coe@s35
0x1cc21	5	E@u_e
0x1cc33	7	BOdL2l2
0x1cc61	4	/^fa
0x1cc78	4	nfcl
0x1ccb5	6	vCe,bb
0x1ccbc	4	#`M@
0x1ccc7	7	W#`]@sf
0x1ccd9	7	W#`]@sf
0x1cd0f	4	s87r
0x1cd1d	11	/"OSnoeAVSb
0x1cd35	4	2l2"
0x1cd3c	4	~e&O
0x1cd57	7	GsmCl_j
0x1cd78	4	W=0.
0x1cd91	7	4!F!Fc`
0x1cda9	7	Fh2!M!M
0x1ce05	7	GsmCl_j
0x1ce26	4	W=0.
0x1ce3f	7	4!F!Fc`
0x1ce57	7	Fh2!M!M
0x1ceb5	7	GsmCk_j
0x1ced6	4	'=0.
0x1cef9	5	B1//g
0x1cf0d	7	5!F!Fc`
0x1cf25	7	Fh2!M!M
0x1cf70	7	gfff25D
0x1d021	8	GofsnCma
0x1d09d	6	vCe,bb
0x1d0a4	4	#`M@
0x1d0af	7	W#`]@sf
0x1d0c1	7	W#`]@sf
0x1d107	6	Cks87r
0x1d11e	8	Cm_d<c34
0x1d131	7	Coe@s35
0x1d13d	5	E@u_e
0x1d14f	7	BOdL2l2
0x1d181	7	GsmCl_j
0x1d1a4	4	W=0.
0x1d1bd	7	4!F!Fc`
0x1d1d5	7	Fh2!M!M
0x1d22c	6	gfff .
0x1d263	7	uCn^fcl
0x1d283	6	rCelf"
0x1d28a	4	c`M@
0x1d295	7	Wc`]@sb
0x1d2a7	7	Wc`]@sb
0x1d2fd	6	Cjs87r
0x1d314	8	Cm_d<c34
0x1d327	7	Coe@s35
0x1d333	5	E@u_e
0x1d345	7	BOdL2l2
0x1d377	7	GsmCl_j
0x1d39a	4	W=0.
0x1d3b3	7	4!F!Fc`
0x1d3cb	7	Fh2!M!M
0x1d449	6	vCe,bb
0x1d450	4	#`M@
0x1d45b	7	W#`]@sf
0x1d46d	7	W#`]@sf
0x1d4b5	4	s87r
0x1d4ca	8	Cm_d<c34
0x1d4dd	7	Coe@s35
0x1d4e9	5	E@u_e
0x1d4fb	7	BOdL2l2
0x1d514	4	gfff
0x1d543	7	GsmCl_j
0x1d566	4	W=0.
0x1d57f	7	4!F!Fc`
0x1d597	7	Fh2!M!M
0x1d5f3	7	GsmCl_j
0x1d616	4	W=0.
0x1d62f	7	4!F!Fc`
0x1d647	7	Fh2!M!M
0x1d6a7	9	GsmCkSj_l
0x1d6cc	4	'=0.
0x1d6f1	7	Bl21//g
0x1d707	7	5!F!Fc`
0x1d71f	7	Fh2!M!M
0x1d750	6	!F!Fcb
0x1d786	11	Cm_dofx'sna
0x1d7f4	5	gfffd
0x1d81e	4	,7tb
0x1d8ba	4	BVcb
0x1d8c2	4	P&BR
0x1d8d3	6	C's85R
0x1d8ea	8	Cm_d<c34
0x1d8fd	7	Coe@s35
0x1d909	5	E@u_e
0x1d91b	7	BOdL2l2
0x1d941	4	/"OC
0x1d946	8	smCkSncl
0x1d981	7	GsmCl_j
0x1d9a4	4	W=0.
0x1d9bd	7	4!F!Fc`
0x1d9d5	7	Fh2!M!M
0x1da33	7	GsmCj_l
0x1da60	4	gfff
0x1da6c	4	g=0.
0x1da91	5	Bl21/
0x1daa9	7	5!F!Fc`
0x1dac1	7	Fh2!M!M
0x1db11	4	/^fa
0x1db1b	5	vnfcl
0x1db23	4	Lh<y
0x1db3d	4	el`"
0x1db49	9	uBWl`]@sb
0x1db5b	9	uBWl`]@sb
0x1db6b	5	'l`BW
0x1db7d	5	'l`BW
0x1db8f	5	'l`BW
0x1dba1	5	'l`BW
0x1dbb1	5	'c`BW
0x1dbd3	4	s87r
0x1dbec	8	snClSma/
0x1dc00	6	Of<c36
0x1dc11	5	C@s35
0x1dc1b	5	E@u_e
0x1dc2d	7	BOdL2l2
0x1dc63	7	GsmCl_j
0x1dc86	4	W=0.
0x1dc8d	4	~Sm"
0x1dca1	7	4!F!Fc`
0x1dcb9	7	Fh2!M!M
0x1dd08	6	gfff\/
0x1dd42	4	Snoj
0x1dde6	4	Skof
0x1ddeb	5	d_eci
0x1ddf9	5	b)r/e
0x1de09	5	b8r/e
0x1de92	4	K{(<
0x1ded0	6	!G!Gs`
0x1df0b	4	QsjY
0x1df12	5	onSm0
0x1df6b	4	b>rM
0x1dfaf	4	C3}0
0x1dfbb	4	d<g.
0x1dfe8	7	_msnof!
0x1e09c	5	gfff|
0x1e0bf	11	gCn_ex'ofR/
0x1e0d9	4	C!,!
0x1e135	7	/obSl#e
0x1e141	7	EAV(5sk
0x1e15d	5	d/l\4
0x1e183	5	vofh&
0x1e1aa	5	c`ofQ
0x1e1b0	4	AUcb
0x1e1db	6	c<2\2$
0x1e1f0	7	sb<c<2'
0x1e1f8	4	/as`
0x1e22f	5	r/b("
0x1e25a	4	37_e
0x1e260	5	of0wD
0x1e266	4	+C~g
0x1e26e	4	+C~g
0x1e273	5	gx'_d
0x1e286	5	+C/e:
0x1e292	4	+C#d
0x1e29a	4	x'_e
0x1e2c6	6	Slcnsm
0x1e3a9	5	/"Osn
0x1e3cf	5	C,7&O
0x1e41b	7	/"O_jcm
0x1e486	4	Slcn
0x1e4dc	4	<Gs`
0x1e4fd	4	b%ru
0x1e503	4	f/eq
0x1e51f	5	|<Fc`
0x1e535	4	/(=h
0x1e53e	4	<Gs`
0x1e558	4	<Fc`
0x1e596	4	Slcn
0x1e5a9	4	F(@A
0x1e5dc	4	<Gs`
0x1e60f	4	b0r6
0x1e62c	4	<ES`
0x1e643	6	/_e(=$
0x1e650	4	<Gs`
0x1e66c	4	<DC`
0x1e6b9	4	D,G$
0x1e6e3	4	Q<:D
0x1e704	6	!GSmcn
0x1e749	5	f<Gs`
0x1e78c	4	<Fc`
0x1e7aa	4	<Gs`
0x1e7de	6	!GSlcm
0x1e7f3	4	F(@v
0x1e834	4	<Gs`
0x1e869	5	|<Fc`
0x1e87f	4	/(>]
0x1e888	4	<Gs`
0x1e8a4	4	<Fc`
0x1e8e5	7	NSk_eof
0x1e8ef	4	M2>Q
0x1e913	4	d2/?
0x1e935	4	G2/6
0x1e95b	4	V2/-
0x1e96f	4	V2/(
0x1e9d5	4	D,G$
0x1ea8f	5	~a/of
0x1eaf6	4	+Cof
0x1eb02	4	+Cof
0x1eb0e	4	+Cof
0x1eb2c	5	+Cof~
0x1eb38	5	+Cof{
0x1eb44	4	+Cof
0x1eb63	5	{Smcl
0x1eba3	4	s00%
0x1ebac	7	_e1/ofh
0x1ebc0	7	_e1/ofc
0x1ebd4	7	_e1/of^
0x1ebe8	7	_e1/ofY
0x1ec0d	6	g1/_eP
0x1ec27	4	G(7K
0x1ec2d	6	G_eof@
0x1ec34	4	+C,7
0x1ec3f	4	/"Oj
0x1ec44	5	<?SnD
0x1ec4e	8	<`Ckcmsl
0x1ec74	6	<c<?&O
0x1ecb7	6	F,b,6)
0x1ece6	5	 p *$
0x1ecfb	8	@,b pc2T
0x1ed0e	5	 p *$
0x1edb0	4	+$Cb
0x1ee9f	4	@~p%
0x1ef03	4	@`"w
0x1ef11	4	@rp%
0x1ef73	5	uTfsb
0x1efad	4	J#dT
0x1efb7	4	M#dX
0x1f001	4	bl2P
0x1f19e	4	mb#`
0x1f2a8	4	At#e
0x1f2b8	4	At#e
0x1f2c5	4	dcbd
0x1f34f	4	HSfI
0x1f38d	6	@,<<p)
0x1f39f	4	blB,
0x1f3a7	5	b(B,<
0x1f4c9	4	b#`J
0x1f523	4	Hsfz
0x1f545	8	dlb(B+')
0x1f555	10	r,0sb)B/b,
0x1f560	4	lb(B
0x1f56c	4	|e,G
0x1f571	4	Hsff
0x1f5fd	11	v@"Sbl2rf 6
0x1f645	6	NE2Cb=
0x1f657	6	Bl2)B'
0x1f6af	4	SR/a
0x1f6ee	4	r/se
0x1f7ae	4	c`l2
0x1f860	4	ofcb
0x1f865	7	vofL2S6
0x1f890	6	ofs`cb
0x1f89d	5	2C6p"
0x1f8b1	5	Fl2q"
0x1f8ba	6	_eC5l2
0x1f8f7	5	brfh2
0x1f918	4	]eS`
0x1f936	4	MdC`
0x1f96a	4	Z"-j
0x1f97c	5	-gx**
0x1f9cf	4	pJvV
0x1f9d9	5	t-bMd
0x1fa0e	4	"brf
0x1fa13	4	B 6-
0x1fa8c	6	S`)@\d
0x1fa9f	4	@ 5m
0x1fab5	7	b`r|2A"
0x1fac9	6	b rs`-
0x1fad0	4	Odcb
0x1fad5	7	Bl2Ca/b
0x1fae6	6	<r]A/b
0x1fb01	4	b@r-
0x1fb4b	5	r|2@"
0x1fb58	4	|2Od
0x1fb64	4	lfl=
0x1fb69	6	ML=\=l
0x1fb81	5	bl2|2
0x1fb9c	5	,b 5R
0x1fbb2	4	<c,4
0x1fbce	4	Odcb
0x1fbd3	8	Bl2Ca/bL
0x1fbe4	6	<r]A/b
0x1fbff	4	b@r-
0x1fc5b	4	bC`,
0x1fc6c	5	_es`\
0x1fc77	5	u_eC5
0x1fc92	4	ofcb
0x1fc97	7	vofL2s6
0x1fcfa	6	+B&O&O
0x1fd81	5	/"OSl
0x1fdaa	6	`b,`\@
0x1fdb9	5	r(BLd
0x1fdc5	9	F(F`b,`!@
0x1fdd5	5	B(B\e
0x1fde0	5	R/P/n
0x1fde9	7	frec`X0
0x1fdf7	4	b &k
0x1fe0a	6	Sbcb"!
0x1fe16	5	R/P/d
0x1fe1f	7	frec`X0
0x1fe2d	4	b &`
0x1fe40	6	Sbcb"!
0x1fe58	4	\nCm
0x1fe5d	6	.llskV
0x1feee	4	<c0<
0x1ff28	7	Cn\dH$1
0x1ff36	4	|b34
0x1ff3c	7	"/l4Le-
0x1ff57	6	tl4Le1
0x1ff71	6	tl4Le2
0x1ff85	6	tl4LeC
0x1ffbc	4	\b("
0x20018	4	\fb/
0x20040	5	\fb/!
0x20058	4	\fb/
0x200d7	4	gb/q
0x20109	4	gb/q
0x20127	4	gb/q
0x20251	5	b\f"/
0x20263	5	b\f"/
0x20275	5	b\f"/
0x20287	5	b\f"/
0x202a4	7	<4P'S`q
0x202c0	5	_fs`l
0x202f0	5	_fs`l
0x2030b	5	ECalf
0x20315	5	~!N!N
0x2034f	5	4@bwm
0x20357	5	"<1 $
0x2036f	5	ECnlf
0x20379	5	r!B!B
0x203a3	9	s<5,5PfK&
0x203b7	14	s<5,5PfGgy&`%H
0x203ed	6	sP&S`a
0x20402	5	_fs`l
0x20426	4	,b("
0x20493	5	s<6cg
0x2049c	5	Oes`\
0x204a3	4	`'f\
0x204a8	5	O`i"$
0x204bd	5	C<6cd
0x204c6	5	_fC`l
0x2051a	4	cbX2
0x2051f	9	e~~b$,5R+
0x2052f	4	2"+X
0x20589	4	@4pM
0x20595	4	@HpM
0x205c9	4	@JpM
0x20632	4	ab("
0x207b4	7	|gCas`L
0x207c5	4	es`T
0x207cb	4	ws`L
0x207d1	10	wj%s`\e 5Q
0x207e4	4	,b 5
0x207f8	4	j"#`
0x2080d	4	DC`.
0x2084f	4	DC`.
0x20923	4	@TpV
0x20953	6	@(T`p~
0x2095b	4	pGd~
0x20963	4	2,5V
0x20993	4	@Xp~
0x2099d	4	2c`&
0x209cf	4	@Tp~
0x20a05	6	@(Tlp~
0x20a0d	4	pGd~
0x20a15	4	2,6f
0x20a33	4	2c`&
0x20a43	4	@hp~
0x20a91	5	e(p $
0x20a98	6	i%P/("
0x20aa3	4	e 5I
0x20aab	5	fpb,b
0x20ab1	5	Bl2 '
0x20ac6	4	Rfh0
0x20ad8	8	lfpb,``0
0x20b0a	4	 - 5
0x20b14	4	 -pb
0x20b4b	4	/"O3
0x20bd9	6	Fvvc`M
0x20be3	4	bc`%
0x20be9	6	vcbc`M
0x20c69	5	BCmtr
0x20c83	4	r#`u
0x20d2e	4	Ce<6
0x20d35	5	5bb("
0x20d3e	6	c`,6R6
0x20d5a	4	Cg<6
0x20d61	5	7bb("
0x20d6c	6	\e,bP2
0x20d74	6	bb,6r6
0x20d91	4	/"Od
0x20d96	6	CmSl<=
0x20dff	4	/"OK
0x20e17	4	/"OK
0x20e3e	4	_eom
0x20ea3	4	dRfU
0x20ede	4	_eon
0x20f0b	6	C s60"
0x20fb3	5	R\7b'
0x20fc3	4	V p"
0x20fea	6	_lChoj
0x21017	4	w|6@
0x21079	6	`QRb+!
0x21080	5	RVSRb
0x210df	4	b#6,
0x2119c	4	Sn"-
0x21212	4	Snb-
0x212e6	4	\6b/
0x2130d	4	/"Od
0x2135f	5	/"OSm
0x21383	4	/"O.
0x213f1	5	r,4Sn
0x21401	6	B\>L2#
0x2140d	5	NL>h&
0x2142f	4	@pp}
0x2147d	6	B\2#fd
0x214a3	6	B\2#f2
0x214c9	4	B\2&
0x214ed	4	B\2t
0x2154f	4	r,5L
0x21559	9	D,7cbl4r/
0x215c8	5	sf0v$
0x215fc	6	CfSd<6
0x21604	7	ceOdceH
0x2160c	8	bb,6Rb("
0x21626	4	om_n
0x21680	4	RbC2
0x216b9	4	/"Od
0x21739	4	@npk
0x217c7	4	@np$
0x2182b	6	A,4l1/
0x21837	5	AprL1
0x2183d	5	d,4cb
0x2185f	5	r,7sd
0x218ca	4	Sd"'
0x219cc	4	Sdb'
0x21a31	5	2pbCn
0x21a7b	4	V"$a
0x21a93	4	Rb$!
0x21ab5	10	bX2Rf"%\6f
0x21adb	4	mpB<
0x21aff	4	Wcl8
0x21b4d	5	@b/pp
0x21b77	4	bP2%
0x21bdc	4	ce"&
0x21c15	4	.ppM
0x21c87	4	r,4A
0x21ce4	5	Sg"%-
0x21cec	4	h7r&
0x21d12	5	"f,6<
0x21d78	4	SbH2
0x21d7e	6	"$fb"%
0x21dbe	4	_eSb
0x21dc9	4	BL2#
0x21dd5	5	u_es5
0x21e0f	5	b vl2
0x21e15	5	f\6b2
0x21e57	4	@pp-
0x21e67	4	B|2,
0x21e73	4	D,4U
0x21ed5	4	/"O.
0x21ee1	6	pcmSk5
0x21efc	4	ce"&
0x21f17	4	Rb.!
0x21f35	5	r"&&O
0x21fb3	4	hpB<
0x21fe6	14	Le<DCf+G#d"OH$
0x22029	5	udb %
0x2202f	5	udb %
0x22035	5	udb %
0x2203b	5	udb %
0x22041	5	udb %
0x22047	5	udb %
0x2204d	5	udb %
0x22053	5	udb %
0x22059	5	u`b %
0x2206d	7	/"O_bCl
0x22185	4	@Cn%
0x221a5	5	Bcd&O
0x221b7	4	RS`H
0x223dd	4	R("$
0x224b1	4	R("=
0x2253d	4	Bl2!
0x226ed	4	Ws`P
0x226f9	4	UlB%
0x22731	4	gs`P
0x227a9	4	Vl`J
0x228d7	4	Vl`J
0x22929	4	Ws`I
0x22985	4	bLrg
0x229b3	4	B_eJ
0x22a5d	5	W`bs`
0x22a79	5	r\eW2
0x22b44	4	be&5
0x22b58	4	,b&5
0x22b75	4	W|`J
0x22b80	4	"&s`
0x22b9e	5	rfh0K
0x22ba5	4	Ff0$
0x22bb2	5	rfh0K
0x22d20	4	lf`0
0x22d54	4	lf`0
0x22d60	4	lf`0
0x22d6c	4	lf`0
0x22d78	4	lf`0
0x22dac	4	lf`0
0x22db8	4	lf`0
0x22dc4	4	lf`0
0x22de0	5	lf`0!
0x22fd9	4	t@0k
0x22fe3	4	t@0S
0x22ffb	7	wce#fsb
0x23010	4	!/_e
0x23020	6	ce#fsb
0x23034	4	!/_e
0x23045	7	wce#fsb
0x2305a	5	!/_e{
0x2306b	7	wce#fsb
0x23080	5	!/_eq
0x23091	7	wce#fsb
0x230a6	5	!/_eh
0x230b7	7	wce#fsb
0x230cc	5	!/_e^
0x230dd	7	wce#fsb
0x230f2	5	!/_eU
0x23103	7	wce#fsb
0x23118	5	!/_eK
0x232b1	4	Blf$
0x232bf	4	Blf 
0x23311	4	/"O,
0x23324	4	Rb("
0x23373	4	Ecdg
0x23397	4	C\eQ
0x233ac	5	lf`2 
0x233b4	4	lf`2
0x233bc	4	lf`2
0x233c4	5	lf`2M
0x23433	4	Ecdg
0x23463	4	C\e+
0x23477	4	Bcd 
0x234a6	4	BR("
0x23547	5	/"OCn
0x235bb	4	Ws`^
0x23700	4	of#6
0x2375e	4	o`#0
0x237c6	5	!eS`l
0x237e9	4	rS`$
0x23817	5	fo`W0
0x2384f	5	vofs6
0x23887	4	uc`\
0x23896	4	ofC6
0x238cf	4	va%0
0x2391d	4	va%b
0x23934	5	!dC`T
0x2394e	5	 uC`T
0x239b7	4	B|g<
0x239e1	4	B_e<
0x239ff	4	@vpm
0x23a2b	4	BofB
0x23a4b	4	BofB
0x23a6b	4	BofB
0x23a8b	4	BofB
0x23aa7	4	BofB
0x23abb	4	BofB
0x23acd	4	BofB
0x23ae5	4	Bof<
0x23b01	4	Bof\
0x23bc2	4	ab("
0x23bdc	4	Qfh&
0x23c0e	4	Qbc2
0x23c17	5	r!%/b
0x23c27	7	fce,5C5
0x23c31	7	voea.,5
0x23cb3	4	C"&"
0x23cda	4	a.a%
0x23cdf	6	Tofc`L
0x23cee	4	ofs6
0x23d01	5	fo`s0
0x23d81	5	}a/of
0x23e0c	4	bb =
0x23e1b	4	Bsd]
0x23e27	4	BsdU
0x23e67	5	~a/of
0x23ec5	5	nSl1/
0x23edb	5	~a/of
0x23fbd	4	p\lm
0x24068	4	,b,>
0x24083	4	/len
0x240b4	4	,b,>
0x2412f	4	b,>}
0x2415d	4	b,>f
0x2418b	4	b,>O
0x241a0	4	#g\e
0x241b7	4	b,>9
0x241c6	5	\eX%1
0x241e2	4	leS`
0x241f6	6	\e\>L>
0x2420a	8	\e\>L> v
0x2421c	4	\e\>
0x24222	4	L>@v
0x2422c	5	\6`.,
0x2424e	8	Cn<c\l<>
0x2427f	4	2 ` 
0x242a5	4	2 `@
0x242bc	4	!p0/
0x242e2	4	1p0/
0x24313	6	psmll-
0x24385	5	/ r,e
0x24399	5	/0r,e
0x243b7	4	g rA
0x243cd	5	/0r,e
0x24419	6	f0r,eG
0x24433	6	f r,e@
0x2444f	4	r,e:
0x244ab	4	plm-
0x244f3	5	g\eB/
0x24516	4	 r,e
0x24528	4	0r,e
0x24552	6	 rB/,e
0x24566	4	0r,e
0x24583	5	g\eB/
0x245ac	4	0r,e
0x245c4	4	 r,e
0x2465b	5	fB/se
0x24685	4	BseJ
0x24693	5	fB/se
0x246a5	4	Bsd:
0x246b3	5	fB/se
0x246c5	4	Bsd*
0x246d5	4	Bse"
0x24749	5	BCg#`
0x24760	4	#`Br
0x24772	4	#`Zr
0x24799	5	vCnX~
0x247a3	5	"sb\2
0x247b0	4	R/C`
0x247c8	9	Cn\m,b =i
0x2482c	4	,b#f
0x24831	4	vL2d
0x2484f	4	Bsep
0x2487a	4	lf`=
0x248a4	5	,eS`@
0x248bb	6	vApL5d
0x248e1	5	B\2`2
0x248fb	4	@,6]
0x2490d	4	r 6l
0x24917	4	r 6`
0x24921	4	r 6T
0x2492b	4	r 6H
0x24935	4	r 6<
0x2493d	6	BDr 6b
0x24957	4	bmBD
0x249bb	4	B\e$
0x24a47	8	@Cm]pCnL
0x24a52	10	Hv,b#`]B,k
0x24a6d	6	@"&ZpL
0x24a81	9	fXvl5@%,>
0x24aab	5	@".]p
0x24ac8	5	,bL5Y
0x24afd	4	@]pl
0x24b0b	4	@Pp^
0x24b2f	4	@]pL
0x24b36	12	HtlfCec`-Fld
0x24b52	4	i"sf
0x24b57	6	@"%]p|
0x24b62	4	,bl2
0x24b81	7	B,7L7rb
0x24b91	4	@]p|
0x24b9a	4	,ecb
0x24bab	8	F,5|6R&~
0x24bf9	4	k=K 
0x24c61	4	pSd.
0x24c73	6	@pplg-
0x24c8f	4	vc`$
0x24c97	4	r#`D
0x24c9f	5	rLd#4
0x24cac	4	,b#>
0x24cda	4	lf`0
0x24ce6	4	lf`0
0x24cf2	4	lf`0
0x24cfe	4	lf`0
0x24d0a	4	lf`0
0x24d16	5	lf`0t
0x24d1e	5	lf`0Z
0x24d26	5	lf`0P
0x24d2e	4	lf`0
0x24dbf	4	Bsd^
0x24e2d	4	GlfG
0x24e6f	5	w|bg2
0x24e80	4	\V 6
0x24eac	7	|gcdnpu
0x24ee6	5	\V 6H
0x24f9a	5	lfc`@
0x25004	5	,fc`{
0x25031	4	B|gf
0x2506a	4	\elf
0x2506f	4	B|gG
0x25097	4	B\e3
0x250b8	4	\elf
0x250bd	4	B|g 
0x25129	5	G[ws`
0x25133	5	rlf 6
0x2515b	4	fs`d
0x25174	4	-b("
0x25184	5	lf`2#
0x2518c	4	lf`2
0x25194	4	lf`2
0x2519c	4	lf`2
0x251a4	4	lf`2
0x251ac	4	lf`2
0x251b4	5	lf`2}
0x251d7	4	@_pl
0x2522a	5	lf`>5
0x25232	5	lf`>+
0x2523a	4	lf`>
0x25242	4	lf`>
0x2524a	5	lf`>2
0x25257	5	e[wsb
0x2525f	4	rs`d
0x252a3	5	e_vcb
0x252cc	6	HtBb("
0x252d4	4	AR("
0x252da	4	BR("
0x252e0	4	CR("
0x25300	8	Xt\b,4@b
0x25327	4	EC`^
0x2532f	4	&!/@
0x25364	4	|B(%
0x2536c	4	=N|>
0x25397	7	Gl7reOd
0x253a0	4	LB(%
0x2541f	5	fLd@6
0x2542e	4	#`pf
0x25436	7	\e`/pc!
0x25459	4	` $@
0x2546d	4	`,6 
0x2552b	9	BCk rCl"$
0x25651	5	tSgCa
0x2565a	4	pb("
0x25660	4	tecb
0x25693	4	bC`.
0x256bf	5	vcdOd
0x256ca	4	Ob0w
0x256cf	4	B#`~
0x256f2	8	y$y&h4S4
0x25705	5	BS`&O
0x2572d	5	vcdOd
0x25738	6	Od0wCb
0x2573f	4	Bs`.
0x25757	5	A+Bc`
0x2577b	5	vcdOd
0x25786	4	Ob0w
0x2578b	4	Bs`.
0x257d4	6	y%y&h5
0x25819	5	fcdOb
0x25823	4	Bs`.
0x2584b	5	vcdOd
0x25856	4	Ob0w
0x2585b	4	Bs`.
0x2587c	4	HPCh
0x258c2	5	x6e9e
0x258f1	4	B(6g
0x25922	4	<Fc`
0x2599b	4	B(6g
0x259d7	7	u(G_b0t
0x259e1	5	Bl7L2
0x25a17	4	bC`.
0x25a41	5	e0ucb
0x25a49	4	vS`.
0x25a4f	5	F\6B&
0x25a69	5	b"e\0
0x25a8a	6	_e+Bof
0x25ad0	4	Sncm
0x25ad5	9	g2/_eofCl
0x25b26	4	Sncm
0x25b2b	9	g2/_eofCl
0x25b67	6	jHW_e)
0x25b70	9	+BofHW_e 
0x25b92	6	2/_eof
0x25bc3	4	hCjA
0x25bdd	4	LCn#
0x25c53	5	wsbl2
0x25c59	5	"Cbl2
0x25c78	4	pb("
0x25c7e	4	tecb
0x25caa	4	_e("
0x25cb0	4	ofCg
0x25cda	4	Sncm
0x25cdf	9	g2/_eofCl
0x25d85	4	@l2g
0x25db9	4	@Cn.
0x25ddd	4	gC`|
0x25dfd	4	@tpm
0x25e11	4	dtpm
0x25e33	5	@\eln
0x25e69	4	EL1H
0x25e85	7	CB/\ecb
0x25e96	4	\6\2
0x26063	4	`0c4
0x260d8	4	<Fc`
0x261f1	4	VSn"
0x262b9	4	Fl4#
0x263af	4	Fl>#
0x263bb	4	el5)
0x263f9	4	s<<l
0x264bb	4	Fl>#
0x264c7	4	el5#
0x2652f	4	2"#\
0x265c8	6	0e\eX%
0x26640	4	<c<?
0x26695	4	@Cm.
0x266bf	7	-Cm,=cb
0x266e1	5	BCf,6
0x266eb	4	B,4F
0x266fb	4	mH$g
0x26772	4	,6Sb
0x2679d	4	BS`<
0x267c4	4	,b#8
0x26869	4	FS`n
0x268da	4	cdX%
0x26967	4	`\bg
0x26995	4	b\2n
0x269a5	4	Ll`k
0x269b9	6	@#azp^
0x26a72	4	seh&
0x26ac2	5	sm(>t
0x26b22	4	|2"k
0x26bc7	4	d$p&
0x26bcf	4	@ p&
0x26be3	4	B_eD
0x26c53	5	@\2l4
0x26c59	5	pl2Bf
0x26c65	4	@Lbg
0x26c70	4	\2,0
0x26c95	4	vClW
0x26d0d	4	F(@b
0x26d77	5	m,b#=
0x26de5	4	`,6n
0x26e05	5	Bzr(B
0x26e31	4	`,fW
0x26ecf	6	/"OSmg
0x26ed9	4	BCng
0x26f3a	4	pb("
0x26f40	6	oftecb
0x26f47	5	vofL2
0x26f58	6	cbL2p"
0x26f5f	5	vofS6
0x26f6b	5	tSgCa
0x26f74	4	pb("
0x26f7a	6	oftecb
0x26f99	5	vofS6
0x26fa8	5	C`Cg6
0x26fb0	6	_e+Bof
0x26fca	4	Sncm
0x26fcf	9	g2/_eofCl
0x27024	8	cl_eCjof
0x270b0	8	]4!F!Fc`
0x270c4	8	 '!F!Fc`
0x270d9	5	Fh5S`
0x27110	4	}4\N
0x2711d	5	>\Fc`
0x27130	4	(70~
0x27142	6	}5!D!D
0x27150	4	!F!F
0x27178	4	0tC`
0x2717e	4	0ws`
0x271a0	6	]7LFc`
0x271b5	4	~LFx
0x271c6	4	(5]4
0x271cc	8	]4!F!Fc`
0x271e0	8	 .!F!Fc`
0x271f5	5	Fh5S`
0x27218	4	<Fc`
0x2724a	8	]4!F!Fc`
0x2725e	8	 '!F!Fc`
0x27273	5	Fh5S`
0x2729f	5	`,5(@
0x272b1	5	E,b,5
0x272bd	5	`(@,5
0x272c6	6	\0_`P$
0x272d9	5	tSb<B
0x272e3	11	tSb)B<E $S`
0x272fe	5	l0@bA
0x27314	5	\0@bA
0x2731a	4	,e(E
0x27323	5	E(B,5
0x27338	8	Sb<BS` $
0x27341	5	tSb)B
0x2734b	5	t<EP$
0x27355	6	/Sgcea
0x27377	7	rnf.b 6
0x27387	5	w_eX%
0x2739c	6	gfffX[
0x273af	6	/@b("&
0x273b6	5	Pb("#
0x273db	7	rnf.b 6
0x2741d	4	p"&~
0x2746f	4	N"eo
0x2747f	4	N"eq
0x27499	6	/"OC`\
0x274d6	4	Rf 6
0x2751e	7	Bg_ebf?
0x2753a	6	Bg_ebf
0x27557	6	&#e"&4
0x27584	7	Bg_ebf&
0x275a0	6	Bg_ebf
0x275bd	5	&#e"-
0x275de	4	L`Cg
0x27699	4	B1fH
0x27728	4	ae1f
0x27740	7	CgL`,G[
0x27791	4	u"/R
0x27809	4	r"'=
0x2780f	4	B_e;
0x2781e	5	"'"&.
0x2782e	4	rb("
0x2784d	4	p"&,
0x278a8	4	ae"/
0x278b4	4	1f_e
0x27916	7	CgL`,G[
0x27960	4	*u"/
0x279d9	4	r"'i
0x279df	4	B_eb
0x27a08	9	"bRfl2(":
0x27a27	4	B_eP
0x27a74	6	ae"/*u
0x27a80	4	1f_e
0x27a96	4	L`Cg
0x27ae3	4	B1f2
0x27afa	4	<u"/
0x27b03	4	B1fu
0x27b1b	4	b#g$
0x27be0	6	ae"/<u
0x27bec	4	1f_e
0x27c04	7	CgL`,G[
0x27c54	5	Tu"/m
0x27ccd	4	r"'Q
0x27cd3	4	B_eL
0x27ce2	5	"'"&K
0x27cf2	4	rb("
0x27d11	4	p"&@
0x27d6c	6	ae"/Tu
0x27d78	4	1f_e
0x27d90	7	CgL`,G[
0x27dda	4	fu"/
0x27ec4	9	"bRfl2("-
0x27ee3	4	B_es
0x27f16	6	ae"/fu
0x27f22	4	1f_e
0x27f42	5	snA&f
0x27f4a	5	Q&see
0x27f8f	6	/"OC`\
0x27fc0	7	Bg_ebf:
0x27fcd	4	BofG
0x27fe0	4	b`"O
0x28008	4	L`Cg
0x2804d	4	B1f$
0x2816a	4	ae1f
0x28182	7	CgL`,G[
0x281cf	4	u"/u
0x28220	5	"dbeN
0x2822f	4	r"'_
0x28235	4	B_eY
0x28244	5	"'"&X
0x28254	4	rb("
0x2826c	7	R$_e"&O
0x28275	4	B2dI
0x282c8	4	ae"/
0x282d4	4	1f_e
0x282ec	7	CgL`,G[
0x28332	4	*u"/
0x283c8	5	"dbeN
0x28406	9	"bRfl2("*
0x28452	6	ae"/*u
0x2845e	4	1f_e
0x28474	5	!$Sb|
0x2847c	5	!%cb{
0x284be	4	L`Cb
0x284ff	5	l1b#<
0x28512	4	,51b
0x28538	5	1bg26
0x2857e	4	1b'<
0x285d0	4	1b'<
0x285f8	7	B/_eS`L
0x28622	5	#f/`d
0x286a6	7	B/_eS`L
0x286bc	5	#f/`d
0x286e2	4	,fc`
0x286eb	4	bc`$
0x28708	6	qb\D("
0x28750	5	 /|gk
0x28759	4	B1fK
0x28771	4	B1f?
0x28799	5	b-b("
0x287cc	8	QbA'Od'4
0x287e2	4	qbc2
0x287e9	4	r!'@
0x287ee	6	/bQfg2
0x28826	4	ae!'
0x2883a	4	_e1f
0x2885a	4	ae1f
0x288ac	4	|gae
0x288d8	4	Qbc2
0x28949	5	e]eX%
0x2897c	9	qbA%OdG27
0x28993	4	r!%t
0x28998	7	/bqf'6*
0x289ca	4	ae1f
0x289e4	4	<u"/
0x289ee	4	_e1f
0x28a15	4	FXvD
0x28a1a	4	l>\>
0x28a5e	4	ab#5
0x28a66	4	ab'5
0x28a72	4	Pb("
0x28a98	4	Pb("
0x28ac2	4	ngCa
0x28aca	4	Pb("
0x28afe	4	CmCl
0x28b0d	5	vofS6
0x28b55	4	gCe(
0x28b94	6	OdtfCb
0x28b9b	7	BL2r//b
0x28ba5	5	B,6cd
0x28bc3	5	s/b72
0x28bea	4	/f76
0x28c18	4	/f76
0x28c26	4	0-c`
0x28c4c	4	Pb("
0x28c84	7	KRCn("2
0x28caa	8	cdubr/!%
0x28cb3	5	uofh&
0x28cd9	12	G,5|6R/OdH$*
0x28ce9	5	tR/!&
0x28d01	5	Bce#d
0x28d0d	7	ucb/fh&
0x28d2e	4	,6q&
0x28d35	5	tOdH$
0x28d45	5	/"OH$
0x28d69	5	`:}qR
0x28d86	4	Cerb
0x28d9e	4	Cerf
0x28da7	4	}b%!
0x28dac	5	rRCg\
0x28dbb	4	Ub'Q
0x28dca	7	rfqRb%!
0x28dd8	4	Cerb
0x28e06	4	C`&O
0x28e20	4	2%Bf
0x28e26	6	AUbb("
0x28e2e	4	,6R6
0x28e54	4	#`&O
0x28e6f	5	><5W>
0x28e98	4	Pb("
0x28ee8	6	B`Rb("
0x28ef2	10	S`S`,0AR"0
0x28f06	4	BfP6
0x28f34	4	,6R6
0x28f3a	6	cdBb("
0x28f5f	4	d\6^
0x28fb0	5	R/ck5
0x28fbd	4	dreL
0x28fcf	4	f!E%
0x2903d	4	b("l
0x2905a	4	l2#e
0x2905f	6	r b("4
0x290e4	4	,eX"
0x290fe	4	fb"%
0x292dc	4	C`&O
0x292e9	7	CHsob<4
0x292f1	4	BC`.
0x29310	12	ch[VYRSlh&B/
0x29325	5	C<2g2
0x29359	5	5L7V7
0x29385	5	6Cm,5
0x2938c	6	#geb!-
0x293bf	5	EL6L5
0x293c8	6	|5eb!-
0x29444	13	RIFFWAVEfmt D
0x29458	5	smplG
0x29460	8	loopdata
0x29484	12	RmSlY^Ci\=XU
0x29493	5	bX2(6
0x294d0	4	Ub!&
0x294e6	4	.:!J
0x29501	5	5Ub!&
0x2951b	5	uUb!&
0x29590	4	XRYV
0x29595	5	CSa<1
0x295be	6	wUxVSb
0x295c9	5	Fl2yV
0x29671	4	Ah1&
0x296da	4	SgB/
0x296e0	4	SaXT
0x296e5	5	CYU<1
0x296f6	12	H6g2.6!Fg2.6
0x29718	4	Qb!$
0x29732	8	wUxVyRSd
0x29745	9	Bl4,5SfH6
0x29750	10	g2.6!Fg2.6
0x2975c	4	!FA`
0x29764	4	Qb!$
0x29780	5	R/cnM
0x2978d	4	dred
0x2979f	4	e!De
0x297f4	4	dr,6
0x297fd	5	Bl2#f
0x29803	4	6g0&
0x29847	4	pW^]
0x298f5	4	pwU}
0x2992a	4	wUS4
0x299c5	4	pW^]
0x29a0a	6	!F!B,6
0x29a34	4	YR#4
0x29acf	4	pW^]
0x29b04	4	'bl2
0x29b2c	4	YR#4
0x29bd7	7	6B&Bb("
0x29c4f	4	pCbE
0x29c7b	9	CSmHsCl<;
0x29cf2	4	_ec5
0x29cfb	5	vce_e
0x29d0f	4	pHsU
0x29d23	4	pB/F
0x29d28	4	FR("
0x29e39	5	Cps7:
0x29ebb	4	amp,
0x29ee7	5	Cms(C
0x29f05	4	KJPC
0x29f0d	5	Cms(C
0x2a01e	4	,6cb
0x2a028	8	(5cb)B!'
0x2a0ef	4	@pp=
0x2a0fc	4	<T 4
0x2a1b6	4	<V 6
0x2a1f0	4	<V 6
0x2a201	5	Bl2Cf
0x2a20b	4	6l2)
0x2a24b	4	@pp=
0x2a285	4	@`p=
0x2a293	4	@pp=
0x2a2bb	4	B,5)
0x2a318	4	rbP2
0x2a343	4	@pp=
0x2a358	4	<^`>
0x2a36c	4	<^`>
0x2a374	4	lf`2
0x2a39c	4	<^`>
0x2a401	4	@`p=
0x2a40f	4	@pp=
0x2a42b	4	B,5)
0x2a43b	4	Bse.
0x2a45b	4	B,5)
0x2a46b	4	Bse.
0x2a4d3	4	Al1/
0x2a4f4	5	h5`u/
0x2a50b	5	/"OCn
0x2a553	4	/"O/
0x2a5ad	4	6S65
0x2a5fa	4	LV 6
0x2a64b	4	/"O.
0x2a690	4	l5X%
0x2a6ab	4	/"O.
0x2a6b1	4	@ pN
0x2a6ba	4	l5X%
0x2a6f9	4	/"O.
0x2a7c9	5	r,5cb
0x2a7d5	4	B,5)
0x2a7e5	4	Bse.
0x2a7ff	5	r,5cb
0x2a80b	4	B,5)
0x2a81b	4	Bse.
0x2a887	4	/sm/
0x2a895	4	Qs`N
0x2a8a1	6	BL2R"N
0x2a8b1	4	BL2"
0x2a8c3	4	BL2&
0x2a8cc	4	3`cb
0x2a8d5	4	BL2'
0x2a8e7	4	BL2(
0x2a979	4	BL2)
0x2a9df	5	El5qV
0x2a9e7	6	5"%rRa
0x2a9ff	4	E,5q
0x2aa0b	4	BRe/
0x2aa29	4	F,6i
0x2aa81	4	pcaN
0x2aa8f	5	EL5sf
0x2aa95	4	E\6f
0x2aae6	4	,eCb
0x2aaeb	4	r\2A
0x2aaf0	4	 fh&
0x2aafb	9	C<2\2 fh&
0x2ab2d	4	n"O.
0x2ab5a	4	<E#5
0x2ab6a	6	+B&O&O
0x2ab89	7	W<4CmSl
0x2ab9d	5	E\6`b
0x2abbe	5	\=s`V
0x2abfe	4	_eSb
0x2ac05	5	2 fh&
0x2ac1e	4	_eSb
0x2ac41	6	u`"_e!
0x2ac5f	4	b\2!
0x2ac69	4	`\="
0x2accc	4	_eSb
0x2acd1	5	BL2 f
0x2adbc	6	cgofcb
0x2adc5	7	Bof\2C6
0x2ade1	4	@,pV
0x2ae17	4	@@p&
0x2ae2b	4	@@p&
0x2aec7	4	F#de
0x2aecc	4	l4)V
0x2af1d	8	@HUCbl2A
0x2af27	6	EIV,5|
0x2af77	5	@l4)V
0x2af81	4	EL5f
0x2afc7	8	@HUCbl2A
0x2aff7	6	/"OCmM
0x2b037	4	uaba
0x2b058	4	\V 6
0x2b0af	6	F~vc`}
0x2b0e2	4	,Fc`
0x2b0eb	4	6\6d
0x2b17f	4	@zp}
0x2b1a9	5	@2vpp
0x2b1d0	4	,ES`
0x2b218	4	X%,b
0x2b239	4	@ppM
0x2b295	4	plff
0x2b2ab	4	plff
0x2b2c1	4	plff
0x2b2fb	4	plff
0x2b315	4	UH6g
0x2b324	4	lES`
0x2b349	6	@#gppM
0x2b364	4	`/,e
0x2b38b	4	C,f?
0x2b3c7	4	A,g!
0x2b3e9	6	r,6\b(
0x2b3f6	4	`e,f
0x2b42f	4	uaba
0x2b477	5	F~vc`
0x2b4a8	4	,Fc`
0x2b4b1	4	6\6d
0x2b511	5	@2vpp
0x2b534	4	,ES`
0x2b59d	4	@ppM
0x2b5ad	4	lV2 
0x2b615	4	plfe
0x2b62b	4	plfe
0x2b641	4	plfe
0x2b67b	4	plfe
0x2b6a2	4	lES`
0x2b6c7	6	@#gppM
0x2b6ff	4	C,f2
0x2b749	4	d<p)
0x2b75e	4	`e,f
0x2b767	4	A,g8
0x2b78d	4	uaba
0x2b7ae	4	\V 6
0x2b7e3	4	@~p}
0x2b810	4	,Fc`
0x2b819	4	6\6d
0x2b853	4	@zp}
0x2b87b	5	@2vpp
0x2b8a0	4	,ES`
0x2b8bf	4	@(5#
0x2b8da	4	,b("
0x2b8f7	4	@ppM
0x2b976	4	,Fc`
0x2b99d	4	gppM
0x2b9d1	4	B|g2
0x2b9ec	4	le|g
0x2ba29	6	f|g|2,
0x2ba39	4	B<g4
0x2ba5f	4	uaba
0x2babc	5	,fX6g
0x2bacc	4	,Fc`
0x2bad5	4	6\6d
0x2bb35	5	@2vpp
0x2bb58	4	,ES`
0x2bb94	4	,b("
0x2bbb3	4	@pp}
0x2bbfc	4	lES`
0x2bc23	4	dpp}
0x2bc38	4	`/#f
0x2bc48	5	,gs`@
0x2bcd5	4	@<p)
0x2bcf7	4	B\e8
0x2bd35	4	vhR-
0x2bd3d	4	p'b&
0x2bd45	4	pSnV
0x2bd93	4	@DpV
0x2bddf	5	vSb|2
0x2bdec	4	R/C`
0x2be17	4	kSm.
0x2be28	4	Ce,5
0x2be5f	4	@2p%
0x2be78	4	|gp2
0x2be84	4	|gp2
0x2be90	4	|gp2
0x2be9c	4	|gp2
0x2bea8	4	lf`2
0x2beb4	4	lf`2
0x2bebc	4	lf`2
0x2bee3	4	B\2)
0x2bf3d	10	EXu\6,6`b0
0x2bf92	4	,fLb
0x2bfce	4	,fLb
0x2c00a	4	,fLb
0x2c00f	4	r`2l
0x2c042	4	,fLb
0x2c047	4	r`2E
0x2c154	4	pb`2
0x2c1e7	5	BXr,6
0x2c1ed	6	b,6`g0
0x2c21e	4	,Fc`
0x2c22a	4	W6cb
0x2c286	4	,b|g
0x2c2fc	4	,b|g
0x2c372	4	,b|g
0x2c3e8	4	,b|g
0x2c4cc	9	,b]B|2l2P
0x2c4d8	4	 b("
0x2c574	4	,>cb
0x2c585	6	blf`2J
0x2c5b2	7	L6bfh&#
0x2c5e2	4	<V 6
0x2c5ec	4	2f 6
0x2c624	4	lf`2
0x2c641	4	Bpt5
0x2c669	5	Bl2S`
0x2c66f	4	BL2"
0x2c675	4	vlf/
0x2c6de	5	\eS`A
0x2c761	4	@pp-
0x2c768	4	OdCb
0x2c76f	6	2 fh&0
0x2c776	7	 flfp6&
0x2c783	4	rP2!
0x2c7ad	4	t`"!
0x2c7ba	4	Ods4
0x2c7cd	5	tC`Od
0x2c861	4	pb//
0x2c879	7	yDR`zEV
0x2c888	5	FRGV&
0x2c890	5	HRIV(
0x2c898	5	JRKV*
0x2c8a0	5	LRMV,
0x2c8a8	5	NVORn
0x2c8b7	6	vhR'b&
0x2c8c2	5	H2,6f
0x2c8eb	4	vs`f
0x2c8f7	6	ws`(5V
0x2c9c8	5	X%\2&
0x2ca9f	4	pClN
0x2cab1	6	rpp,6}
0x2cae9	4	},6f
0x2caff	5	r,5cb
0x2cb0b	4	B\2%
0x2cc5d	4	M(".
0x2ccd5	9	B,4Cb|2 f
0x2cce9	4	BSf"
0x2ccfe	6	lf@b 6
0x2ce3f	6	r#`h&b
0x2ce7d	6	vc`ce&
0x2ce8e	4	\elp
0x2ceb2	4	bbC2
0x2cedb	4	@pp]
0x2cf43	4	/"O.
0x2cf95	4	`h}f
0x2cfb2	4	H}bb
0x2cfbb	5	` vl2
0x2cfc1	4	f(4F
0x2cfd6	4	 rR&
0x2cff1	4	@LpV
0x2d0fb	4	B_e|
0x2d14f	4	B_eg
0x2d164	5	\V 6<
0x2d1f3	4	/"O/
0x2d272	4	\V 6
0x2d36b	4	r(V-
0x2d397	4	@pp]
0x2d3b4	4	\V 6
0x2d3db	4	@~p-
0x2d3e0	4	mfc`
0x2d3f4	4	#mc`
0x2d408	4	#mc`
0x2d492	5	Sb\`^
0x2d4c2	4	,b 0
0x2d4d0	4	,b 0
0x2d4de	4	,b 0
0x2d4ea	4	,b 0
0x2d4fe	4	,b 0
0x2d512	4	,b 0
0x2d52e	4	,b 0
0x2d54a	4	,b 0
0x2d556	4	,b 0
0x2d562	4	,b 0
0x2d56e	4	,b 0
0x2d57a	4	,b 0
0x2d586	4	,b 0
0x2d592	4	,b 0
0x2d59e	4	,b 0
0x2d5aa	4	,b 0
0x2d5b6	4	,b 0
0x2d5e2	4	,b 0
0x2d5ee	4	,b 0
0x2d5fa	4	,b 0
0x2d606	5	,b 0V
0x2d612	4	,b 0
0x2d64d	4	@ p~
0x2d6a6	4	_eof
0x2d771	4	r p&
0x2d792	4	_eof
0x2d8c4	4	l2("
0x2d8f9	4	B_eT
0x2d93f	4	B_eC
0x2d953	4	@,pD
0x2db1f	4	@4p}
0x2db55	4	C,ep
0x2dbc5	4	@4p}
0x2dbfb	4	C,eG
0x2dc41	4	@4pM
0x2dd3d	4	@4pM
0x2de0d	4	@4pm
0x2de4b	4	@pp]
0x2ded7	4	@4pm
0x2df15	4	@pp]
0x2dfa3	4	p4ue
0x2dfa8	5	SbS`e
0x2dfaf	4	r#`N
0x2e115	4	@DpN
0x2e201	4	C,eH
0x2e37f	4	@Dp~
0x2e3c3	4	@]pl
0x2e40a	7	cb\B,eT
0x2e419	4	@<p)
0x2e421	6	FXvl0\
0x2e440	5	\e'5D
0x2e452	5	lfh&)
0x2e473	4	B<eD
0x2e47e	4	LU 5
0x2e491	4	B<e5
0x2e4a5	4	B<e+
0x2e4b9	4	Ble!
0x2e4ed	4	dpp}
0x2e503	4	@pp}
0x2e5c7	4	dleV
0x2e5e0	5	LU`5<
0x2e5ee	4	 /le
0x2e669	5	` /le
0x2e697	4	Bbe.
0x2e6af	4	Ble&
0x2e6c8	4	cb\B
0x2e6ff	4	Bleq
0x2e706	4	LV 6
0x2e725	4	Ble-
0x2e741	4	Bbe/
0x2e74b	4	r,=L
0x2e767	4	B\e0
0x2e772	4	,b,6
0x2e7cd	6	gcb\B$
0x2e7d4	4	cb)B
0x2e7fb	4	B0w-
0x2e807	4	r,6P
0x2e829	4	dppm
0x2e837	4	C,fj
0x2e857	6	` /le#
0x2e878	5	LU 5:
0x2e927	4	@ppm
0x2e9b5	5	`\gLe
0x2e9cb	6	B,5b%V
0x2e9ea	4	|g /
0x2ea01	4	B\e\
0x2ea0f	7	vl=,e\=
0x2ea39	4	@]pl
0x2ea7e	4	c`\@
0x2ea97	4	@<p)
0x2ea9f	10	BXr,6\6`b(
0x2eac8	4	lfh&
0x2eae0	4	|gP/
0x2eb17	4	dpp=
0x2eb25	4	C,f-
0x2eb31	4	r,6P
0x2eb49	4	Bbe0
0x2eb69	6	` /le8
0x2ec11	5	`\gLe
0x2ec27	6	B,5b%i
0x2ec71	4	Ble-
0x2ec94	4	cb\B
0x2eca0	4	cb)B
0x2ecb7	4	B0w0
0x2ecc3	4	Ble-
0x2ecdf	4	Bbe/
0x2eced	5	r,=|g
0x2ed0a	4	,fl>
0x2ed27	4	@]pl
0x2ed63	6	gcb\B$
0x2ed6a	4	cb)B
0x2ed8b	5	e(u,v
0x2ed91	4	B0w-
0x2ed9d	4	r,6P
0x2edbf	4	dppm
0x2edcd	4	C,f0
0x2ede5	6	` /leg
0x2ee11	4	@ppm
0x2ee9d	5	`\gLe
0x2eeb3	6	B,5b%V
0x2eed0	4	|g /
0x2eee7	4	B\el
0x2eef9	9	vl=,dL=P-
0x2ef04	6	<c<?&O
0x2ef3d	4	/"O.
0x2efa8	4	npcm
0x2f039	9	r|2 e\eX%
0x2f074	4	\`Cn
0x2f07c	5	Sd<DO
0x2f0a1	4	b#d.
0x2f117	4	B_e^
0x2f16d	4	B_e3
0x2f186	8	Sb\`Cn<B
0x2f216	4	_eof
0x2f2e0	4	_eof
0x2f349	4	r p&
0x2f36a	4	_eof
0x2f388	8	Sg\`Cn<G
0x2f476	4	oe|3
0x2f534	5	l5X%/
0x2f559	4	P p&
0x2f5a9	4	@@pN
0x2f5b2	5	+Bof.
0x2f5bb	4	@@pN
0x2f5c4	4	of+B
0x2f62e	4	lf`<
0x2f64f	4	blB`
0x2f654	4	,eP/
0x2f6c1	5	'qR(0
0x2f6fe	4	Cerb
0x2f707	5	wh2,4
0x2f728	4	,b#5
0x2f783	4	@Cm}
0x2f864	9	Smlb<c02E
0x2f872	5	<c02+
0x2f87a	4	<c02
0x2f882	4	<c02
0x2f89b	4	B<eP
0x2f8b3	4	sDp6
0x2f8dd	4	sDp6
0x2f915	4	CDp6
0x2f959	4	@DpN
0x2f9cf	4	r"/0
0x2f9dc	4	B`X0
0x2f9e5	5	gPfr5
0x2fa03	4	b("R
0x2fa42	4	B`X0
0x2fa4b	5	WPfr5
0x2fac1	4	pBff
0x2fad6	4	"fh0
0x2fae4	4	"fh0
0x2faf0	4	reCb
0x2faf5	5	rPf"5
0x2fb01	5	uCeR'
0x2fb0e	4	reCb
0x2fb13	5	rPf"5
0x2fb1f	5	uCeR'
0x2fb38	4	+B\e
0x2fb67	9	uBR'bh2R2
0x2fb97	4	p,d|
0x2fb9d	6	D,fC`^
0x2fbbe	4	\6"6
0x2fc27	8	ER/,gS`n
0x2fc33	4	`L2^
0x2fc59	5	B(4H$
0x2fc6c	4	#fcb
0x2fc71	6	Bl2cg/
0x2fd1d	8	ER/,gS`n
0x2fd29	4	`L2^
0x2fd49	5	B\2Ce
0x2fd51	5	B(5X%
0x2fd64	4	#fcb
0x2fd69	6	Bl2cg/
0x2fdb3	4	/"O.
0x2fdbf	5	B@p#5
0x2fdcd	4	@@p&
0x2fde1	4	@@p&
0x2febd	6	@`%<pD
0x2ff11	4	vc`A
0x2ff29	4	vc`5
0x2ff7d	7	vc`,dCb
0x2ffdb	5	/"OSn
0x2fff0	4	,b72
0x30019	5	ul`P0
0x30065	5	v\``0
0x300b1	5	ul`P0
0x300fb	5	rl` 0
0x30135	4	mPb?
0x3013a	5	,b72O
0x30145	4	@<p~
0x30161	5	v\``0
0x3017f	4	@<p~
0x301ab	5	r\` 0
0x301c9	4	@<p~
0x30206	5	\2R/)
0x30285	6	F@v(Fb
0x30293	4	P@qC
0x30323	6	N@~(NC
0x3032f	4	`@qC
0x30335	4	D(AJ
0x3033f	4	a(Ed
0x30345	4	FS`{
0x30365	4	FSaE
0x30375	4	Dc`p
0x3038d	4	b\2*
0x303eb	4	BS`Q
0x3040d	6	D@t(DB
0x30417	4	EcaJ
0x30425	4	Bc`C
0x3043f	4	FSaE
0x3049d	4	B(@$
0x304c1	9	E@u(ESn#a
0x304f3	4	FSaE
0x30539	4	D,G$
0x305d4	4	\e /
0x3061e	4	<4Cf
0x30631	4	r,gX
0x3064d	5	/"OCm
0x30678	5	|V 6F
0x30700	4	|V 6
0x30723	4	@ZpM
0x30734	5	Zp+B5
0x30741	4	/"O.
0x307f9	5	Bpr,5
0x3084d	5	b=r`2
0x30863	4	b("w
0x30885	4	n"e{
0x308af	4	@zpi
0x308b5	4	E(@p
0x308c7	4	Vg0E
0x308db	5	az~c`
0x308e1	4	E(Ne
0x308f9	4	r'7,
0x309eb	5	s<4Cg
0x30a13	4	B|2)
0x30ae1	4	/"O.
0x30b4e	6	SjCmc`
0x30bdd	4	Bcd*
0x30bfb	5	AXq<4
0x30c14	5	 /lfw
0x30c57	6	B<7|2)
0x30d1d	4	F(@<
0x30d71	6	@CnPpN
0x30e6b	4	N(@.
0x30f35	4	S8=h
0x30f53	4	Fh2'
0x30f91	4	M3`^
0x30fc0	4	<Fc`
0x3101f	6	b=Fh2'
0x3113d	4	@zp.
0x31201	4	Fh2'
0x3125f	4	QzpQ
0x31293	6	/"OSnO
0x312cd	4	/"O.
0x312dc	4	be|g
0x312eb	5	vbbP2
0x31307	4	/"O.
0x31323	5	vbbP2
0x31338	4	sd&O
0x31343	4	/"O.
0x31353	5	@ppbe
0x3136b	5	vbbP2
0x313d7	4	/"O.
0x313ed	5	@bepp
0x313fd	5	vbbP2
0x3141a	4	sd&O
0x3142a	6	_eofCm
0x31459	4	pskN
0x314ab	4	/"O.
0x314b7	4	pciN
0x31515	4	G(;j
0x3154b	7	)"("#&O
0x31579	4	s3`N
0x3160f	4	G }-
0x31685	4	pSkN
0x3169e	5	B/("u
0x316f5	6	Wx6e:c
0x31723	4	B(6g
0x31803	5	Zln<i
0x31881	5	",6l>
0x3189e	6	!F!Fc`
0x318b4	6	!F!Fc`
0x318f8	7	e2Cb=B3
0x31917	5	6l7x'
0x31953	4	p`/|
0x3196b	4	p,e|
0x31973	4	@,f|
0x319cf	5	Qgfff
0x31a10	4	mfc`
0x31a29	5	F]DE7
0x31a32	5	E7]B$
0x31a51	5	p(4E7
0x31a58	5	E7]B$
0x31a63	5	<-ESb
0x31a95	4	p(>G
0x31aa0	5	e<]B$
0x31aad	4	p]B'
0x31b08	4	U4Sf
0x31b2b	5	u)L)N
0x31bbb	4	B(>/
0x31c10	6	ckCnRf
0x31c1b	6	tb$sm!
0x31c22	5	RRSV"
0x31c83	4	d\2X
0x31d35	4	/"O.
0x31d63	4	@`p&
0x31d81	5	/"Ocn
0x31dcc	8	\e+B&O&O
0x31e00	8	\e+B&O&O
0x31e34	8	\e+B&O&O
0x31e7b	4	vc`L
0x31ea4	8	\e+B&O&O
0x31f9f	4	pr/H
0x31fae	5	r/pB<
0x3200b	4	Br/.
0x3204c	4	lff2
0x3216d	4	r,f~
0x32173	4	B|ex
0x321a7	6	B0r,fo
0x321af	4	B|eZ
0x321e3	6	BPr,f`
0x321eb	4	B|e<
0x3222b	6	B E,5N
0x32232	4	pu\f
0x32237	4	B|eM
0x32283	4	/"Oj
0x322b5	5	a,1Cb
0x322fb	4	B,7"
0x32309	6	gdwr"d
0x3232b	5	2lfS`
0x32352	4	<?&O
0x323c6	5	,b#7&
0x323db	5	r,fC6
0x323f1	5	r,fC6
0x32448	6	!F!Fc`
0x3245b	5	Fh5X%
0x324b9	5	v /|g
0x324e7	4	pomN
0x324ec	4	_nh&
0x3255d	4	@DpN
0x325d4	4	_eX%
0x325e5	5	v!/_e
0x325f4	4	bb("
0x32630	4	gfff
0x32715	5	@Cmbb
0x3271b	4	p("A
0x32784	4	@/S`
0x327b3	5	0lff0
0x3282a	4	<?Cj
0x3284f	4	@]pl
0x32894	4	\V 6
0x328e6	4	,Fc`
0x3290a	4	n1!A
0x32910	4	\1Ce
0x32931	4	uS`'
0x32942	5	|6Sgf
0x32962	4	dws`
0x329a2	4	\V 6
0x329e7	4	@<p)
0x329fa	6	lfl5Pf
0x32a01	4	BleT
0x32a0d	9	Elf(Fl5,5
0x32a18	5	,b,5E
0x32a36	4	|gsb
0x32a3b	5	rlf#6
0x32a44	4	|g#7
0x32a75	10	r,6|g|6`b0
0x32a81	6	DCf,e*
0x32a91	7	E,b(B,5
0x32a9a	7	l5,b,5$
0x32b5b	4	@<p)
0x32b69	4	2 e0
0x32bb1	4	@pp=
0x32c37	5	`\gLe
0x32c81	5	`!F\g
0x32c89	4	Bof`
0x32c9d	4	` /F
0x32cc1	4	B\e0
0x32cd4	4	|g /
0x32ce3	4	C,e0
0x32cf4	6	,blf]B
0x32cfc	6	l2\2#f
0x32db1	8	6\e\6`b%
0x32e8e	4	of\g
0x32ec6	4	|g /
0x32ee4	6	,blf]B
0x32eec	6	l2\2#f
0x32fb1	8	6\e\6`b%
0x3308e	4	of\g
0x330c6	4	|g /
0x330e4	6	,blf]B
0x330ec	6	l2\2#f
0x33124	4	<c<?
0x33238	4	RbC2
0x3323f	5	uR/f5
0x3324b	5	lRbC2
0x33253	4	uR/U
0x332a9	4	@pp}
0x332c1	4	uR/U
0x332fb	5	@R/hp
0x33305	5	uR/f5
0x3330c	4	RbC2
0x3331c	4	RbC2
0x33337	5	kRb@2
0x3340a	4	Rbw2
0x3341a	4	Rbw2
0x334c5	4	uR/.
0x334e0	4	RbG2
0x334e7	5	uR/f5
0x334f2	4	RbC2
0x33502	6	lfRb@2
0x3352b	5	uR/r5
0x3356d	5	/"Ock
0x33573	5	VSm\e
0x33589	4	@pp]
0x335a5	5	DhtC`
0x335af	6	@b.pp]
0x33627	4	@pp]
0x3367f	4	b@2.
0x3369b	4	b(5Q
0x336a0	6	bb(4G5
0x336f7	4	b@2'
0x33713	4	b(6a
0x33718	6	Rb(4G6
0x33793	5	@cnpp
0x337ac	4	\d,b
0x337b1	6	f 4|gd
0x337d3	5	r,<Cb
0x33830	5	RdH$0
0x33855	4	@pp)
0x33877	4	t,5b
0x3387f	4	BR/a
0x3389c	4	lRP2
0x338f3	4	pcnN
0x33952	5	lf`2B
0x3395b	4	W"e5
0x3397d	5	Wbb 7
0x33990	4	!V`7
0x339a2	4	RR 7
0x339b2	4	SR 7
0x33a5f	6	@ppcl]
0x33a68	5	Cng25
0x33aab	6	@"&pp]
0x33afb	6	@ppcl}
0x33b04	5	Cng25
0x33b4b	6	@"&pp}
0x33b91	6	@Cmpp}
0x33be3	6	n,b >)
0x33c0d	4	B|gH
0x33c33	6	ra%#fA
0x33c40	4	"fh&
0x33ca9	4	B|g!
0x33ccf	5	ra%#f
0x33cdc	4	 &h&
0x33cf9	6	n,b >Q
0x33d69	6	@"&pp}
0x33da6	5	"fh&7
0x33e0f	5	tB%Cf
0x33e33	7	RSm\eCl
0x33e4b	4	@pp]
0x33e67	5	Fhvc`
0x33e71	6	@".pp]
0x33e8e	8	'6n2!B#`
0x33f35	4	B\e.
0x33f92	4	(7m`
0x33fa3	5	f(6g7
0x3400a	4	Sdb.
0x34073	5	E uS`
0x340b9	4	2";.
0x340e2	4	\V 6
0x34139	6	dbb'4.
0x3422d	4	@PpN
0x3428d	4	`n1)
0x342c6	5	hp"/&
0x342f1	4	PdpV
0x342fb	4	p\2@
0x343e3	4	/"O.
0x34411	4	5`%#
0x34430	4	0~&O
0x3444b	4	/"O.
0x344a0	4	0~&O
0x344bf	4	p\mN
0x34510	4	BbS2
0x34517	5	tB/f4
0x34522	6	|gBbS2
0x3452b	4	tB/E
0x345a9	5	@R/hp
0x345b3	5	uR/f5
0x345ba	4	RbC2
0x345c4	4	R/r5
0x345ca	4	RbC2
0x345e4	4	Rb@2
0x345ff	5	uR/r5
0x3463d	10	/"OSl\eCm4
0x346a5	5	/"OSl
0x3473e	4	Bbs2
0x34745	5	tB/f4
0x34750	6	\eBbs2
0x34759	4	tB/E
0x347cf	5	@R/hp
0x347d9	5	uR/f5
0x347e0	4	RbC2
0x347ea	4	R/r5
0x347f0	4	RbC2
0x34800	6	lfRb@2
0x34815	5	uR/r5
0x34875	9	vCml2B*"%
0x348dc	6	r&sfc`
0x348f9	5	B0vl2
0x34913	4	F#`D
0x34947	4	*"%|
0x3495b	4	*"%x
0x349dd	4	G".?
0x349e5	6	b2fb2&
0x34a0f	6	vb. dS
0x34a2f	5	b2fb2
0x34a43	4	r,4A
0x34a91	4	b"$a
0x34aaf	4	`0pn
0x34ab9	4	f 6V
0x34b77	4	`h59
0x34bca	6	cm2dl4
0x34c07	4	F,7}
0x34c11	4	Gl5u
0x34c21	6	el5|5D
0x34c2b	6	el5|5D
0x34c3c	4	l4|4
0x34c4d	5	Wl4l5
0x34c57	4	B|5l
0x34c5e	4	Rbg2
0x34ca3	4	. &]
0x34cbb	10	r,4BbAV"%a
0x34cc6	5	BVCRb
0x34d0e	4	 .bb
0x34d2d	4	r".H
0x34d64	6	be2fsb
0x34d7d	6	vb. d:
0x34dc2	4	Rbg2
0x34dd8	4	".`b
0x34eb4	4	"."#
0x34ed9	5	vb. d
0x34f04	6	@b,b#f
0x34f0b	5	F,6Pb
0x34f39	9	r2d,5,4l5
0x34f43	4	Nl4~
0x34f4c	8	@flb2f#e
0x34f61	8	E,6cd\6l
0x34f79	4	B2ep
0x34f7f	6	r,5@b%
0x34f88	4	,fcb
0x34fb1	6	~,5@b%
0x34fb8	4	,fcb
0x34fd5	4	Fcb]
0x34fdb	5	bRfg2
0x34fe9	4	r &Z
0x34ff1	6	v`%lfY
0x34ff8	4	Rb#6
0x3500a	6	Rdbesb
0x35024	4	".Sb
0x35029	4	r"$Q
0x35040	4	 /Cb
0x3508a	6	"fBe`5
0x35099	5	"Rfh&
0x350a6	5	2`0pn
0x350ae	6	i"Rf 6
0x350bc	5	Rbbe)
0x350c2	4	#d2f
0x350d8	4	R`2f
0x350e0	4	h5R&
0x350e8	4	Rbg2
0x3518b	5	bRdx2
0x3519f	5	B(4B%
0x351aa	4	rfCe
0x351b9	4	Rb$!
0x351ca	9	SdrfqRb$!
0x351d4	4	rRsV
0x351f2	9	@/Ld,b 4/
0x351fe	5	,b 4&
0x35206	4	,b 4
0x35218	6	\e,b#5
0x35224	5	P&"fo
0x3522d	5	tB"`d
0x35233	4	GLdm
0x35238	4	"fh&
0x3527b	4	Bb/`
0x352d4	5	`b(">
0x352dc	5	bgpbq
0x352f1	4	b,4I
0x352f9	4	G#aH
0x352fe	4	bb("
0x35312	5	bb2d@
0x3531c	5	2d#`D
0x3533d	4	G#`$
0x35347	4	tB!5
0x3537a	4	`b("
0x3538a	8	"f`b,eG5
0x35394	4	R'X%
0x3544f	4	FRdn
0x35454	7	)&h4H$g
0x35466	4	,ES`
0x35478	9	-ECbX2("A
0x35488	4	,ES`
0x35495	5	E,5Cb
0x3549d	6	EX2("-
0x354a8	6	!E!ES`
0x354b7	5	E,5Cb
0x354bf	5	EX2("
0x354ca	4	!ES`
0x354db	5	EX4H$
0x35511	4	B_el
0x35517	4	VRej
0x3554c	4	pb,`
0x3555e	5	`b("$
0x355c4	4	pb,`
0x355d9	4	ER/G
0x355ff	5	B,6Sb
0x35637	4	dc` 
0x3572a	4	,fcb
0x35737	5	B,6Sb
0x357e3	4	/"Oa
0x357e8	5	bb("X
0x357f2	5	`b(".
0x3586a	4	|gW7
0x35882	4	,b("
0x35897	7	v|glfs6
0x358bd	4	eP`G
0x358ed	4	b %#
0x358f2	4	l7#f
0x3593d	10	fNdCe|5L6k
0x3594b	5	%@/Nd
0x359b1	4	vc`L
0x359c5	4	vc`M
0x359db	4	eP`G
0x35a67	4	vc`L
0x35a7b	4	r#`M
0x35a9c	4	bb("
0x35ac5	7	fxv,dC`
0x35afb	7	r"+`b '
0x35b31	7	r"+`b '
0x35b7d	7	fxv,dC`
0x35b8b	5	5\7r!
0x35b9e	6	Cg fc`
0x35ba7	4	dc`-
0x35bae	4	bb("
0x35bbb	4	v`"-
0x35bc8	5	Cb]B%
0x35bd2	4	|2yu
0x35bee	5	\eP>e
0x35bf6	5	,b >?
0x35bfe	5	,b >;
0x35c06	5	,b >7
0x35c0e	4	,b >
0x35c16	4	,b >
0x35c2d	4	fP`d
0x35c80	4	Bfcb
0x35c85	5	r"$`b
0x35c8c	4	 /be
0x35cc2	4	BeSf
0x35cc7	8	vb$PdH$5
0x35cd9	7	fReh5X%
0x35d01	4	fRbf
0x35d2a	5	@` $j
0x35d30	5	P` %k
0x35d43	7	fReh5X%
0x35d6b	5	-BeSf
0x35d71	5	vb$Pf
0x35d7d	7	fReh5X%
0x35da8	4	Pb,`
0x35dcb	6	v F`/T
0x35ddd	4	l@f0
0x35de2	4	lfS6
0x35e03	4	vcbA
0x35e53	7	exu,b#`
0x35e5c	4	W2 /
0x35e70	7	mNRfl>1
0x35eab	7	fxv,dC`
0x35ec2	4	Rf`b
0x35ed0	5	BePbQ
0x35ed7	5	uR$,f
0x35ee7	11	gtbr!,dtb(D
0x35ef3	17	Dr!,etb(EL5r!,`pb
0x35f09	5	@\0,b
0x35f51	9	/"OH$clSn
0x35f69	7	g"*ce")
0x35fdd	7	rB'Cg,7
0x35fe6	4	r"Sb
0x35ff0	4	"%cb
0x36003	5	&+B&O
0x3603f	4	r,7A
0x36044	4	\eSb
0x3604f	4	B|2#
0x3607e	4	 &",
0x360e9	4	vb,/
0x36105	6	uSdlET
0x36118	6	CblB#f
0x3615c	5	Rb"#S
0x36174	4	Cel5
0x3617f	5	vl4Cb
0x361bb	4	NRd'
0x361c3	4	Mbd;
0x361fd	4	vb,/
0x3620e	4	`"2g
0x36219	4	d\@t
0x3621e	6	C`2b)@
0x36228	7	C`2b\@&
0x36230	5	C`2fg
0x362bf	4	wr#u
0x362e5	7	arf"ThR
0x36310	4	Rb#g
0x36315	5	wr%`"
0x3631c	4	Rb#g
0x36325	5	"Rb#g
0x3632f	5	"Rgsb
0x36339	9	b)B 'Rgsb
0x36343	5	r"%l@
0x36349	5	'Rb#g
0x3634f	5	wr%@"
0x3637f	5	r,7Sf
0x3638b	4	F|6$
0x363ab	4	/"Or
0x363ce	5	rfhPk
0x363e4	5	cb\B?
0x3640a	4	rfS`
0x3641c	4	 &&O
0x36456	6	\eDfSb
0x364af	4	n_e>
0x3655a	4	C`,D
0x3656b	4	vb!b
0x365c6	4	H$|0
0x365cd	5	eb!P-
0x365d7	4	vb!,
0x365dd	5	"C`,D
0x365ee	6	,7b!p-
0x365f9	5	vb!P"
0x36609	5	"b!C`
0x3661d	5	vb!p"
0x36627	5	vb!P"
0x36644	4	Cnbb
0x36669	8	RCjSa`/$
0x366db	4	es`T
0x3674c	4	Rb#f
0x36756	6	`"Rb#f
0x3675d	4	vb%Q
0x36762	6	`"Rb#f
0x3676e	6	`"Rfcb
0x36779	7	b &Rfcb
0x36785	7	b &Rfcb
0x36798	4	Rb#f
0x367a2	6	`"Rb#f
0x367a9	4	vb%X
0x367ae	6	`"Rb#f
0x367ba	6	`"Rfcb
0x367c5	7	b &Rfcb
0x367d1	7	b &Rb#f
0x367de	6	`"Rb#f
0x367f4	4	Rfcb
0x367fd	7	b &Rfcb
0x36809	7	b &Rfcb
0x3682f	7	d,4beaR
0x36837	4	wR$!
0x36889	4	e gU
0x3689c	4	Ld@6
0x368a8	4	Ld@6
0x368b4	4	Ld@6
0x368c0	4	Ld@6
0x368cc	4	Ld@6
0x368d8	4	,b 6
0x368e4	5	Sf|g.
0x368ef	4	bp2.
0x368f9	4	bp2)
0x36903	4	bp2$
0x36973	5	up2R.
0x3698b	5	eb.p5
0x369a3	5	up2R.
0x369bb	5	eb.p5
0x369d3	5	eb.p5
0x369eb	5	eb.p5
0x36a03	5	eb.p5
0x36a1b	5	eb.p5
0x36a33	5	eb.p5
0x36a43	4	uR-V
0x36a4f	5	vp5b.
0x36a67	5	eb.p5
0x36a7f	5	eb.p5
0x36a97	5	eb.p5
0x36aaf	5	eb.p5
0x36ac7	5	eb.p5
0x36adf	6	eb.p5x
0x36af3	6	eb.p5n
0x36b07	6	eb.p5d
0x36b1b	6	eb.p5Z
0x36b35	5	uR. &
0x36b43	4	uR.G
0x36b53	5	uR. &
0x36b6f	4	uR.1
0x36b8d	9	r".sb\2 &
0x36bbb	7	b,4bb'4
0x36bce	4	|f /
0x36bed	5	/"OH$
0x36c17	7	5#psd %
0x36c27	5	udb %
0x36c32	6	 %sedb
0x36c3f	5	udb %
0x36c45	5	udb %
0x36c4b	5	udb %
0x36c51	5	udb %
0x36c57	5	udb %
0x36c5d	5	udb %
0x36c63	5	udb %
0x36c69	5	udb %
0x36c6f	5	udb %
0x36c75	5	udb %
0x36c7b	5	udb %
0x36c81	5	udb %
0x36c87	5	udb %
0x36c92	6	 %sedb
0x36c9f	5	udb %
0x36ca5	5	udb %
0x36cab	5	udb %
0x36cb1	5	udb %
0x36cb7	5	udb %
0x36cbd	5	udb %
0x36cc3	5	udb %
0x36cc9	5	udb %
0x36ccf	5	udb %
0x36cd5	5	udb %
0x36cdb	5	udb %
0x36ce1	5	udb %
0x36ce7	5	udb %
0x36ced	5	udb %
0x36cf3	4	u`br
0x36cf8	6	 %sedb
0x36d0f	5	udb %
0x36d15	5	udb %
0x36d1b	5	udb %
0x36d21	5	udb %
0x36d27	5	udb %
0x36d2d	5	udb %
0x36d33	5	udb %
0x36d39	4	u`ba
0x36d3e	6	 %db $
0x36d45	5	tdb $
0x36d4b	5	tdb $
0x36d51	5	tdb $
0x36d57	5	tdb $
0x36d5d	5	tdb $
0x36d63	5	tdb $
0x36d69	5	tdb $
0x36d6f	5	tdb $
0x36d75	5	tdb $
0x36d7b	7	t`b $sb
0x36daa	4	s`&O
0x36db3	4	/"OE
0x36e07	4	/"O)
0x36e85	5	/"OCm
0x36e9a	5	rfh0d
0x36f7e	4	Rb >
0x36f88	4	-f`<
0x36fcc	4	Cnc`
0x36ff3	4	/ceP
0x36ffb	4	BbdV
0x37036	7	sncmSlM
0x3708a	8	slcmSkCn
0x370a5	4	R2d!
0x370c8	7	CncgSmM
0x3718a	4	SnH$
0x37190	4	"/C`
0x3720b	5	b#`&O
0x3721c	4	+Bbd
0x37225	10	/"OcnSmClL
0x3727c	4	S`&O
0x3728d	4	/"O`
0x37296	5	SfCmM
0x372c6	4	+Bbd
0x372d8	4	,5Sn
0x373b7	4	CCnM
0x373bc	6	<>chSi
0x373db	6	v`b("a
0x374c3	4	/"O8
0x374e3	5	v`b("
0x3753c	4	Cnc`
0x37555	6	/cesf\
0x3755f	4	Brd\
0x375b9	4	BrdE
0x375df	5	5Pb("
0x37631	4	/"O"
0x3763e	4	Cmc`
0x37657	5	ncesf
0x37716	4	Sm %
0x3774c	4	Sm %
0x377ab	5	psf@v
0x377d0	6	SbMB|2
0x37a33	4	pCje
0x37a38	4	Sd8z
0x37a3f	5	D_eSb
0x37a95	8	uRfQRb-!
0x37a9e	5	RVSRb
0x37aa6	5	TVURd
0x37b11	4	/"Oi
0x37b1a	5	SfCmM
0x37b23	4	C"dm
0x37b49	4	/"O[
0x37b59	4	Brd_
0x37b7e	5	r/cgO
0x37b84	5	SfCmM
0x37bb1	4	/"OA
0x37bf8	4	+Bbd
0x37c02	5	mgSf.
0x37c0c	5	+C"d*
0x37c12	5	mgSf*
0x37c1c	6	+C"dSb
0x37c38	6	+C"dSb
0x37c54	4	+C"d
0x37c60	4	+Bbd
0x37c77	4	@bb.
0x37c8f	4	/"O 
0x37ca1	4	@bb.
0x37d78	4	clSm
0x37dec	11	CkcnSm<;Cjf
0x37e13	8	uRfQRb.!
0x37e1c	5	RRSV"
0x37e24	5	TRUV$
0x37e2c	5	VRWV&
0x37e6b	7	/`bcg("
0x37e8d	5	vpbC2
0x37e99	7	rnf.b'6
0x37ef5	5	psf@v
0x37f1a	6	SbMB|2
0x37ff2	4	+Bbd
0x37ffa	4	+Brd
0x38002	4	+Brd
0x3800a	4	+Bbd
0x38024	7	CjciShN
0x38049	4	v|2e
0x38122	5	ciCnA
0x3812a	8	sh,4Sjh&
0x38134	4	Cka/
0x38143	6	vQ"a/:
0x38159	5	Eh2L5
0x381ac	4	-E2d
0x38280	6	CmSd-D
0x3829a	5	,<L5t
0x382d9	6	@cg-Gb
0x382e7	5	@@7,<
0x382f7	4	b\29
0x3830a	4	\2b"
0x38332	4	mB,5
0x3834e	4	,db/
0x38357	4	Bc`.
0x3839b	4	l-N9
0x383dc	4	-NL>
0x384ac	4	H$Cg
0x38501	5	/"OCl
0x3853b	4	/"O*
0x3855b	5	u_ec5
0x38562	4	|=_`
0x385ef	5	6bb("
0x38650	4	<?_j
0x386a7	5	2"b("
0x386d3	5	/"OCm
0x3870d	4	pCn.
0x3871b	6	rpp,6]
0x3872b	4	El5L
0x387a6	4	_ncl
0x387eb	13	rP"cb0rHvP"P&
0x38824	8	cj``SnCm
0x3884f	5	z,fPb
0x38858	6	,b,6cb
0x38861	5	Bl2,:
0x388ad	5	/TfCb
0x38912	8	<c,fob02
0x38a05	7	b,6ofcb
0x38a0d	5	Bl2/`
0x38a29	7	C/b`s72
0x38a5d	4	fc`d
0x38a66	4	@%cb
0x38a70	5	h2-3d
0x38a78	4	!Fc`
0x38a9c	4	!Fc`
0x38b21	5	`Pb<>
0x38b2f	4	bc`$
0x38bbf	4	C>s3
0x38c2d	6	2<;#e@
0x38c3c	4	Tb,f
0x38c99	5	5Pb("
0x38cd5	5	b/`@b
0x38cdb	5	@,b,0
0x38ce5	4	@%pL
0x38d3e	4	P`Sm
0x38d59	5	b,6cd
0x38da7	4	`\>A
0x38dad	4	`\>B
0x38e25	4	`Sf\
0x38e2b	5	u\e|6
0x38e4f	7	CXs<5Sm
0x38e73	6	scd<1@
0x38ee3	4	fh&6
0x38f4d	4	w8#u
0x38f82	6	|6bb("
0x38fb6	6	\6bb("
0x38fd3	9	O|gcmx'Sl
0x38fe5	4	w<0|
0x38ffc	6	L6bb("
0x39437	5	4_eSb
0x3956e	4	,bg2
0x39588	7	\2"fh&X
0x395fd	4	@pp}
0x3968e	10	<tcmCnCbcd
0x39699	5	Dl4Sj
0x396a3	5	DskL2
0x396b1	4	bL2h
0x396bb	4	bL2g
0x396c1	5	bL2!f
0x396c7	6	bL2(Fd
0x396e6	4	\0<@
0x396f7	4	bL2"
0x396fd	6	bL2|6#
0x39705	6	bL2cg$
0x39727	6	bL2c`+
0x3974b	7	CL>1"(A
0x3976c	7	'6n2!B%
0x3979e	4	L0<@
0x397c6	7	'6n2!B%
0x397f0	6	,6<Fc`
0x3981b	6	/#n"/B
0x39862	7	cl|gSmg
0x398cf	5	ua"R/
0x398dc	4	lfSb
0x398e7	5	"R/c5
0x39963	8	CS`$rJs5
0x3997b	6	C&rJs5
0x39987	4	rS`e
0x399bf	4	BCk}
0x399cd	5	CFs<0
0x39a39	4	j\da
0x39a3e	10	lfl4|g+B|4
0x39a5d	4	d<cG
0x39ac7	4	d<cG
0x39b2d	4	OSi 
0x39b32	5	cjCm8
0x39b3f	4	d<cG
0x39b74	4	<Fc`
0x39be4	4	lmCj
0x39be9	4	-Sl9
0x39c47	4	b$r5
0x39c51	4	b&ru
0x39c99	9	jCkJwSlci
0x39cd2	4	,b<a
0x39ce2	4	,b<a
0x39d01	7	b$r&~3`
0x39d44	9	SjCiclsmP
0x39db6	5	\eS`&
0x39e21	5	RSfS`
0x39e62	4	Sd<4
0x39f23	4	Ac`&
0x39f2d	4	vc`&
0x39f45	4	v!UV
0x39f4e	4	c`"v
0x3a031	4	C7`B
0x3a0f8	6	SkCjcm
0x3a11a	5	<c!/W
0x3a15e	5	\eS`v
0x3a194	4	H232
0x3a1df	4	Rh2~
0x3a1f4	6	S`,6Sb
0x3a21d	4	rS`F
0x3a253	5	Rx2g2
0x3a260	4	,7Sb
0x3a33b	4	C7`<
0x3a365	4	Cc`&
0x3a36a	4	sb<2
0x3a36f	4	vc`&
0x3a387	4	v!UV
0x3a390	4	c`"v
0x3a395	4	rce%
0x3a40b	4	jJy 
0x3a42b	4	rC`-
0x3a4f8	4	,3c`
0x3a514	4	("3l
0x3a74e	4	lfh&
0x3a75f	4	B<g1
0x3a7c0	4	,g`/
0x3a7f3	4	kqvl
0x3a803	5	Bl2/b
0x3a896	5	of,ed
0x3a8e4	4	leW2
0x3a943	5	=ld"-
0x3a96d	4	t,fe
0x3a985	5	f,6c`
0x3a9bf	4	tC`]
0x3a9c9	4	tC`]
0x3a9d3	4	tC`\
0x3a9dd	4	tC`\
0x3a9e7	4	tC`\
0x3a9f1	6	tCfC`\
0x3aa01	4	Vst$
0x3ac18	4	X2c2
0x3acfc	4	lf`2
0x3ad10	4	lf`2
0x3ad20	4	lf`2
0x3ad66	4	#f#`
0x3ad6d	5	v!Uc`
0x3ad7a	4	c`"v
0x3adaf	4	B'`a
0x3ae0d	4	V|9B
0x3aeef	4	vS`5
0x3af38	5	cl#`\
0x3af4f	4	psiN
0x3af58	4	Chcb
0x3af72	5	h5,bW
0x3af80	4	"/]2
0x3af86	4	\0<@
0x3af99	4	2!B'
0x3afa8	4	!J!J
0x3afbc	4	,:Cb
0x3afcb	5	CGs<:
0x3b015	4	Fl7 
0x3b02b	5	B r'7
0x3b066	4	h7sb
0x3b076	4	<Fc`
0x3b095	5	C7c62
0x3b09f	5	C7b#`
0x3b0b1	5	D=BCa
0x3b0b7	4	N#` 
0x3b0d3	8	2C`"+Cf1
0x3b0e5	4	R\2"
0x3b102	4	h5r5
0x3b18a	4	lf,n
0x3b19a	4	L0<@
0x3b1a5	4	5X6(
0x3b1ae	4	lfc`
0x3b203	4	Crs$
0x3b214	4	gfff
0x3b23d	5	u!FV7
0x3b270	4	<Fc`
0x3b279	5	6l2w2
0x3b2a8	4	<DH=
0x3b2bb	6	CJsL5$
0x3b2d3	4	Jc`}
0x3b2f1	5	C7c6>
0x3b34d	4	G(@d
0x3b375	4	G(@Z
0x3b3b9	5	C7c6>
0x3b3df	6	Blf\2'
0x3b3f0	5	s~]2d
0x3b3fc	4	<ES`
0x3b41a	7	,b+flE&
0x3b426	4	S`(E
0x3b48d	4	e(B,
0x3b4aa	5	,b("Q
0x3b4dd	4	D,G\
0x3b68c	5	s`@"!
0x3b6e7	4	jJw 
0x3b6ff	4	rc`-
0x3b717	4	rc`-
0x3b727	6	b$rc`u
0x3b72f	6	b&rc`u
0x3b7a7	5	bh2"=
0x3b7ae	4	#mCi
0x3b7c6	4	$rS`
0x3b7d1	4	b&rE
0x3b7ef	4	b&rE
0x3b7f7	4	rS`-
0x3b807	4	rS`-
0x3b92a	9	Bf<cARb/!
0x3b934	5	BRCV"
0x3b94c	5	 tRbg
0x3b952	7	QV"$RRa
0x3b9b1	5	F s<6
0x3b9bd	5	a<~|5
0x3b9ca	4	 q,b
0x3b9d7	8	Cns<5\0H
0x3ba03	4	[lgr
0x3bc57	5	hP/cj
0x3bd18	4	<|m2
0x3bd1e	4	<Fc`
0x3bd2b	4	F(6X
0x3bd36	4	<Fc`
0x3bd3f	4	6(Fc
0x3bdb6	4	<|m2
0x3bdbc	4	<Fc`
0x3bdc9	4	F(60
0x3bdd4	4	<Fc`
0x3bddd	4	6(Fm
0x3bdf3	6	Ocgsvb
0x3be04	4	,676
0x3be2a	4	=B-6
0x3be40	4	=Bh2
0x3be59	12	B'bh2<u#`(B[
0x3be97	6	Ocgsvj
0x3bea8	4	,676
0x3bec7	4	Bl2l
0x3bece	4	=B-6
0x3bee4	5	=Bh2d
0x3befd	8	B'bh2<u>
0x3bf3b	5	B r'4
0x3bf4e	4	CbM>
0x3bf58	6	M>|Fc`
0x3bf6c	4	|Fc`
0x3bf7c	4	h2#f
0x3bf81	7	Bl2=B->
0x3bf8a	4	|Fc`
0x3bf9f	5	u!NX%
0x3bfa9	5	B'b'>
0x3bfd2	4	<F#a
0x3bfd7	4	Ec` 
0x3c02c	4	]jm2
0x3c036	4	,Fc`
0x3c043	6	F'4c`(
0x3c069	5	=C`,M
0x3c0a6	4	,fh0
0x3c0c7	6	F-Mc`M
0x3c0e1	4	>-N.
0x3c10d	5	vl7#f
0x3c119	4	Fl7)
0x3c133	4	@`pM
0x3c13f	4	@ppM
0x3c163	5	vl7#f
0x3c16f	4	Fl7)
0x3c187	4	@`pM
0x3c193	4	@ppM
0x3c202	4	,Fc`
0x3c20d	4	Fc`^
0x3c21a	5	!Bh&T
0x3c23d	5	u\7ce
0x3c249	4	E\7)
0x3c261	4	@`pM
0x3c26d	4	@ppM
0x3c291	5	u\7ce
0x3c29d	4	E\7)
0x3c2b3	4	@`pM
0x3c2bf	4	@ppM
0x3c2d3	4	@lf]
0x3c2e4	4	,Fc`
0x3c2ed	6	6[b,F.
0x3c322	6	'b\0<@
0x3c32f	5	6L6'6
0x3c33e	5	#fc`}
0x3c352	5	\dpB<
0x3c3b7	4	rS`-
0x3c3c9	5	c86ob
0x3c3f3	5	c86ob
0x3c4ae	5	bbW2b
0x3c4cb	5	a0" q
0x3c50b	8	`Js$r&q5
0x3c545	4	f<5E
0x3c557	4	q7c5
0x3c6ac	4	!Fc2
0x3c6e6	4	\;<K
0x3c70b	5	f<c36
0x3c71d	5	Ch33f
0x3c733	5	Ch33f
0x3c741	8	s86ok KZ
0x3c754	4	of#6
0x3c776	4	<Fc`
0x3c792	4	<Fc`
0x3c7ae	4	<Fc`
0x3c7ca	4	<Fc`
0x3c7d5	4	s=Fb
0x3c826	4	<c<?
0x3c850	5	cd!DF
0x3c86b	5	@y&y 
0x3c8bd	4	rC`-
0x3c8cd	4	`$r5
0x3c8e5	4	rC`-
0x3c958	4	Hq<5
0x3c9e4	4	Hq<5
0x3ca5d	4	d<2n
0x3ca71	4	phqT
0x3caca	4	Hq<>
0x3cb0b	4	C|2j
0x3cb19	4	b|2k
0x3cb35	4	s<6]
0x3cb65	4	q<56
0x3cb79	8	sHw<=|6*
0x3cbd1	7	sHw<=|6
0x3cbed	4	@~pM
0x3cc18	4	p`!F
0x3cc2a	4	=B-6
0x3cc42	4	=Bh2
0x3cc67	4	p(6]
0x3cc73	4	@NpL
0x3cc81	8	Cc`0s<2+
0x3cd01	4	Bl2w
0x3cd08	4	=B-6
0x3cd20	5	=Bh2o
0x3cd45	4	p(6]
0x3cd51	4	@NpL
0x3cd5f	6	C0s<2>
0x3cd8f	4	q<5>
0x3cdb7	4	@NpL
0x3cdc5	5	C0s<2
0x3ce0b	4	@NpL
0x3ce19	6	C0s<2<
0x3ce3f	4	s<5<
0x3ce5d	4	@NpL
0x3cec1	4	rS`5
0x3cf0f	4	iJt 
0x3cf35	6	b$rS`E
0x3cf3d	4	b&rE
0x3cf8b	4	iJt 
0x3cfb1	6	b$rS`E
0x3cfb9	4	b&rE
0x3d019	4	h<8t
0x3d0c0	4	<<0v
0x3d239	4	rC`-
0x3d249	4	`$r5
0x3d261	4	rC`-
0x3d28b	5	g,7Sd
0x3d299	4	@,1m
0x3d2a5	7	ukbO`,E
0x3d31d	6	OX6Cm 
0x3d336	4	+a|g
0x3d399	4	k2/ 
0x3d3c5	4	Gcn1
0x3d44f	4	g37|
0x3d46c	4	ofcb
0x3d4d9	5	bh2">
0x3d4e0	4	#nsm
0x3d505	4	b&r5
0x3d577	4	Qsmb
0x3d5af	4	n<cm
0x3d5c1	4	c|6d
0x3d5cd	4	CSnA
0x3d624	4	sr3`
0x3d713	4	jJw 
0x3d72f	4	rC`-
0x3d742	5	&}C`u
0x3d797	7	iCjSh`/
0x3d831	5	lSjch
0x3d869	5	d<csf
0x3d927	4	/"O"
0x3d92f	4	@Cl.
0x3d942	4	(DL6
0x3d955	4	fL2&
0x3d95f	6	d(Bc`&
0x3d973	4	B\2&
0x3d9e3	5	Bhr,=
0x3d9eb	5	BHr,>
0x3db27	4	@~pE
0x3db5c	6	B/S`bb
0x3db72	5	Er"&g
0x3db78	4	bb("
0x3db89	8	v"bl2#fa
0x3dbe7	4	@hpn
0x3dbfd	4	DL5V
0x3dc17	4	B(5V
0x3dc3f	4	B(5V
0x3dc4e	4	be|2
0x3dc75	4	B\2&
0x3dc8a	4	Cebf
0x3dc99	9	v!F!FY&cb
0x3dca5	5	Fxvb2
0x3dcb9	4	vc`^
0x3dce2	5	sjGds
0x3dd49	5	R!V)F
0x3dd61	7	R"f)Fof
0x3dd6d	6	rX6)'g
0x3dd84	6	<B,5G5
0x3dda2	6	2b,7sb
0x3dded	5	B0r#0
0x3de64	4	Er"'
0x3de6e	4	Yr"'
0x3dec3	4	Wx'#
0x3dee7	7	Fh7qV)F
0x3df23	9	Fh7rf)Fof
0x3df31	6	rX6)-g
0x3df51	5	GEww2
0x3df59	7	ReyG9Cg
0x3df79	5	E|5G5
0x3dfc1	5	b|B B
0x3e02d	7	Fh7qV)F
0x3e04b	9	Fh7rf)Fof
0x3e059	6	rX6)-g
0x3e079	5	GEww2
0x3e081	7	ReyG9Cg
0x3e0a1	5	E|5G5
0x3e0e9	5	b|B B
0x3e101	5	BYr#:
0x3e134	4	,;r;
0x3e193	7	Fh7rf)F
0x3e1bb	9	Fh7qV)Fof
0x3e1c9	6	rX6)-g
0x3e1e9	5	BEr'7
0x3e1f1	7	ReyG9Cg
0x3e211	5	E|5G5
0x3e259	5	b|B B
0x3e299	6	vl2#f2
0x3e2b1	6	vl2#f,
0x3e2e7	4	B(5V
0x3e30f	4	B(5V
0x3e323	4	r,5V
0x3e33d	4	Fh5V
0x3e37a	8	rbre(5B5
0x3e391	8	BSa'bh2'
0x3e39c	4	 B#f
0x3e3a2	5	\B(6g
0x3e3b0	4	\B!$
0x3e3b6	5	\B(6g
0x3e3be	4	\B!!
0x3e41f	5	EWeW=
0x3e50c	4	l4Cn
0x3e5af	4	vc`$
0x3e5b5	4	vc`$
0x3e5bb	4	vc`$
0x3e5c1	4	vc`d
0x3e630	5	}BL2 
0x3e72c	4	}BL2
0x3e81d	5	Bl2h&
0x3e824	4	}BL2
0x3e831	4	`q"!
0x3e983	4	BSl1
0x3ea0f	4	pSg-
0x3ec76	5	Cb|2+
0x3ecb6	5	Cb|2+
0x3ecc0	5	Cb|2)
0x3ed16	5	Cb|2)
0x3ed20	5	Cb|2+
0x3ed2a	5	Cb|2*
0x3ed9b	4	pX%-
0x3edbc	4	m@\0
0x3eddf	5	v@pa/
0x3ee3d	4	F`v"
0x3ee47	4	Fxv$
0x3ee7d	5	Ex'S`
0x3ee8c	6	!$Afa'
0x3ee99	4	f vB
0x3eeb2	6	!$Afa'
0x3eebf	4	f vB
0x3eedd	4	/"O9
0x3eee2	4	Sloe
0x3ef0a	4	Smoe
0x3ef36	4	Smoe
0x3ef62	4	Smoe
0x3ef8e	4	Smoe
0x3eff7	4	pCm-
0x3f004	8	Cex'lksl
0x3f01e	4	m@\0
0x3f0b5	4	FCm'
0x3f0ba	4	sdX%
0x3f0d0	4	m@L0
0x3f101	4	v$}t
0x3f107	4	ES`n
0x3f145	4	FCe'
0x3f14a	4	x'sj
0x3f164	4	m@\0
0x3f184	5	m@L0R
0x3f195	4	`${.
0x3f1bb	4	C${E
0x3f208	7	cb=Bh28
0x3f24c	7	cb=Bh2'
0x3f290	6	cb=Bh2
0x3f2af	4	gx'!
0x3f2b7	5	tS`Cb
0x3f33a	4	ofX%
0x3f340	6	cb]Bh2
0x3f376	4	m@\0
0x3f39c	4	X%B/
0x3f3d3	4	tCbc
0x3f424	4	(Fe2
0x3f45a	7	cb=Bh2F
0x3f471	4	OX%E
0x3f4b1	5	B0r#`
0x3f4cd	4	pSd-
0x3f4f1	4	V /'
0x3f534	4	ofcb
0x3f557	5	5Q"Q&
0x3f5b3	4	pSd-
0x3f62a	4	L5,E
0x3f637	4	5S`!
0x3f664	4	_dH$
0x3f66c	4	l2zr
0x3f67b	6	V|g /y
0x3f691	4	V /t
0x3f6fc	4	ofcb
0x3f721	4	5S`"
0x3f741	4	pX%-
0x3f749	4	FCl'
0x3f764	4	m@\0
0x3f7ac	4	B/od
0x3f7ed	4	Bs`-
0x3f84e	4	Sboe
0x3f8bf	7	/"OSgoe
0x3f8e4	4	OR("
0x3f90f	4	F(@q
0x3f949	4	O]fd
0x3f958	7	cb]Bh2d
0x3f966	4	,Fc`
0x3f97d	4	/"O]
0x3f9a5	4	/"OS
0x3f9d5	4	/"OG
0x3f9df	4	BChA
0x3f9f9	4	E\2s
0x3fa09	4	B|2$
0x3fa0f	4	b\2u
0x3fa2f	4	E\2s
0x3fa3f	4	B|2$
0x3fa45	4	b\2u
0x3fa65	4	E\2s
0x3fa75	4	B|2$
0x3fa7b	4	b\2u
0x3fb7b	5	mlfa/
0x3fc16	4	,Fc`
0x3fc46	4	,ES`
0x3fc74	7	Sf\6l5n
0x3fc99	6	BJr_"m
0x3fcab	4	O_`j
0x3fcb8	7	cb]Bh2g
0x3fcca	4	,Fc`
0x3fcd7	4	B,6|
0x3fce2	5	#fc`[
0x3fdb5	4	pB/-
0x3fde8	4	,Fc`
0x3fe18	4	,ES`
0x3fe78	7	Sf\6l5n
0x3fe9f	5	BJr_"
0x3febe	6	cb]Bh2
0x3fed0	4	,Fc`
0x3fedd	4	B,6|
0x3fee8	4	#fc`
0x3ff1a	4	X%Sm
0x3ff5d	4	d]@w
0x40031	5	/"OCn
0x40039	6	ECbSm?
0x40047	4	F$~<
0x40075	4	pX%-
0x4007d	4	FCl'
0x40098	5	m@\0/
0x400e3	4	Blf:
0x4010e	4	+Fsd
0x40189	4	pSk-
0x40191	4	FCj'
0x401be	4	]Ll<
0x401f5	4	BlfL
0x40243	4	EC`^
0x4024a	4	+Fsd
0x4026f	4	FCm'
0x402bd	4	VS`k
0x402ed	4	V /`
0x40361	6	/"OCn9
0x403ad	4	FCm'
0x40509	6	FP"S`!
0x4051d	10	/"OX%Cmcn:
0x40673	5	/"OX%
0x40701	4	pCk-
0x40879	5	VoR("
0x408b9	4	`'fv
0x408c9	4	Fl2!
0x408d5	5	u`"Sf
0x408dd	4	bl2!
0x40915	4	T'f_
0x4091c	4	a%a"
0x40957	4	`'fO
0x40967	4	Fl2!
0x40973	5	u`"Sf
0x4097b	4	bl2!
0x409ab	4	W'f:
0x40a11	5	VoR("
0x40a56	4	a%a"
0x40a5f	4	Fl2!
0x40a75	4	Fl2!
0x40ab9	4	E\2!
0x40ad7	4	NX%*
0x40b03	4	bl2!
0x40b4d	5	bl2X%
0x40b5d	5	bl2P"
0x40b68	4	'b!%
0x40b7f	4	R("U
0x40b8b	4	NX%*
0x40bb7	4	bl2!
0x40c01	5	bl2X%
0x40c11	5	bl2P"
0x40c1c	4	'b!%
0x40c45	4	Fl2!
0x40cc8	4	`"Sf
0x40ccf	4	bl2!
0x40ceb	5	bl2Sm
0x40cf7	5	bl2@"
0x40d6d	5	B'b!%
0x40d7f	4	Fl2!
0x40d8b	5	u`"Sf
0x40dc1	4	Fl2!
0x40dcd	5	u`"Sf
0x40df9	4	Fl2!
0x40e82	5	cb\2)
0x40ed2	4	sb(r
0x40eeb	5	`sb(r
0x40ef8	4	sb(r
0x40f04	4	sb(r
0x40f16	4	sb(r
0x40f24	4	sb(r
0x40f34	4	sb(r
0x40f63	4	h"O#
0x40f80	4	bb("
0x40f96	8	l7Pb,b("
0x40fa6	6	<c<?&O
0x40ffe	6	h&cmCn
0x4105f	4	dl2)
0x41071	4	`l2)
0x4109e	6	h&cmCn
0x410ff	4	dl2*
0x41111	4	`l2*
0x41195	4	Ic`u
0x411bf	6	b r"/n
0x411d9	5	b r"/
0x411fd	5	r"/c`
0x41219	6	b(r"/@
0x41227	4	V(BC
0x41254	4	"/3`
0x412c1	6	b r"/4
0x41349	4	^aba
0x413ad	4	N"/@
0x41553	4	U(B3
0x415a7	4	A"/l
0x416cf	4	C"/l
0x41bb3	4	B(B$
0x41d37	4	M"/@
0x41ed9	4	`"/v
0x41edf	4	Ms`@
0x41fe1	4	`"/L
0x42111	4	I yl
0x42148	5	Ql7<k
0x421a3	4	L"/L
0x42301	4	r"/>
0x4238f	4	^aba
0x423aa	4	<?&O
0x423c9	7	/"OSjCk
0x42427	4	pSl-
0x4242f	4	FX%'
0x424e9	5	a r(B
0x4256d	5	a u(E
0x425d1	5	a u(E
0x42627	6	eAV"/a
0x4262e	4	BRCV
0x4264b	5	kS`ce
0x42684	4	333?
0x426b3	4	pX%-
0x426bb	4	FCm'
0x426d6	4	m@\0
0x42789	4	},6i
0x427f5	4	r"/U
0x42806	9	4v r(F"/Q
0x42815	6	b(r"/@
0x42849	4	F(@E
0x4286b	4	r"/8
0x42879	6	B4r(B$
0x42881	6	b r"/3
0x4288d	6	b(r"/@
0x428c1	4	F(@(
0x428d7	4	B_`!
0x428f4	4	+F&O
0x429b5	6	f vb/&
0x429c7	4	V"/#
0x42b20	4	,b >
0x42b4b	4	@pp}
0x42b65	5	r,5Cb
0x42b6b	4	D,4S
0x42b73	4	D\4R
0x42b97	4	@(p~
0x42c17	4	@pp}
0x42c2b	6	@!%pp+
0x42c3d	4	@pp}
0x42c57	6	@QfppB
0x42cfd	4	@]pl
0x42d45	4	@`p%
0x42d83	8	@,6ppce}
0x42d97	4	B\2,
0x42dbb	4	@pp}
0x42dcb	4	rpp%
0x42def	4	@`p}
0x42e17	4	@pp}
0x42e27	4	rpp%
0x42e4b	4	@`p}
0x42fcd	4	B_fz
0x4300f	4	@]pl
0x4305d	4	@`p}
0x430b5	4	T/fL
0x430d1	4	T/fF
0x430ed	4	T/f@
0x43109	4	T/f:
0x43125	4	T/f4
0x4313f	4	@pp}
0x4316b	4	T`p&
0x4330b	4	@4pm
0x4333b	4	@pp}
0x434b1	4	@pp}
0x43529	4	@pp}
0x4360b	4	@]pi
0x43617	4	@]pl
0x43641	4	@]p$
0x436ab	4	@]p$
0x436f6	4	L`Cb
0x43725	4	r"/"
0x437fc	4	Ce,D
0x43864	5	'7"/t
0x438e6	5	Ce,D[
0x43929	4	@ pn
0x439ae	5	Ce,D,
0x439ed	4	@$pn
0x43b0a	4	se"&
0x43c1f	4	@$pm
0x43c5b	4	B[t~
0x43d97	4	@$p]
0x43e53	4	@$pm
0x43ebb	4	@$pm
0x43f6d	6	/"OCnB
0x441a6	4	"/sf
0x442ac	4	"/\e
0x4439d	4	@Dp~
0x443d5	4	@@p~
0x444d3	4	r"/M
0x44541	4	B_ec
0x445a9	4	@pp]
0x4469b	4	B%vY
0x44744	4	"/\e
0x447db	5	r,5sb
0x447e7	4	B\2#
0x44803	4	G,7e
0x44859	4	@`pm
0x448f1	4	@pp-
0x448f6	4	L`cb
0x448fb	4	Bl2[
0x44930	4	C` b
0x44938	5	\e,n$
0x44961	4	" bW
0x44a3f	4	@pp-
0x44a4b	4	M|=[
0x44a53	6	M\=)}S
0x44b12	4	"/\e
0x44b4f	4	@pp-
0x44b5b	4	Ml=[
0x44b63	6	M\=$}9
0x44b92	4	,b#g
0x44b97	4	G,7.
0x44bb5	4	b(" 
0x44c8f	4	npp-
0x44c94	4	L`cb
0x44c99	4	Bl2[
0x44ca1	5	B,=,>
0x44d15	4	@pp-
0x44d25	4	B\2,
0x44d35	4	d -n
0x44dea	4	\eSb
0x44df6	6	L6bb("
0x44e0e	5	P.\eW
0x44e44	4	,fh&
0x44e4b	5	vlfh&
0x44f71	4	pCg.
0x44f7f	5	rpp,>
0x44f8d	4	F,6[
0x44fc2	4	C`l5
0x44fef	4	r"/h
0x4503a	4	l`l5
0x4508b	4	pCm.
0x45099	6	rpp,>m
0x450a7	4	F,6[
0x450e0	5	\e,m1
0x45128	7	lBAr#g"
0x45137	4	B\eQ
0x451d0	4	"/\e
0x451f8	4	rfh0
0x45213	4	@0pm
0x45227	4	@0p%
0x4522f	4	@2pm
0x45243	4	@2p%
0x4536f	4	@`pm
0x4547d	4	pCn.
0x4548b	6	rpp,=]
0x45499	4	E,5[
0x4559d	4	B\ed
0x4563d	4	r"/D
0x45677	4	mpB<
0x456e7	4	@pp-
0x456f3	4	Nl>[
0x456fb	6	N\>$~U
0x45737	4	r"/'
0x4574b	6	@p.ppw
0x4576a	4	l5#f
0x45777	4	B\2%
0x457f3	4	@pp-
0x457ff	5	Nl>Cf
0x4580b	6	NL`\>[
0x4583f	4	b,`2
0x45870	5	,b(7c
0x45894	5	|g"/7
0x458ad	5	@`.pp
0x4592f	4	npB<
0x459a5	4	@pp-
0x459aa	6	L`Cbcn
0x459b1	4	Nl>[
0x459f0	4	,bc2
0x459f9	4	G,7{
0x45a0e	5	,r#gx
0x45a1b	4	B\e(
0x45a62	4	"/\e
0x45a87	4	u`ba
0x45acd	6	rpp,>m
0x45adb	4	F,6[
0x45b24	5	C`l7&
0x45b42	4	,b("
0x45b5f	4	r,7#
0x45b69	4	B\e/
0x45b74	5	Rf 6)
0x45bd7	4	npB<
0x45c39	4	pCg.
0x45c47	6	rpp,=]
0x45c55	4	E,5[
0x45c9d	4	b\2'
0x45cd0	5	"/|gv
0x45ce4	5	Rf 6.
0x45cfb	6	@p-ppp
0x45dd2	4	lf`0
0x45e87	5	@(p"/
0x45f18	4	s`r/
0x45f31	5	/"OL`
0x45faf	4	B|gp
0x46005	4	@pp-
0x4600a	6	L`Cbcn
0x46011	4	Nl>[
0x460c1	4	@pp-
0x460cd	4	Nl>[
0x460d5	6	N\>,~s
0x4612d	5	@p.pp
0x461d4	4	"/\e
0x4620d	4	@pp-
0x46219	4	Nl>[
0x46221	6	N\>-~:
0x46275	6	@p.ppd
0x462ae	4	"/\e
0x462e5	4	@pp-
0x462ea	6	L`Cbcn
0x462f1	4	Nl>[
0x4636e	4	"/\e
0x46389	6	/"OL`*
0x4647d	4	B\e~
0x464f8	5	"/|gk
0x46520	4	 %Pf
0x46582	5	"/|gI
0x465b4	4	 %Pf
0x465cc	4	"/\e
0x46618	5	"/|g#
0x4664a	5	 %PfF
0x466cc	4	"/\e
0x466f0	4	CbL`
0x46732	6	!F!Fc`
0x46745	5	Fh4H$
0x46776	5	"/|gf
0x467e8	4	`%Pb
0x46800	4	"/\e
0x4684a	5	\e,gc
0x46874	4	 %Pf
0x4688c	4	"/\e
0x4690c	4	gfff
0x46985	4	pCbn
0x46b14	4	\eP0
0x46b20	4	\eP0
0x46b2c	4	\eP0
0x46b38	4	\eP0
0x46bc6	4	ab("
0x46c13	4	VP6f
0x46c3a	5	bb("R
0x46c54	5	ab("E
0x46dae	6	+B&O&O
0x46de0	4	ab("
0x46e1b	4	T-6b
0x46e4c	6	|6,Fc`
0x46e5d	4	F(6c
0x46e63	4	F"/n
0x46ed7	6	/"OSkW
0x46ee0	6	smcnCl
0x46fcb	4	b("U
0x4715e	4	lf`0
0x4716a	4	lf`0
0x47176	4	lf`0
0x47182	4	lf`0
0x471dd	4	B_fG
0x47282	4	QR("
0x47512	4	ab("
0x4751f	7	r!&Qb("
0x47592	4	Qb("
0x476f6	4	lf`0
0x47702	4	lf`0
0x4770e	4	lf`0
0x4771a	4	lf`0
0x4773f	4	v!/o
0x47805	4	BSgI
0x47976	7	Cb\2c2l
0x479a3	4	E,5{
0x479ef	4	E,5h
0x47a70	4	L`Cg
0x47b22	4	lf`0
0x47b2e	4	lf`0
0x47b3a	4	lf`0
0x47b46	4	lf`0
0x47c3e	4	bb("
0x47cec	4	ab("
0x47d5c	4	ab("
0x47e21	4	v!/*
0x47ee7	4	Bofo
0x47f45	4	b("&
0x47f74	4	ab("
0x48032	5	mD\4H
0x480c9	4	Tlb(
0x480d9	4	C/eP
0x480ef	4	B_el
0x481b5	4	C/eP
0x481cb	4	B_eL
0x48236	4	mB\2
0x4827d	7	va%of'6
0x4828e	4	abS2
0x48295	4	r!&f
0x4829c	10	AbaeX2!$/b
0x482b2	4	ab("
0x482e1	4	BqeX
0x4831f	7	va%of'6
0x48330	4	abS2
0x48337	4	r!&>
0x4833e	5	Aeab2
0x48348	7	Q$_e&VA
0x48358	4	mB'5
0x48364	4	ab("
0x48393	4	Bqe,
0x483c6	4	,6`>
0x483df	6	rCf/b@
0x48461	7	tOdCf,6
0x48480	5	,6cef
0x48488	4	ab("
0x48533	4	BcdY
0x48540	4	ab("
0x4854a	5	Qbg2p
0x48584	5	/b,6B
0x48592	6	,6Qb("
0x48704	5	Pb("`
0x48717	4	b("W
0x487e1	4	/"OE
0x488eb	4	b("]
0x489c0	4	VRb2
0x48a56	4	lf`0
0x48a62	4	lf`0
0x48a6e	4	lf`0
0x48a7a	4	lf`0
0x48c05	4	b("O
0x48c19	4	b("E
0x48d20	4	lf`0
0x48d2c	4	lf`0
0x48d38	4	lf`0
0x48d44	4	lf`0
0x48f77	4	/"O|
0x48fcd	4	Bce 
0x492c5	4	FS`p
0x49302	5	Cb\Bn
0x49372	4	,b 0
0x4937e	4	,b 0
0x4938a	4	,b 0
0x49396	4	,b 0
0x493a8	5	!eqb:
0x493c4	5	\eqb8
0x493d9	4	Bof4
0x494d0	4	!b#f
0x494dd	4	v!/x
0x49567	6	T\e1b$
0x49581	4	BofM
0x4959d	4	v!/R
0x495be	5	\B,fK
0x495de	6	abqfl2
0x49628	4	ab("
0x49638	5	ab("7
0x4964e	9	!fSbl2C2*
0x4978c	5	\eP0>
0x49794	5	\eP0%
0x497b4	4	\eP0
0x497c0	4	\eP0
0x497cc	4	\eP0
0x497d8	4	\eP0
0x49a61	4	BLdd
0x49b0b	4	FS`G
0x49cce	4	"/\e
0x49d3c	5	lf`0j
0x49d44	5	lf`0f
0x49d4c	5	lf`0b
0x49d54	5	lf`0^
0x49e15	4	BSfZ
0x49ea0	4	L`Cb
0x49f0a	4	,b 0
0x49f16	4	,b 0
0x49f22	4	,b 0
0x49f2e	4	,b 0
0x49fcf	4	B\eL
0x4a004	4	(Fb2
0x4a0a2	4	lf`0
0x4a0ae	4	lf`0
0x4a0ba	4	lf`0
0x4a0c6	4	lf`0
0x4a1cf	4	BSfZ
0x4a1e0	4	L`Cb
0x4a24a	4	,b 0
0x4a256	5	,b 0v
0x4a25e	5	,b 0r
0x4a266	5	,b 0n
0x4a2e7	4	B\e*
0x4a456	4	lf`0
0x4a462	4	lf`0
0x4a46e	4	lf`0
0x4a47a	4	lf`0
0x4a756	4	\eP0
0x4a762	4	\eP0
0x4a76e	4	\eP0
0x4a77a	4	\eP0
0x4a7a9	4	R,fg
0x4a7d9	4	Bl2~
0x4a7e1	7	B\2+Wx'
0x4a7f7	4	B_eW
0x4a845	4	GSmJ
0x4a8ab	4	B_e3
0x4a9c3	5	GxwVb
0x4aa7c	5	,`#fl
0x4aaae	5	ag"/^
0x4aaef	4	B,5P
0x4ab50	4	L`Cb
0x4ab85	4	B\e.
0x4ac5f	4	b!%Z
0x4ac74	4	<?L`
0x4acf6	4	\eP0
0x4ad02	4	\eP0
0x4ad0e	4	\eP0
0x4ad1a	4	\eP0
0x4adb5	4	@l2V
0x4adbb	4	DS`I
0x4adcb	4	@L1U
0x4ade3	4	@,6f
0x4ae1f	4	@#f&
0x4ae41	4	EC`D
0x4ae7f	4	B_e+
0x4b008	4	L`Cb
0x4b03c	5	ag"/h
0x4b072	4	Qb("
0x4b08d	4	tL6P
0x4b108	4	L`Cb
0x4b140	5	1g"/'
0x4b2d6	4	,b 0
0x4b2e2	4	,b 0
0x4b2ee	4	,b 0
0x4b2fa	4	,b 0
0x4b30b	6	dab("Z
0x4b32f	4	Udb[
0x4b337	4	udbZ
0x4b33f	4	udbK
0x4b347	6	u`b %Z
0x4b359	4	F qN
0x4b398	6	cb\2 4
0x4b3e3	4	Udb.
0x4b3eb	4	udbK
0x4b3f3	5	udb %
0x4b3f9	6	u`b %7
0x4b40b	4	F q"
0x4b61c	5	lf`0j
0x4b624	5	lf`0f
0x4b62c	5	lf`0b
0x4b634	5	lf`0^
0x4b6f5	4	BSfZ
0x4b7dc	5	lf`0h
0x4b7e4	5	lf`0d
0x4b7ec	5	lf`0`
0x4b7f4	5	lf`0\
0x4b8ac	4	ae1f
0x4b91e	4	lf`0
0x4b92a	4	lf`0
0x4b936	4	lf`0
0x4b942	4	lf`0
0x4ba8c	5	Lb#`^
0x4bb74	4	ab("
0x4bbb5	4	Th&e
0x4bde4	4	Qb("
0x4be21	4	B\ed
0x4beed	6	l"OL`A
0x4bef8	6	rb+B&O
0x4c0d2	4	"/\e
0x4c14c	4	lf`0
0x4c158	4	lf`0
0x4c164	4	lf`0
0x4c170	4	lf`0
0x4c219	4	B1e1
0x4c229	4	B1e-
0x4c347	4	BSfZ
0x4c3be	4	\eP0
0x4c3ca	4	\eP0
0x4c3d6	4	\eP0
0x4c3e2	4	\eP0
0x4c411	4	uP`.
0x4c4ad	4	Ga.2
0x4c5ee	5	qb("_
0x4c62c	4	qb("
0x4c64a	7	/bqf#60
0x4c673	4	Bcdd
0x4c6ac	4	ae1f
0x4c6e0	5	Qbg2}
0x4c6f3	4	B1fD
0x4c743	4	B1fL
0x4c752	4	Abg2
0x4c76a	4	AeSb
0x4c76f	5	r}Bl2
0x4c775	4	r `.
0x4c798	6	Sb}BL2
0x4c79f	4	r `.
0x4c7d2	4	b/_e
0x4c7ec	4	"OL`
0x4c7f6	6	rb+B&O
0x4c97a	4	"/\e
0x4cb07	4	nv]G
0x4cb42	4	lf`0
0x4cb96	4	lf`0
0x4cba2	4	lf`0
0x4cbae	4	lf`0
0x4cbba	4	lf`0
0x4ce75	4	n"Om
0x4ce88	6	+B&O&O
0x4cedc	4	,b 0
0x4cee4	4	,b 0
0x4cfed	4	T,7/
0x4d136	4	lf`0
0x4d142	4	lf`0
0x4d14e	4	lf`0
0x4d15a	4	lf`0
0x4d1c5	4	B\eO
0x4d282	4	ab("
0x4d290	6	!&Qb("
0x4d368	4	Qb("
0x4d414	5	lf`0+
0x4d438	4	lf`0
0x4d444	4	lf`0
0x4d450	4	lf`0
0x4d45c	4	lf`0
0x4d47c	4	2b("
0x4d52d	4	G(7&
0x4d533	4	G,7<
0x4d55d	4	vcb]
0x4d587	4	E,5+
0x4d6f2	4	lf`0
0x4d735	4	F,6D
0x4d73d	4	Bof+
0x4d872	4	2b("
0x4d925	4	v!/{
0x4d92b	4	Bof4
0x4da91	4	Tlf8
0x4dab5	4	B_ep
0x4dabf	4	Tlf<
0x4dae3	4	B_eY
0x4dba8	4	mD\4
0x4dc05	6	E&Wl5w
0x4dc19	4	B_eP
0x4dc68	4	mB\2
0x4dc92	4	of`=
0x4dcb1	5	ucb\2
0x4dcd0	4	ob\2
0x4dd14	5	/b,57
0x4dd7a	4	"/\e
0x4de81	4	/"Od
0x4deb1	5	l"OC`
0x4df00	4	+B&O
0x4df0a	5	+B&OH
0x4df10	5	+B&OG
0x4df16	5	+B&OG
0x4df1c	5	+B&OF
0x4df22	6	+B&O&O
0x4df38	4	L`Cn
0x4df86	4	lf`0
0x4df92	5	lf`04
0x4dfc3	4	Bce'
0x4e087	5	b,6cd
0x4e098	4	Rb("
0x4e0c3	4	Dc`N
0x4e109	4	Dc`N
0x4e1ad	4	v!/i
0x4e1b3	4	Bofh
0x4e1cb	4	F,6c
0x4e1f0	4	bb("
0x4e20f	4	r#f%
0x4e217	4	Bof4
0x4e221	4	PL2=
0x4e269	4	E!/^
0x4e2d1	4	Bc`.
0x4e392	10	_eOdCb\2s2
0x4e3bf	4	b("b
0x4e3dd	4	Bc`.
0x4e437	4	uQ,f
0x4e43f	6	dL5g5!
0x4e477	4	uQ,V
0x4e47f	5	dL5g5
0x4e4e5	4	eAfL
0x4e533	4	F,6?
0x4e552	6	\2"b("
0x4e567	4	r/f4
0x4e5ac	5	Ae#5H
0x4e5c6	7	,6bb(":
0x4e5d2	4	Q$xd
0x4e650	4	Cb\2
0x4e660	6	,6bb("
0x4e676	4	Ab("
0x4e6a2	4	"&Ab
0x4e6d0	6	,fobW2
0x4e6f5	6	m"OL`\
0x4e7bb	4	v!/M
0x4e807	4	F,6?
0x4e818	4	Qb("
0x4e82d	4	va+1
0x4e837	4	f,64
0x4e83f	4	Boex
0x4e84a	4	Qbc2
0x4e861	4	va+$
0x4e86b	4	f,6'
0x4e873	4	Boe^
0x4e884	4	"&Qb
0x4e8a3	4	BofF
0x4e91f	5	vobW2
0x4ebc8	4	lf`0
0x4ebd4	4	lf`0
0x4ebe0	4	lf`0
0x4ebec	4	lf`0
0x4ec28	4	bR("
0x4ec76	4	bR("
0x4ecb7	4	B1fH
0x4eccc	4	aR("
0x4ece7	4	B1fp
0x4ecfb	4	B1ff
0x4ed0f	4	bLB$
0x4ed16	4	af#0
0x4ed64	4	,G1f
0x4ed6b	4	u"/2
0x4ed71	4	B_e+
0x4ed81	4	B1f.
0x4ed8b	4	T"/*
0x4edcb	4	BSfZ
0x4eec4	4	lf`0
0x4eed0	4	lf`0
0x4eedc	4	lf`0
0x4eee8	4	lf`0
0x4ef57	5	W|5c5
0x4ef97	4	gl7R
0x4f01b	4	T_e~
0x4f043	4	B1f5
0x4f04d	4	T`u8
0x4f057	4	B1f0
0x4f069	4	T_e/
0x4f098	4	`b("
0x4f0c2	4	ae1f
0x4f21b	4	BSfZ
0x4f2fb	4	BSfZ
0x4f467	4	BSfZ
0x4f54f	4	BSfZ
0x4f569	5	BCm,=
0x4f578	4	R/aP
0x4f5f2	4	lf`0
0x4f8a5	4	BSfZ
0x4f8d6	4	lf`0
0x4fa6a	4	lf`0
0x4faa0	4	bR("
0x4fb0f	4	Vh0T
0x4fb69	4	Vh0=
0x4fcb7	4	BSfZ
0x4fce5	4	/"Oj
0x4fcea	4	<?L`
0x4fd4c	4	lf`0
0x4fd54	4	lf`0
0x4fd5c	4	lf`0
0x4fd64	4	lf`0
0x4fddd	4	B_ft
0x4ffe7	4	r/eZ
0x500c5	4	B_eX
0x5011d	4	B_eh
0x501d5	4	d!/!
0x501e7	4	d!/!
0x50271	4	B_el
0x5028b	4	B_ep
0x502a5	4	B_et
0x502bf	4	B_ex
0x502d9	4	B_e|
0x50379	4	B_eE
0x50468	6	<c<?&O
0x50504	4	L`Cb
0x5053d	4	G,7f
0x505ee	4	L`Cg
0x5064d	4	Br&3
0x506b3	4	@npm
0x50730	4	L`Cg
0x50791	4	Br&.
0x507d2	4	"/\e
0x507eb	4	@npm
0x50802	4	L`Cg
0x50849	4	r"/?
0x5085f	4	Fq%C
0x5086f	4	Fpt*
0x508d8	4	L`Cg
0x509cd	4	vob{
0x50a00	4	L`Cg
0x50a43	4	r"/?
0x50ac4	4	L`Cg
0x50b23	4	b!%(
0x50b44	4	b/\e
0x50b7c	4	"/\e
0x50b96	4	"OL`
0x50ba0	6	bb+B&O
0x50c60	4	Rf 6
0x50c82	4	L`Cg
0x50cbb	4	B\ef
0x50d26	4	L`Cg
0x50d5f	4	B\eE
0x50f47	4	rknH
0x50f66	7	RfQRb+!
0x50f6e	5	RVSRb
0x50f99	4	dlB'
0x51000	4	L="-
0x510dd	8	}RbQV".a
0x510e6	4	RVSR
0x510f1	5	bL2".
0x51110	4	Rbl2
0x511a4	4	,4Sb
0x511d4	5	l7s`^
0x511e3	4	r,6x
0x51209	4	Fl5#
0x5121b	4	`l4F
0x51264	4	<c<?
0x51282	4	L`Cn
0x5135d	4	@npm
0x51374	4	L`Cg
0x5148a	4	L`Cg
0x51504	6	"&Ab("
0x51520	5	"/\eL
0x51545	9	2!%Ae/fg5
0x51560	4	L`Cb
0x5158b	4	v,dl
0x51591	4	D,`H
0x515bb	4	v,gl
0x51610	5	\e"&O
0x516f7	7	60u\2b"
0x51748	8	|gSf0vb/
0x51764	6	RfSbC6
0x51793	5	fbbs`
0x517af	4	E,5n
0x517fc	4	L`Cn
0x51941	4	@npm
0x51964	4	L`Cg
0x519c5	4	Fq%b
0x519d5	4	Fpt+
0x51a40	4	L`Cg
0x51b03	4	/"O.
0x51bbf	7	rck0{cg
0x51c13	5	uRbC2
0x51c20	9	LdRbQV"'a
0x51c2a	4	RRSV
0x51c77	4	vc`^
0x51e48	5	,b 09
0x51e50	5	,b 05
0x5201e	4	#`Cf
0x52035	4	W#`N
0x5203d	4	Bsdb
0x52139	4	F"e7
0x522df	5	UbbR2
0x52305	4	Vl2(
0x523ff	4	B|g5
0x525fa	4	bb("
0x52608	4	cR("
0x52617	4	p"f^
0x5268d	4	@np,
0x526a6	5	,VP6-
0x52705	4	BLdZ
0x52718	4	L`Ce
0x527fb	5	r'7"/
0x52809	4	B_fH
0x52813	4	B_fC
0x528ae	4	L`Ce
0x528f9	4	@ pn
0x5297c	4	"/c`
0x52989	4	BofZ
0x5299a	4	L`Ce
0x529e9	4	@$pn
0x52aa8	4	"/c`
0x52ab5	4	BofZ
0x52ae4	5	L`Cb[
0x52b37	4	G,7r
0x52b57	4	Bl2/
0x52b77	4	Bl2/
0x52ba2	4	lf`2
0x52baa	4	lf`2
0x52bb2	5	lf`2&
0x52c0a	6	<c<?&O
0x52c3f	4	@pp-
0x52c4f	4	B\2,
0x52d5b	4	C!.*
0x52d75	10	FXv|Bl0,fl
0x52da6	4	"/\e
0x52dc6	5	CbL`C
0x52e22	4	\eAg
0x52e33	4	B|gt
0x52e69	4	eX%Y
0x52e9e	5	Q$_eD
0x52ea4	5	Ab'5;
0x52eb2	4	Abc2
0x52eb9	4	r!$=
0x52ebe	6	/bAfg2
0x52f12	4	"/\e
0x52f32	5	CbL`C
0x52f74	4	\eAg
0x52fe7	4	B\ej
0x52ff2	5	Abc2d
0x52ffc	4	!$S`
0x5301b	4	b("P
0x53050	5	Q$_eh
0x53056	5	AbW22
0x53069	4	r!$b
0x5306e	6	/bAf'6
0x530d2	7	CbL`lB[
0x53126	4	cg\e
0x5316c	4	"/\e
0x5318a	5	CbL`C
0x5328d	4	U<px
0x53354	5	L`Cb[
0x533b5	4	G(74
0x533c1	4	B_e1
0x533e7	4	vl2&
0x53544	4	"/\e
0x535c8	4	bb("
0x53616	5	aR("m
0x53641	4	pren
0x5365d	5	Wrb 0
0x536a9	4	C"f$
0x537b0	5	aR("d
0x537cd	4	C!VV
0x537f4	5	bR("B
0x5382f	4	C!V%
0x538c0	5	bR("d
0x538dd	4	C"VV
0x53904	5	cR("B
0x5393f	4	C"V%
0x53a1c	5	cR("s
0x53a39	4	C#Ve
0x53a7a	5	sR"ee
0x53ab9	4	C#V%
0x53b26	4	CmlM
0x53c68	4	Cn,N
0x53cb2	4	Xr,5
0x53cba	7	,b,5PbJ
0x53ce9	4	r"/~
0x53d15	4	@<pn
0x53d86	4	Xr,5
0x53d8e	7	,b,5PbV
0x53d96	4	,bg2
0x53dbe	4	Cn,N
0x53df4	4	`b,`
0x53e93	4	&`b^
0x53ea5	4	C/fT
0x53eb7	4	C/fK
0x53f4a	4	"/_e
0x53f6c	4	Cg,G
0x53f9e	5	C``gx
0x53fc4	5	"/_ek
0x53ff5	4	C/f#
0x54038	5	"/_eI
0x5405a	4	Cg,G
0x540c4	5	"/_e+
0x540f5	4	C/f#
0x54138	4	"/_e
0x541a0	4	Cg,G
0x541d2	4	C``g
0x541f6	5	"/_el
0x54227	4	C/f#
0x5426a	5	"/_eU
0x5428a	4	Cg,G
0x542bc	5	C``gd
0x542d6	5	"/_e4
0x54307	4	C/f#
0x5434a	4	"/_e
0x5435f	6	/"OCn$
0x54421	6	b,b("(
0x5442d	4	@<p)
0x54438	4	Xu\4
0x5443e	5	,4@bJ
0x5446a	5	"/|gT
0x54494	6	Pb,bc2
0x5449d	6	r %,`@
0x544b4	7	Pb,b#`A
0x544cd	8	tL5,5PbY
0x544e0	4	Pb("
0x544e7	4	r,`@
0x54503	10	tL5,b,5Pb=
0x5455d	5	b,fh&
0x54572	4	Xu\4
0x54578	5	l4@f?
0x5457e	4	lf'6
0x5485f	4	C/f#
0x548a2	5	"/_ez
0x548c6	4	Cn\N
0x548f2	5	C``nx
0x5492b	6	g"/_e\
0x54994	5	"/_e=
0x549b8	4	Cn\N
0x549e4	5	C``n2
0x54a1d	6	g"/_e 
0x54a4d	4	C/f?
0x54a5f	4	C/f6
0x54ac8	4	"/_e
0x54aec	4	Cn\N
0x54b18	5	C``nd
0x54b4f	6	g"/_ez
0x54bb8	5	"/_eY
0x54bdc	4	Cn,N
0x54c61	4	u"/=
0x54cfe	4	"/_e
0x54dc8	4	Cg,G
0x54e0f	4	g}g\
0x54e20	5	"/_e\
0x54e53	4	C/f0
0x54e65	4	C/f'
0x54eab	4	rbeA
0x54eb0	5	"/_e@
0x54ed4	4	Cg,G
0x54f19	4	g|g'
0x54f2a	4	"/_e
0x54fe0	4	"/_e
0x55006	4	CmlM
0x550bc	5	\e"/N
0x550e2	4	Cg,G
0x55139	4	B\e/
0x55194	4	\e"/
0x551ba	4	CmlM
0x552d6	4	Cg,G
0x5532d	4	B\e/
0x55388	5	\e"/J
0x553ac	4	Cg,G
0x55413	4	B\e0
0x55470	4	\e"/
0x554de	4	Cg,G
0x55543	4	B\e0
0x555a0	5	\e"/m
0x555bc	7	CgL`,G[
0x5560f	4	B,7'
0x5563e	4	,7s`
0x5566b	5	`m@,0
0x557e2	4	CmlM
0x55952	4	,Gs`
0x55970	5	#g#g(
0x55a7a	4	Cg,G
0x55abb	4	g|gx
0x55ac6	5	"/\ey
0x55aeb	4	Bpt&
0x55b34	5	\e"/c
0x55b58	4	Cg,G
0x55b9c	4	,bc2
0x55ba4	5	 .,g=
0x55c2a	4	CblB
0x55d0c	5	\e"/z
0x55d99	4	/"OS
0x55dcf	5	i"OH$
0x55e27	6	/"OCm@
0x55e71	4	Bpt^
0x55e78	4	+C&O
0x55e85	4	/"O.
0x5602e	4	#d`/
0x560fb	5	klf`2
0x56161	4	4b$!
0x56175	7	2"f\6b"
0x561b9	5	2`/#d
0x5620b	5	6bb\2
0x56329	7	ESf,6bb
0x56341	6	dpprf=
0x5637f	4	/"OB
0x563a1	4	Bcd,
0x563c1	4	ecnU
0x5641c	6	sn"/cm
0x564a9	4	/"Og
0x564d4	5	,b 6w
0x564de	5	,b 6j
0x564e6	5	,b 6^
0x564ee	5	,b 6U
0x564f6	5	,b 6L
0x564fe	5	,b 6C
0x56506	5	,b 6:
0x5650e	5	,b 61
0x56516	5	,b 6(
0x5651e	4	,b 6
0x56526	4	,b 6
0x5652e	4	,b 6
0x5662f	5	Bl2/b
0x566d2	4	lf`2
0x566de	5	lf`2n
0x566e6	5	lf`2e
0x566ee	5	lf`2\
0x566f6	5	lf`2S
0x566fe	5	lf`2J
0x56706	5	lf`2A
0x5670e	5	lf`28
0x56716	5	lf`2/
0x5671e	4	lf`2
0x56726	4	lf`2
0x56762	4	,b#=
0x56812	4	,b#=
0x56824	4	,b#=
0x56864	4	,b#=
0x5688e	4	,b#=
0x568a0	5	,b#=<
0x56935	4	/"O.
0x56993	4	/"O{
0x569f2	4	lf`2
0x569fe	4	lf`2
0x56a0a	4	lf`2
0x56a28	4	lf`2
0x56a3b	4	@pp=
0x56a4a	4	lf`2
0x56a7c	5	,b 6G
0x56a84	5	,b 65
0x56a8c	5	,b 6/
0x56aa9	4	d<pn
0x56ab3	4	vl0L
0x56ab8	4	Ld@2
0x56b29	4	@pp-
0x56b39	4	BL2,
0x56b5b	4	@<p.
0x56b63	12	t\7|6`b,b 4%
0x56ba9	5	bQfc2
0x56bb2	4	Qfg2
0x56bcb	4	/"OU
0x56c27	4	/"O.
0x56cb0	6	@b,bp2
0x56cd5	4	4np}
0x56d13	4	b`2#
0x56d1f	4	@<p)
0x56d2a	4	Xr,5
0x56d31	5	5Pb,b
0x56de7	5	@Ppmb
0x56dfa	4	,Fc`
0x56e03	4	6c`t
0x56e19	4	@]p\
0x56e35	5	dS`,4
0x56e3e	6	_eC`Sf
0x56e55	7	uS`_es5
0x56e6e	4	lf`2
0x56e87	4	W,:J
0x56ea3	5	Wbb 7
0x56ef0	4	cR("
0x56f0b	5	WcR&7
0x56f60	6	cg<4Ce
0x56f68	4	ofcb
0x56f6f	7	Bof\2C6
0x56fff	5	gCi,7
0x57006	4	OdCb
0x5700b	7	B|2"eX%
0x5707e	4	\V 6
0x570b2	4	_eSb
0x570b7	7	B|2"fh&
0x570d0	5	OdH$%
0x57136	5	<4b$a
0x5714b	4	/"O.
0x571ef	5	r#`\>
0x57271	6	/"OCn]
0x57304	4	lf`0
0x5730c	4	lf`0
0x57314	4	lf`0
0x5731c	4	lf`0
0x575b5	4	B\e+
0x576dd	6	@ppb"}
0x576e4	5	"%cey
0x576ea	5	R&#fy
0x5771f	4	BLde
0x5774c	4	L`Cb
0x5777e	4	Qb#g
0x57785	4	G(7_
0x5778b	4	G,7_
0x57814	5	"OC`[
0x57823	4	dL`[
0x57995	7	vl5,fcb
0x579a3	4	B,5$
0x57a2b	5	BXr,5
0x57a3e	5	,b!%N
0x57a50	5	s`)@?
0x57a66	4	Qbc2
0x57a78	4	Qb("
0x57abe	4	"/S`
0x57bd6	4	"/S`
0x57be3	4	B_eT
0x57beb	4	Ws`[
0x57c8d	4	BsdZ
0x57c9e	4	L`Cg
0x57cfd	4	Br&-
0x57d52	4	"/\e
0x57dd0	4	L`Cg
0x57e5a	4	"/\e
0x57e7a	4	L`Cn
0x57f34	4	"/\e
0x57f52	4	L`Cg
0x5802c	4	"/\e
0x5804a	4	L`Cb
0x5808f	4	G,7n
0x580d0	4	\e"&
0x580f0	5	"OC`[
0x580ff	4	dL`[
0x5816f	4	Vl`l
0x581b0	5	b`Rf/
0x581ca	4	L2w2
0x581d9	4	BH1%
0x581e1	4	%ofd
0x581f4	4	b/\e
0x58294	4	"/\e
0x582d9	6	/"OL`t
0x58328	4	lf`0
0x58330	4	lf`0
0x58338	4	lf`0
0x58340	4	lf`0
0x5838a	5	Rf 6&
0x583b2	4	Rf 6
0x583bc	4	rf 6
0x583ea	4	L`Cg
0x58416	4	Rf 6
0x58447	4	B\e,
0x58479	4	Br&%
0x58544	4	L`Cg
0x5859b	5	r,52b
0x585a5	4	G,7u
0x585da	4	Rf 6
0x58624	4	L`Cg
0x58661	4	B\eQ
0x586da	4	L`Cg
0x58723	4	B\e'
0x58731	5	u\0#g
0x58802	4	L`Cg
0x58864	4	agx'
0x588d2	5	\e"&c
0x588da	4	"/c`
0x588f3	4	@npm
0x5890a	4	L`Cg
0x5896c	4	agx'
0x589ce	5	\e"&@
0x589d6	4	"/c`
0x589e3	4	Bof2
0x58a45	4	@ppm
0x58b61	4	TQgP
0x58b87	4	@<p)
0x58b91	4	PXrC
0x58b9f	4	gC`|
0x58ba6	5	,b!%A
0x58d2d	4	u`ba
0x58d32	5	 %CbQ
0x58db5	4	G,7M
0x58e00	4	\e"&
0x58e24	4	L`Cg
0x58ea8	4	"/\e
0x58f20	5	L`Cb[
0x58fba	4	"/\e
0x58fdc	7	CgL`,G[
0x5901e	4	abW2
0x590c4	5	L`Cb[
0x591a8	4	"/\e
0x591ca	7	CgL`,G[
0x5920c	6	,bQf'6
0x59216	5	,b!%j
0x59242	4	,b'7
0x59331	5	F vh0
0x59394	7	Bb2fc27
0x59413	4	tc2'
0x59447	8	`bdaRB+!
0x59450	4	bRcT
0x5945b	7	b2fh2"+
0x594db	4	pl2.
0x59559	5	g,<,4
0x59593	4	V",a
0x595c0	6	Bb2fc2
0x59620	4	Sdb,
0x5963d	5	Xh2,:
0x5965d	4	Vc2H
0x596e0	4	Sdb,
0x5983a	6	Bb2fc2
0x59848	5	2fc25
0x5987a	7	BbAV"(a
0x59882	5	BRCV"
0x5988f	4	b2f=
0x59894	4	h2"(
0x59899	4	fl26
0x598cf	4	lCmI
0x59932	4	Sdb-
0x599b9	5	B r,=
0x599c0	4	(B'=
0x59a01	6	@lbpp%
0x59a56	6	cj2fl:
0x59af7	4	EC`.
0x59b19	6	@,eppU
0x59b2b	4	r,<P
0x59b65	6	fBb#6-
0x59bd2	6	Bb2fc2
0x59c36	4	Sdb,
0x59cc4	8	H$ch\i"j
0x59d27	5	vl5#f
0x59d33	4	B,5$
0x59d6d	4	pl2~
0x59d79	6	B\6l2$
0x59dde	9	Skb/Le"jW
0x59e0f	4	B,5T
0x59e33	4	Cl=n
0x59e60	4	|gRb
0x59ebf	4	/"O+
0x59f23	4	B,5$
0x5a017	4	pSl.
0x5a027	5	b!/lj
0x5a0a6	4	,Fc`
0x5a0bc	4	of#6
0x5a0c6	4	of'6
0x5a123	4	k"i:
0x5a23d	4	pCk.
0x5a24b	5	Rlj+h
0x5a2c6	4	,ESb
0x5a2ee	4	sb#`
0x5a343	4	h"jP
0x5a439	4	jCkd
0x5a4bd	4	Rb,!
0x5a4e3	4	@#hn
0x5a553	6	frb#6,
0x5a971	4	@,0G
0x5a9e0	5	"%#e1
0x5aa18	4	L`Cg
0x5ab19	4	@npm
0x5ab32	4	L`Cn
0x5abf7	4	@npm
0x5ac60	4	!dH$
0x5ac79	7	vof_eS6
0x5ac91	5	fo`C0
0x5aca1	4	B_e!
0x5acb2	4	ab("
0x5acc8	4	ab("
0x5ad69	4	p("B
0x5ad7b	5	r,4sb
0x5ad87	5	BL2#d
0x5addb	4	Dl4h
0x5ae05	5	vLb#d
0x5ae13	6	Dl5\4h
0x5ae29	4	r,5|
0x5ae31	4	D|4V
0x5ae3b	4	D\4h
0x5ae53	5	p,fcd
0x5ae65	4	Rl4h
0x5ae99	4	r!%g
0x5aeac	4	Qbc2
0x5aeb3	4	r!%a
0x5af11	4	/"Oz
0x5af16	5	<?Cln
0x5af98	4	,;,<
0x5afa4	8	Ht,fCacb
0x5afc9	4	1Hr0
0x5b069	4	2 `T
0x5b080	6	<c<?&O
0x5b0a4	12	Le<DCf+G#dCe
0x5b143	4	d!Lp
0x5b194	11	Le<DCf+G#da
0x5b1a4	10	Le<DCf+G#d
0x5b228	4	lf`0
0x5b234	4	lf`0
0x5b240	4	lf`0
0x5b24c	4	lf`0
0x5b394	4	sf)F
0x5b3af	4	p!/x
0x5b650	4	lf`0
0x5b65c	4	lf`0
0x5b668	4	lf`0
0x5b674	4	lf`0
0x5b6aa	4	bb("
0x5b747	4	B1f<
0x5b75f	4	Bof6
0x5b777	4	BofA
0x5b78c	4	Cf)F
0x5b7a7	4	p!/-
0x5b7f0	4	ae1f
0x5b8d4	4	lf`0
0x5b8e0	4	lf`0
0x5b8ec	4	lf`0
0x5b8f8	4	lf`0
0x5b9c2	4	Cf)F
0x5b9db	4	p!/\
0x5ba1e	4	ae1f
0x5ba44	4	\`Cm
0x5bb7e	4	Hr,=
0x5bb92	4	bb("
0x5bc95	4	F,6x
0x5bce5	4	v!/h
0x5bd07	5	BHr,=
0x5bd15	5	P,6cg
0x5bd1e	5	bb("S
0x5bd3d	4	v"/U
0x5bd47	4	Bof(
0x5bd7d	5	Plf,5
0x5bdb9	4	B_e 
0x5be07	4	BSf)
0x5be1b	5	b/b("
0x5be2f	5	vofC6
0x5be36	6	!+/bq,
0x5be3d	4	g,7 
0x5bf01	5	r/bC2
0x5bf4f	7	vcba,of
0x5bf80	4	\6'6
0x5bf8a	4	Q+X%
0x5bfa5	4	va,H
0x5c019	4	E,43
0x5c07f	8	@cm@pClN
0x5c0a3	4	FC`~
0x5c0ab	10	Fl5RbRW,4C
0x5c0f9	4	FC`~
0x5c101	10	Fl5RbRW,4D
0x5c1a8	4	\eP0
0x5c1b4	4	\eP0
0x5c1c0	4	\eP0
0x5c1cc	4	\eP0
0x5c26d	4	BSfW
0x5c2a9	4	BLt9
0x5c309	4	fHrI
0x5c32c	4	bb("
0x5c349	4	v"/,
0x5c357	4	Bof,
0x5c3e8	4	[R("
0x5c423	6	@lR&px
0x5c450	6	,r#`cb
0x5c465	4	pcbe
0x5c4ac	4	L5g5
0x5c512	8	BbAV"/BR
0x5c539	7	GCn4w|5
0x5c541	8	w|4ARBf!
0x5c54a	5	BRb%"
0x5c553	5	us`Rb
0x5c559	8	wQV"$RRa
0x5c57b	4	FC`~
0x5c583	9	Fl5RbRW,4
0x5c5a5	6	@Cm(pN
0x5c5cd	9	E\6bbbW,<
0x5c635	9	E\4BbBW,<
0x5c714	4	lf`0
0x5c720	4	lf`0
0x5c72c	4	lf`0
0x5c738	4	lf`0
0x5c752	5	bb("!
0x5c7be	4	bb("
0x5c811	5	eAVBR
0x5c97a	8	BbAV"/BR
0x5c9c2	8	BbAV"/BR
0x5ca0a	8	BbAV"/BR
0x5ca64	5	ARBf!
0x5cb57	4	B|g+
0x5cbaa	4	!/h7
0x5cd7c	4	s`)@
0x5ce19	4	dl5Q
0x5ce6e	5	Pbc2C
0x5cf0a	4	bb("
0x5cf39	4	eBf!
0x5cf69	4	d,6a
0x5cfb0	4	Sf\`
0x5cfe9	4	p,6}
0x5d038	5	bb("V
0x5d04c	5	ARBf!
0x5d052	7	BRsdb/j
0x5d06d	4	p,5}
0x5d084	5	ARBf!
0x5d08a	7	BRsdb/N
0x5d09a	11	BbAV"/BRsda
0x5d0e9	4	B_fZ
0x5d122	4	Hs\3
0x5d127	4	B3`.
0x5d166	5	qRrf!
0x5d16c	4	rRb/
0x5d17a	5	qRrf!
0x5d180	4	rRb/
0x5d1f8	5	ofr/g
0x5d259	4	B3`.
0x5d25e	4	kR("
0x5d282	9	rbqV"/rRa
0x5d296	9	rbqV"/rRa
0x5d2b6	4	Hs<5
0x5d2bb	4	BS`.
0x5d2d4	4	Hs<5
0x5d2d9	4	BS`.
0x5d30a	4	\`Cn
0x5d37c	4	\e"/
0x5d3a2	4	VRXV
0x5d3e9	4	FSa/
0x5d3fc	6	XVYRc2
0x5d458	8	BbAV"/BR
0x5d4e8	5	ARBf!
0x5d4fe	5	ARBf!
0x5d571	5	amu(E
0x5d577	4	FS`}
0x5d586	4	xR\D
0x5d5e2	7	lfL5_bU
0x5d60a	4	_e'5
0x5d633	4	FS`L
0x5d645	5	amu(E
0x5d64b	4	FS`H
0x5d660	6	XVxR\D
0x5d676	4	XVG6
0x5d686	6	XVYR'6
0x5d6e4	4	\`Cn
0x5d6ec	4	Sd<D
0x5d7aa	4	VRYV
0x5d802	6	YVXR#6
0x5d81c	6	YVZR#6
0x5d876	5	ARBf!
0x5d88e	5	ARBf!
0x5d897	4	db/z
0x5d8c0	5	H6obe
0x5d8e4	4	ofg2
0x5d931	5	ams(C
0x5d937	4	F3`K
0x5d94c	6	YVyR\D
0x5d970	6	YVXRg2
0x5d982	7	YVZRg2_
0x5d9ad	4	aL2%
0x5d9f3	5	ams(C
0x5da08	4	yR\D
0x5da1c	4	iRW2
0x5da96	4	\`Cn
0x5db08	4	\e"/
0x5db2e	4	VRZV
0x5db75	4	FSa[
0x5db88	6	ZVYRc2
0x5dbe4	5	ARBf!
0x5dbed	4	db/C
0x5dbfc	8	BbAV"/BR
0x5dc71	5	amu(E
0x5dc86	4	zR\D
0x5dd2a	7	lfL5_bU
0x5dd52	4	_e'5
0x5dd7b	4	FS`g
0x5dd8d	5	amu(E
0x5dd93	4	FS`c
0x5dda8	6	ZVzR\D
0x5ddbe	4	ZVG6
0x5ddce	6	ZVYR'6
0x5de2c	4	\`Cn
0x5de67	4	Bof3
0x5de9b	4	r"/,
0x5dea1	4	B_e2
0x5deae	8	BbAV"/BR
0x5dec6	8	BbAV"/BR
0x5df03	5	gae1f
0x5df80	4	Rb("
0x5df8c	6	XVYR'6
0x5e02b	5	fkb,N
0x5e043	8	C ssd<4}
0x5e0aa	6	,5<ES`
0x5e0dd	4	v[bN
0x5e135	4	v[b8
0x5e188	4	Rb("
0x5e1c8	4	LB(8
0x5e1e0	4	<lce
0x5e1e5	5	uSjLE
0x5e258	4	lDCb
0x5e2a6	4	of/g
0x5e2fd	4	v[bw
0x5e304	4	of/g
0x5e32a	6	YV<cLC
0x5e336	8	XR(6Kb,F
0x5e390	4	Rb("
0x5e3e5	5	Q|E,5
0x5e436	4	oeLI
0x5e4ff	4	s8#7
0x5e52f	5	b|B(4
0x5e586	4	LGsb
0x5e58f	5	B-;LL
0x5e598	6	,5<ES`
0x5e654	4	(V|M
0x5e664	5	{b,F?
0x5e66d	4	uh>(
0x5e68f	4	B<gD
0x5e6ca	4	Rb("
0x5e70a	4	LB(8
0x5e722	4	<lce
0x5e727	5	uSjLE
0x5e794	4	lDCb
0x5e7db	4	v[br
0x5e7e2	4	of/g
0x5e839	4	v[bZ
0x5e840	4	of/g
0x5e866	6	YV<cLC
0x5e872	8	ZR(6Kb,F
0x5e8be	6	8p#WFR
0x5e8c7	6	rr/p5e
0x5e8d0	5	Bfh&a
0x5e91d	4	E(@)
0x5e936	4	IRS2
0x5e9ea	6	6p!WFR
0x5e9f3	6	rr/p5Q
0x5e9fc	5	Bfh&M
0x5ea60	4	HRW2
0x5eaaf	7	G@w|4Ce
0x5eab9	5	ts`AR
0x5eabf	4	wBf!
0x5eac7	4	db%"
0x5eae1	4	FC`~
0x5eae9	10	Fl5RbRW,4[
0x5eb12	5	\`cm[
0x5eb67	5	CHs,4
0x5ebb3	4	F,6>
0x5ebd4	4	3`l2
0x5ec00	5	Hs,6+
0x5ec27	4	F,6!
0x5ec6e	5	_eX%%
0x5ecc0	4	OdH$
0x5ecd8	6	Od#`_e
0x5ed42	4	S`Oe
0x5ed52	5	ARBf!
0x5ed83	4	BSfZ
0x5eda7	4	pcmM
0x5edbb	4	B3`.
0x5edf6	4	1/of
0x5ee12	5	qRrf!
0x5ee18	5	rRb/C
0x5ee26	5	qRrf!
0x5ee2c	5	rRb/9
0x5ee6b	4	BSf/
0x5ee9b	4	pHrM
0x5eea1	4	p,5M
0x5eed4	4	\ejW
0x5eee7	4	Bof@
0x5eefc	5	qRrf!
0x5ef02	4	rRb/
0x5ef6b	4	BSfZ
0x5ef89	8	@ClLpSnN
0x5efa3	4	FC`~
0x5efab	9	Fl5RbRW,4
0x5f007	4	Ccev
0x5f0bd	4	dl=<
0x5f0f7	4	BSfZ
0x5f111	7	GLw|4Ce
0x5f11b	5	ts`AR
0x5f121	4	wBf!
0x5f129	4	db%"
0x5f143	4	FC`~
0x5f14b	10	Fl5RbRW,4[
0x5f16e	5	\`cg[
0x5f222	5	ARBf!
0x5f22b	4	db/k
0x5f254	5	x6obe
0x5f278	4	ofg2
0x5f2b3	4	F(@s
0x5f2d5	4	px2)
0x5f2ee	6	YVXRg2
0x5f300	7	YVZRg2_
0x5f32d	4	a|2%
0x5f332	4	#`/b
0x5f371	5	ams(C
0x5f377	4	F3`B
0x5f386	4	IR\G
0x5f39a	4	iRW2
0x5f3aa	4	s`<c
0x5f3da	5	\`cg[
0x5f44c	5	ARBf!
0x5f455	4	db/V
0x5f4be	4	#`/b
0x5f50e	4	JR\G
0x5f56a	7	lf|5_bU
0x5f572	4	g2S`
0x5f592	4	_e'5
0x5f5cb	5	amu(E
0x5f5d1	4	FS`k
0x5f5fa	4	ZVG6
0x5f60a	6	ZVYR'6
0x5f686	4	Rb("
0x5f727	4	pSh=
0x5f737	5	B-1LM
0x5f740	6	,5<ES`
0x5f7a2	4	Sf v
0x5f80f	4	s8#5
0x5f842	4	lB(7
0x5f886	4	oeLN
0x5f89c	4	,><N
0x5f925	4	f v:
0x5f96d	7	GXw|4Ce
0x5f977	5	ts`AR
0x5f97d	4	wBf!
0x5f985	4	db%"
0x5f99f	4	FC`~
0x5f9a7	10	Fl5RbRW,4[
0x5f9d3	8	@clXpCnN
0x5f9f2	4	B/cb
0x5f9f7	4	FC`~
0x5f9ff	11	Fl5RbRW,4B/
0x5fa35	4	FC`~
0x5fa3d	10	Fl5RbRW,4A
0x5fa84	5	\eP09
0x5fa8c	5	\eP05
0x5fa94	5	\eP01
0x5fa9c	5	\eP0-
0x5fb9b	4	B\eZ
0x5fc04	4	CbL`
0x5fc5e	4	"fh&
0x5fc6a	5	,7P$v
0x5fc89	6	rpp,5=
0x5fcb9	4	Dl4{
0x5fd07	6	vppl5-
0x5fd43	4	@ppm
0x5fd51	4	Dl4P
0x5fd59	4	D,5S
0x5fd5f	4	D\4n
0x5fd8d	4	fCmB
0x5fe25	4	v,6f
0x5ff43	5	BXr|E
0x5ff4d	4	%c`\
0x5ff54	4	,bc2
0x601b9	4	B_e 
0x601cf	4	C_e$
0x601e1	4	B_e`
0x6022e	4	/bS2
0x60284	5	"%#eG
0x602ba	5	"OC`n
0x60425	6	BAr.gw
0x60444	6	!F!Fc`
0x6044f	5	60vng
0x6046a	6	!F!Fc`
0x60479	4	F,6b
0x6047f	7	Fh70w~g
0x604ab	4	v,6&
0x60535	7	Ml=,<cb
0x60547	5	r/fc`
0x6060c	4	gfff
0x6069a	4	 &cd
0x606d6	4	secd
0x60701	5	2 b("
0x6070f	4	E,5o
0x60779	4	Dl4W
0x60821	5	2 b("
0x6082b	4	El5(
0x60874	4	L`,f
0x60884	4	,5sb
0x60894	6	|6Cg\2
0x6089f	4	rofl
0x60910	4	 g|g
0x60923	4	B\e9
0x6092c	5	p" f5
0x60959	4	r!.~
0x60973	4	r!.q
0x609c0	4	L`,f
0x609d0	4	,5sb
0x609e0	6	|6Cg\2
0x60a49	4	v!/G
0x60a50	4	of\e
0x60a61	4	v!/A
0x60a68	4	\eof
0x60a79	4	v!/;
0x60a80	4	\eof
0x60a91	4	v!/5
0x60a98	4	\eof
0x60aa6	5	C`!g$
0x60ab1	4	B\e|
0x60ace	4	ZRc2
0x60af0	4	ZRg2
0x60b15	4	r!.F
0x60b2f	4	r!.9
0x60b95	4	r"/m
0x60be6	4	|>sf
0x60bf7	7	vof,5c`
0x60c00	5	L`\>[
0x60d06	4	L`sn
0x60d14	4	|>sf
0x60d24	6	,5|6Cg
0x60d6d	4	B\eW
0x60d7b	4	Ww0P
0x60f62	5	!/hpL
0x610e4	6	qv`b("
0x610f0	4	re 5
0x61122	4	rf 6
0x61146	5	"%#er
0x61162	5	"OC`n
0x6116c	5	+C&Oi
0x611ce	5	"OC`n
0x611d8	5	+C&O>
0x6124a	7	q~L`Cb[
0x612b5	4	b("X
0x61386	4	CglG
0x613c7	5	R flg
0x613d3	4	r"/3
0x613e4	5	p" f&
0x6144c	4	CglG
0x61489	5	R flg
0x61495	4	r"/3
0x614a6	5	p" f!
0x61552	5	,>Cbp
0x615da	4	,b#g
0x61694	5	L`Cf[
0x616f8	5	`" f,
0x6170a	4	 fl`
0x61740	4	"/\e
0x6176e	4	CglG
0x617b1	5	R flg
0x617d0	5	p" fW
0x6186e	4	"/\e
0x6189a	4	CglG
0x618d9	5	R flg
0x618f8	5	p" f*
0x6193c	4	"/\e
0x61a0a	6	,6`b("
0x61b3e	5	!/hpf
0x61bd8	5	"%#eP
0x61bf6	5	"OC`n
0x61c00	5	+C&OH
0x61c62	5	"OC`n
0x61c6c	5	+C&O'
0x61d43	4	u`ba
0x61d48	5	 %CbQ
0x61d7d	4	.L`[
0x61dbe	4	,b#g
0x61dc3	4	G,7p
0x61dcd	4	B\e!
0x61e06	4	"/\e
0x61e2b	4	u`ba
0x61e30	5	 %CbQ
0x61e65	4	.L`[
0x61ea4	4	,b#g
0x61ea9	4	G,76
0x61f10	5	Cg,Gn
0x62006	5	\`,b[
0x62043	6	flfh&W
0x62072	4	,`LF
0x62077	4	v`.Q
0x620cc	5	|DCf.
0x620d4	5	\`,b[
0x62104	9	S`@b,fh&&
0x6212e	5	`$@b&
0x62134	4	,`|F
0x62139	4	v`$ 
0x621dc	5	|DCf.
0x621e4	5	\`,b[
0x62214	9	S`@b,fh&S
0x62224	4	og\e
0x62242	5	`$@b'
0x62248	4	,`|F
0x6224d	4	v`$J
0x62286	4	"/\e
0x622ac	5	|DCf.
0x622b4	5	\`,b[
0x622e0	9	S`@b,fh& 
0x622f0	4	og\e
0x6230e	5	`$@b"
0x62314	4	,`|F
0x62348	4	"/\e
0x6254c	7	lBAr#gC
0x62567	4	B\e;
0x6257c	8	le\2 fle
0x625a7	4	T,7)
0x625b1	4	B\e.
0x625d4	5	"%#e+
0x6268d	6	/"OC`n
0x6276d	4	$Mf1
0x6278c	6	!E]eSf
0x6279e	5	!/Of_
0x627b3	4	r,7\
0x62821	5	m,b =
0x62830	4	Md#4
0x62879	6	b,b,5-
0x62883	4	Bseu
0x62893	8	b,b,7pbl
0x62be6	5	1f|gk
0x62bef	4	Bofd
0x62c03	4	B1e_
0x62c19	6	Tof"/a
0x62c21	4	B1e%
0x62c5e	4	ae1f
0x62e34	4	!/hp
0x62eda	5	"%#el
0x62ef6	5	"OC`n
0x62f00	5	+C&Od
0x62f40	5	"OC`n
0x62f4a	5	+C&OL
0x62fbc	5	,bL`[
0x62fc2	5	,>Cbw
0x630f6	5	L`,b[
0x630fc	5	,>CbR
0x6313c	4	,Gs`
0x63155	4	R}6i
0x6315c	4	,Fc`
0x63172	5	"/h7f
0x631bc	4	 r"/
0x631ec	5	L`,b[
0x631f2	5	,5Cba
0x6322f	4	v`0T
0x632d0	4	 r"/
0x6330f	4	*<:D
0x63340	5	L`,b[
0x63346	5	,>CbK
0x63382	4	,Gs`
0x6339b	4	R}6p
0x633a2	4	,Fc`
0x633b8	5	"/h7l
0x633f8	4	 r"/
0x63428	5	L`,b[
0x6342e	5	,5CbZ
0x63467	4	v`0N
0x63524	7	,bL`,>[
0x6356f	4	*<:D
0x635bf	4	B\e'
0x6362e	7	,bL`,>[
0x6368b	4	B\e"
0x636f0	7	,bL`,>[
0x637f4	7	,bL`,>[
0x63859	4	B\e!
0x6392e	4	lf`0
0x63936	4	lf`0
0x6393e	4	lf`0
0x63946	4	lf`0
0x6395f	4	G!`/
0x639a5	4	GfP#
0x63aa0	4	"#hR
0x63aef	11	vl2Y"Ce#f"!
0x63b01	4	F\6k
0x63b06	5	cbH2j
0x63b9b	4	B|gV
0x63bc4	5	hVa"F
0x63be6	5	"%#eL
0x63dae	4	"/\e
0x63e11	4	v`0[
0x64093	4	BNdA
0x64168	4	"/\e
0x6422a	4	lf`0
0x64232	4	lf`0
0x6423a	4	lf`0
0x64242	4	lf`0
0x642bd	4	B|gU
0x642e8	5	"%#eR
0x6447c	4	"/\e
0x644e7	4	v`0t
0x64568	5	ZRc23
0x64580	5	ZRg2'
0x645bb	4	r"/,
0x645c9	4	BPw+
0x64738	4	"/\e
0x647d2	4	,b 0
0x647da	4	,b 0
0x647e2	4	,b 0
0x647ea	4	,b 0
0x64825	4	BB/<
0x64b12	4	bb+B
0x64b6c	5	lf`0=
0x64cba	5	"%#e/
0x64d0a	4	C`\j
0x64d93	5	g}gx'
0x64dea	4	"/\e
0x64e0c	5	CbL`z
0x64e45	5	b-fcg
0x64e8c	4	"&\e
0x64f24	4	"/\e
0x64f6f	4	b(")
0x64fae	4	"/\e
0x65160	5	"%#eI
0x651bb	4	G,78
0x651c5	4	b("'
0x652fd	5	b-b("
0x6532b	4	B\e 
0x65362	4	"/\e
0x653ca	4	}b#g
0x653d1	4	G(7K
0x65430	4	"/c`
0x6543d	4	BofZ
0x6545d	4	p,F]
0x6556a	4	\e"&
0x65572	4	"/c`
0x6557f	4	BofZ
0x6564f	4	p,F]
0x656f0	4	"/\e
0x6575b	4	p,F}
0x657fe	4	"&\e
0x659ac	7	lBAr#gp
0x659c7	4	B\e)
0x659d5	4	vl2\
0x659da	8	le\2 fle
0x65a05	4	T,7V
0x65a0f	4	B\e[
0x65afb	4	$Mf1
0x65b1a	6	!E]eSf
0x65b2c	4	!/Of
0x65bdf	6	B\2(6(
0x65c30	4	,b ;
0x65c3e	4	Md#4
0x65c87	6	b,b,5d
0x65ca1	5	b,b,>
0x65f4a	5	lf`0_
0x65f52	5	lf`0K
0x6603b	4	@Ppn
0x6606b	4	@Ppn
0x660dc	4	Ldsb
0x660e1	7	rL2 fh&
0x660f1	9	Fl7L7pfh&
0x661de	4	\eCb
0x661e3	7	r\2 fh&
0x661f5	9	Fl2\2 fh&
0x66303	4	B_e 
0x66319	4	C_e$
0x6632f	4	B_e(
0x66345	4	A_e,
0x6635b	4	B_e0
0x66371	4	C_e4
0x66383	4	B_e?
0x66515	4	@ppm
0x6657c	4	Qb("
0x665d3	4	@ppm
0x6661e	4	L`Cg
0x666e9	4	@LfW
0x666fa	5	#gpB<
0x66787	5	r'7"/
0x667d9	4	@,5N
0x6681a	4	jR(5
0x668b4	7	CgL`,G[
0x66925	4	@ pn
0x669b3	4	@$pN
0x66a43	4	@ p>
0x66a4d	4	r p&
0x66a81	4	@$p&
0x66aad	4	@ pN
0x66ab5	4	@$pN
0x66aba	4	_eof
0x66ad1	4	@ p.
0x66b37	4	v pf
0x66b54	4	_eof
0x66bce	5	Ce,D:
0x66c19	4	@$pn
0x66d17	4	@ppm
0x66d6d	4	@ppm
0x66d98	4	"/sf
0x66e04	4	,b("
0x66e10	4	`b,b
0x66e24	4	ob#f
0x66eab	4	Pl5&
0x66f06	5	"/%u$
0x67024	4	,bce
0x67076	6	C``b,n
0x67101	4	B(@_
0x6712d	9	flb,5Pb("
0x67140	4	lfc2
0x67147	6	r -,b:
0x6716f	4	B(@D
0x6718d	4	B\e=
0x671c3	4	Fc`.
0x671df	4	F(@(
0x67203	4	Ble 
0x67216	5	`b("P
0x672ea	5	L`,e[
0x67373	4	B\e9
0x6737f	4	Bp&3
0x673ab	5	uS`lb
0x6740e	4	Sf v
0x674d2	4	C`bg
0x6753f	4	B\e:
0x67573	5	uS`,f
0x675a9	4	r"/L
0x675fc	4	s`sd
0x67618	7	L2P"q/.
0x6762a	4	,fc7
0x6764d	4	tC`$
0x67664	5	,e\6D
0x6766b	4	@np]
0x67688	4	,dL6
0x67697	5	u,bS2
0x676ba	4	\eSb
0x6770c	4	|gq/
0x67739	5	wP"q/
0x677a0	6	cR"%bb
0x6794f	4	BSd$
0x67966	5	lfc`\
0x679b3	5	eo`S0
0x679d4	5	|gs`D
0x67b00	4	bb("
0x67b24	4	"%#e
0x67b82	7	#VRb`2S
0x67b91	6	jm2b%v
0x67b9a	4	!I!I
0x67beb	4	@^p<
0x67c07	4	vl5\
0x67c11	4	B\eI
0x67c5c	7	"fRb`2R
0x67c6b	6	jm2b%?
0x67c74	4	!I!I
0x67ccb	4	@^p<
0x67ce7	4	vl5\
0x67d6c	4	gfff
0x67da0	7	#VRb`24
0x67daf	5	km2b%
0x67db8	4	!L!L
0x67ea1	4	E(5n
0x67ee2	4	_eS`
0x67ef3	4	r,6l
0x67ef8	5	,fc`2
0x67f23	5	vl2-4
0x67f3b	4	Fc`.
0x67f4c	4	h2#f
0x67f6b	4	Fc`.
0x67fd2	4	,bc2
0x67fe3	4	bpp=
0x68015	4	vl5\
0x68038	7	gfff@T>
0x680dd	4	bpp=
0x6810f	4	`l5\
0x681e9	4	E(5"
0x681ef	4	u!/S
0x681f5	4	B_eB
0x68273	4	r#f5
0x682a5	7	8!F!Fc`
0x682b1	5	60vng
0x682bf	7	e!F!Fc`
0x682d5	5	Fh<0|
0x68344	8	gfffVUUU
0x683a3	7	r ,,bc2
0x683b7	5	gpp /
0x683d7	4	g<p)
0x683e7	5	5Pe|g
0x68449	5	b,bg2
0x68457	6	r ,,bd
0x6846d	5	gpp /
0x68497	4	r,5S
0x6849d	5	5Pe|g
0x684c9	4	e"& 
0x684ce	4	"/Sf
0x686e6	5	"%#ey
0x68787	4	u!/V
0x6878d	4	B_eR
0x687de	7	lfof#6*
0x687eb	4	F#d@
0x68807	4	v"/:
0x6884d	5	d_eC5
0x6886f	7	2 flfs6
0x68915	6	gOds40
0x68933	5	6`b,b
0x689a3	6	EL`h5[
0x689cc	5	_e"&d
0x68c0e	4	"%#e
0x68cd3	4	u!/h
0x68cd9	4	B_ec
0x68cf0	4	C`s`
0x68d1f	4	r,6l
0x68da1	5	d_eC5
0x68dc3	7	2 flfs6
0x68de6	4	l`s`
0x68df7	6	d_eC5^
0x68e15	5	2 flf
0x68f4b	4	ph<=
0x68f6d	6	r#gl2,
0x68f8f	6	r#gl2,
0x68fa4	4	,bg2
0x68fbb	4	um2e
0x68fd0	4	a/h0
0x68fdf	4	glG[
0x69003	7	9!F!Fc`
0x6900f	5	60vng
0x6901f	7	~!F!Fc`
0x6902f	4	F,6I
0x69035	5	Fh=0}
0x690ed	5	>,b,>
0x690f7	5	vlbS2
0x6913c	5	gfff$
0x6914c	4	VUUU
0x691b7	6	vcn|6l
0x691d9	6	vcn|6l
0x691f6	4	,b,>
0x691fe	4	lf'6
0x6920b	4	vlbd
0x6921d	4	Glfh
0x6927c	4	L`Ce
0x69355	6	T\e,g2
0x69452	4	"%#e
0x6947f	4	npB<
0x69683	7	va%of'6
0x69694	4	Qbc2
0x696c8	6	Cbl2("
0x69747	7	va%of'6
0x69758	4	Qbc2
0x69761	4	r!&r
0x6976f	4	`&Vt
0x69774	4	e2Qf
0x6977f	5	Bl2&5
0x69796	4	\2 6
0x697af	6	Tab,5d
0x69b6d	5	El5!/
0x69c53	4	B_e$
0x69c69	4	C_e(
0x69c7f	4	B_e,
0x69c95	4	A_e0
0x69f25	4	Bl2{
0x69fe5	4	f 62
0x6a02e	4	ab("
0x6a280	4	"/\e
0x6a444	6	L6,Fc`
0x6a455	5	F(6sb
0x6a467	12	B,4B%~R|V'6p
0x6a48e	4	RdH$
0x6a4a4	4	,Gs`
0x6a4d6	6	Rf*TCb
0x6a4e3	12	B,6b%~R|V'62
0x6a500	6	Rf*TCb
0x6a50d	7	B(6b%|R
0x6a5b8	6	L2\B#`
0x6a5cd	4	B|2'
0x6a5d2	8	"&~R|U'5
0x6a60c	6	\6,Fc`
0x6a621	4	Fh5c
0x6a626	4	Sg"/
0x6a654	15	bbJU\2"&~R|U'5A
0x6a6a4	10	bbJUX2"&|R
0x6a6d8	4	"/\e
0x6a73a	5	"/l7o
0x6a85a	4	lf`0
0x6a866	4	lf`0
0x6a872	4	lf`0
0x6a87e	4	lf`0
0x6a985	4	B(7c
0x6a991	4	B_e 
0x6a9b1	6	P!Q"fg
0x6aaf4	4	\eP0
0x6ab00	4	\eP0
0x6ab0c	4	\eP0
0x6ab18	4	\eP0
0x6ab28	4	,Fc`
0x6abbe	5	Rf 6=
0x6abe8	4	S`-d
0x6ac29	4	@Ppn
0x6ac31	6	6n0!@T
0x6acd0	5	Rf 6]
0x6af34	4	L`Cn
0x6af8f	4	b("&
0x6afd2	4	"/\e
0x6aff2	4	L`Cb
0x6b05c	4	"/\e
0x6b0fc	6	'6n2!B
0x6b106	4	#`!r
0x6b10c	6	#`!B!B
0x6b11a	4	Ob02
0x6b131	5	B/bH"
0x6b13c	6	<B#`Sb
0x6b156	4	H$Cg
0x6b1c5	4	/"O&
0x6b25c	5	Qf!%=
0x6b262	4	Qn!%
0x6b28f	4	d,`F
0x6b2df	6	B'r/e!
0x6b305	4	d!/!
0x6b3b3	4	B_e@
0x6b3fe	4	Cnc`
0x6b434	4	Rf 6
0x6b454	5	bb("u
0x6b5a4	4	)FSb
0x6b5b6	4	!VSb
0x6b5bb	4	r)F&
0x6b5ce	4	)FSb
0x6b5e4	4	)FSb
0x6b605	7	v!F!Fh&
0x6b6a2	4	,FqR
0x6b6ab	7	uY"tU,6
0x6b6b6	4	,EuR
0x6b73d	7	v!F!Fh&
0x6b75e	4	2b 7
0x6b793	4	`&Vw
0x6b7e3	4	uY"&
0x6b851	6	FGRY"'
0x6b85a	4	GUl4
0x6b862	4	L5cb
0x6b88e	4	ab!$
0x6b8a3	5	B,5R4
0x6b8ff	4	si"&
0x6b94a	4	GU<4
0x6b9aa	4	ab!$
0x6b9bf	5	B,5R4
0x6b9de	6	h5b/R&
0x6b9f9	4	/"O$
0x6ba55	7	v!F!Fh&
0x6ba99	5	",6UR
0x6bad3	4	ESb)
0x6badb	7	r!B!B("
0x6bb00	4	kgOl
0x6bb1f	4	bc`&
0x6bb6a	4	LR("
0x6bbaf	4	B:rP
0x6bbbd	6	Ftvl2&
0x6bbd7	5	F:vh2
0x6bc11	4	R >C
0x6bc1a	4	e9ch
0x6bc29	4	G"/|
0x6bc45	4	B(8c
0x6bc62	5	e9chc
0x6bc8b	4	B(8c
0x6bcbb	6	@,5<p)
0x6bcca	7	,0SblB,
0x6bcd6	6	(B,5S`
0x6bce2	4	SbPr
0x6bcf1	4	F#eY
0x6bd07	4	BRuU
0x6bd68	4	cd:u
0x6bd8d	4	ES`-
0x6be0e	5	NR("1
0x6bf0a	5	\eS`E
0x6bf4f	4	Fh2&
0x6bfb3	4	pBbG
0x6bfb9	4	B\2&
0x6bfcf	4	/"O"
0x6c044	6	+B&O&O
0x6c08a	5	l2"/#
0x6c0a1	4	fP6<
0x6c154	4	h5S4
0x6c16b	5	vcbc`
0x6c1d6	5	-<2/)
0x6c238	4	(5X=
0x6c291	4	i"OH
0x6c2e2	6	+B&O&O
0x6c2fb	8	B[flB#fM
0x6c326	5	cba%,
0x6c33c	5	cba%(
0x6c352	5	cba%!
0x6c36c	4	!%!&
0x6c47d	4	E\2`
0x6c4aa	5	\2l2&
0x6c50d	4	r 6N
0x6c5e3	4	q9"&
0x6c625	6	AGV9&g
0x6c636	4	L5cb
0x6c662	4	ab!$
0x6c677	5	B,5R4
0x6c694	6	h5b/R&
0x6c6c7	4	BN}H
0x6c6d1	4	pGVM
0x6c8c4	4	tvsd
0x6c8cb	5	el5L5
0x6c903	4	/,5l
0x6c913	4	B\2&
0x6c9e8	5	!$bb`
0x6c9f4	5	!$bb`
0x6c9fe	5	)B!$~
0x6ca08	4	!VSb
0x6ca0d	4	r)F&
0x6ca20	4	ce(5
0x6ca29	7	u!E!EX%
0x6ca7c	4	RdQR
0x6ca88	4	,4UR
0x6cad5	4	D,G\
0x6cb4f	7	v!F!Fh&
0x6cbf1	6	AGV9&g
0x6cc02	4	L5cb
0x6cc32	4	ab!$
0x6cc37	4	tB/q
0x6cc4b	5	B,5R4
0x6cc9d	4	BP}H
0x6cca7	4	pwV}
0x6ccaf	5	Fr/|6
0x6cced	4	vr/b
0x6cd05	4	e#d2
0x6cd39	4	/"O)
0x6cd41	4	@Cnm
0x6cd6e	4	bb("
0x6cdc6	4	!&&O
0x6ce18	4	bb("
0x6ce28	4	\e+B
0x6ce3d	4	`!&M
0x6ce42	5	_eP2d
0x6cf34	4	rb("
0x6cf58	4	"'&O
0x6cf6a	4	bb("
0x6cf81	5	/"OCn
0x6d0cd	4	B^t/
0x6d0f9	5	B_eL2
0x6d13f	5	B_eL2
0x6d186	4	L2C`
0x6d193	5	BOd|2
0x6d21c	4	ab("
0x6d31d	4	G,7v
0x6d343	4	T,Gp
0x6d3b1	4	EX2 
0x6d408	5	!/'uG
0x6d431	4	B\2,
0x6d440	5	!/&{:
0x6d469	4	Tlf1
0x6d4c1	4	C/e,
0x6d4d3	4	B_e,
0x6d567	4	B\2#
0x6d584	5	ab("3
0x6d58c	4	ab("
0x6d5a4	4	_fcb
0x6d5df	5	B_eL2
0x6d613	4	G\7|
0x6d690	4	_eSb
0x6d69b	4	BL2#
0x6d6a7	5	u_es5
0x6d6b3	4	@pp<
0x6d976	4	"/sf
0x6dab2	5	q-pB<
0x6db57	4	mpB<
0x6dbec	4	!%#`
0x6dd90	4	X0X8
0x6ddaf	6	2%R("'
0x6ddcc	7	Cg'u!/v
0x6ddd9	4	B_ea
0x6dde3	8	@Qb4p,>m
0x6ddf5	6	T&|!/m
0x6de7d	4	C/e$
0x6df43	4	@4pm
0x6df51	4	B[tJ
0x6e0e5	4	B[tf
0x6e165	8	B\2%R("$
0x6e1aa	4	"/sf
0x6e355	8	BL2%R("!
0x6e393	4	e"/5
0x6e3e6	4	bb+B
0x6e455	4	B\e/
0x6e5bc	4	,fV6
0x6e700	4	"%#e
0x6e73b	7	gx'Om_n
0x6e744	4	ofc`
0x6e75f	4	F,6u
0x6e7ee	4	Cn,=
0x6e84d	4	b,`A
0x6e98b	4	Vl`A
0x6ea0f	8	rcmL`,=[
0x6ea85	4	B\e/
0x6eb12	5	,fV6h
0x6ec60	5	,boff
0x6ec8e	4	,b#`
0x6eda7	4	r .\
0x6edbd	4	B\e'
0x6edf6	4	,b#`
0x6eec4	4	,bc2
0x6eee1	4	B\e'
0x6ef0a	5	,fV6Q
0x6efcf	4	rCg^
0x6f072	4	"/\e
0x6f09b	4	rCg^
0x6f130	4	"/\e
0x6f1a3	4	rCg^
0x6f242	4	"/\e
0x6f26b	4	rCg^
0x6f2fc	4	"/\e
0x6f325	4	rCg^
0x6f38e	5	,bw2A
0x6f408	4	"/\e
0x6f431	4	rCg^
0x6f496	4	,bs2
0x6f4cc	4	"/\e
0x6f4f5	4	rCg^
0x6f55e	5	,bw2$
0x6f59e	4	"/\e
0x6f5c7	4	rCg^
0x6f62c	5	,bs2<
0x6f69c	4	"/\e
0x6f6c5	4	rCg^
0x6f72e	5	,bw2$
0x6f76e	4	"/\e
0x6f797	4	rCg^
0x6f7fc	4	,bs2
0x6f832	4	"/\e
0x6f85b	4	rCg^
0x6f8fa	5	,bw2%
0x6f93c	4	"/\e
0x6f965	4	rCg^
0x6f9ca	4	,bs2
0x6fa00	4	"/\e
0x6fa8b	4	B\e/
0x6fc5a	4	,fV6
0x6fd64	5	"%#es
0x6fe0a	4	Cn,=
0x6fe65	4	b,`A
0x6ff9b	4	Vl`A
0x7001f	8	rcmL`,=[
0x70095	4	B\e/
0x70122	5	,fV6h
0x70270	5	,bofL
0x702a0	4	,b#`
0x703bb	4	r .\
0x703d1	4	B\e'
0x7040a	4	,b#`
0x704d8	4	,bc2
0x704f5	4	B\e'
0x7051e	5	,fV6Q
0x705e3	4	rCg^
0x70686	4	"/\e
0x706af	4	rCg^
0x70744	4	"/\e
0x707b7	4	rCg^
0x70856	4	"/\e
0x7087f	4	rCg^
0x70910	4	"/\e
0x70939	4	rCg^
0x709a2	5	,bw2A
0x70a1c	4	"/\e
0x70a45	4	rCg^
0x70aaa	4	,bs2
0x70ae0	4	"/\e
0x70b09	4	rCg^
0x70b72	5	,bw2$
0x70bb2	4	"/\e
0x70bdb	4	rCg^
0x70c40	5	,bs2<
0x70cb0	4	"/\e
0x70cd9	4	rCg^
0x70d42	5	,bw2$
0x70d82	4	"/\e
0x70dab	4	rCg^
0x70e10	4	,bs2
0x70e46	4	"/\e
0x70e6f	4	rCg^
0x70f0e	5	,bw2%
0x70f50	4	"/\e
0x70f79	4	rCg^
0x70fde	4	,bs2
0x71014	4	"/\e
0x7109f	4	B\e/
0x7126e	4	,fV6
0x71378	5	"%#es
0x7141e	4	Cn,=
0x71479	4	b,`A
0x715af	4	Vl`A
0x71633	8	rcmL`,=[
0x716a9	4	B\e/
0x71736	5	,fV6h
0x71884	5	,bofL
0x718b4	4	,b#`
0x719cf	4	r .\
0x719e5	4	B\e'
0x71a1e	4	,b#`
0x71aec	4	,bc2
0x71b09	4	B\e'
0x71b32	5	,fV6Q
0x71bf7	4	rCg^
0x71c40	4	p.~g
0x71c4c	4	p.~g
0x71cb2	4	"/\e
0x71cdb	4	rCg^
0x71d20	4	p.~g
0x71d2c	4	p.~g
0x71d88	4	"/\e
0x71dfb	4	rCg^
0x71e44	4	p.~g
0x71e50	5	p.~gc
0x71eb2	4	"/\e
0x71edb	4	rCg^
0x71f20	4	p.~g
0x71f2c	5	p.~gc
0x71f84	4	"/\e
0x71fad	4	rCg^
0x71ff4	4	p.~g
0x7208e	4	"/\e
0x720b7	4	rCg^
0x720fa	4	p.~g
0x72156	4	"/\e
0x7217f	4	rCg^
0x721c8	4	p.~g
0x721d2	4	p.~g
0x72238	4	"/\e
0x7229b	4	rCg^
0x722e0	4	p.~g
0x722ea	4	p.~g
0x72346	4	"/\e
0x7236f	4	rCg^
0x723b8	4	p.~g
0x723c2	4	p.~g
0x7242a	4	"/\e
0x72453	4	rCg^
0x7247e	5	C`@T>
0x724d0	4	p.~g
0x724da	4	p.~g
0x72536	4	"/\e
0x7255f	4	rCg^
0x725a8	4	p.~g
0x725b2	4	p.~g
0x7261a	4	"/\e
0x72643	4	rCg^
0x72688	4	p.~g
0x72692	4	p.~g
0x726ee	4	"/\e
0x727a9	4	B\e/
0x72910	4	,fV6
0x72a50	5	"%#es
0x72af6	4	Cn,=
0x72b51	4	b,`A
0x72c87	4	Vl`A
0x72d0b	8	rcmL`,=[
0x72d81	4	B\e/
0x72e0e	5	,fV6h
0x72f5c	5	,bofL
0x72f8c	4	,b#`
0x730a7	4	r .\
0x730bd	4	B\e'
0x730f6	4	,b#`
0x731c4	4	,bc2
0x731e1	4	B\e'
0x7320a	5	,fV6Q
0x732cd	4	BCg^
0x73316	4	p.~g
0x73322	4	p.~g
0x73388	4	"/\e
0x733b1	4	rCg^
0x733f6	4	p.~g
0x73402	4	p.~g
0x7345a	4	"/\e
0x734c9	4	BCg^
0x73512	4	p.~g
0x7351e	5	p.~gc
0x73580	4	"/\e
0x735a9	4	rCg^
0x735ee	4	p.~g
0x735fa	5	p.~gc
0x7364e	4	"/\e
0x73675	4	BCg^
0x736bc	4	p.~g
0x73756	4	"/\e
0x7377f	4	rCg^
0x737c2	4	p.~g
0x7381a	4	"/\e
0x73841	4	BCg^
0x7388a	4	p.~g
0x73894	4	p.~g
0x738fa	4	"/\e
0x7395b	4	rCg^
0x739a0	4	p.~g
0x739aa	4	p.~g
0x73a02	4	"/\e
0x73a29	4	BCg^
0x73a72	4	p.~g
0x73a7c	4	p.~g
0x73ae2	4	"/\e
0x73b0b	4	rCg^
0x73b36	5	C`@T>
0x73b84	4	p.~g
0x73b8e	4	p.~g
0x73be6	4	"/\e
0x73c0d	4	BCg^
0x73c56	4	p.~g
0x73c60	4	p.~g
0x73cc8	4	"/\e
0x73cf1	4	rCg^
0x73d36	4	p.~g
0x73d40	4	p.~g
0x73d98	4	"/\e
0x73df4	4	bb+B
0x73f86	4	rf 6
0x7424f	6	d\fLe2
0x74256	7	\6a"ce@
0x74261	4	B_e;
0x74295	5	b,eSf
0x742a3	4	v!/2
0x742ce	6	,elfcb
0x742e0	4	of,d
0x742fa	4	,bS2
0x74381	5	b,bc2
0x74393	6	b,bc2;
0x743b1	4	b("-
0x743c3	11	g!eLf|dL6P6
0x743d8	4	`.!f
0x743e4	5	P. -x
0x74437	4	FSn'
0x7443c	4	L`Cb
0x74446	5	lB|>:
0x74484	5	C`!.[
0x74499	4	b(" 
0x74510	7	cn,E|>?
0x74532	5	cb|2+
0x74559	4	r"/p
0x74729	6	d\fLec
0x74730	7	\6a"ceb
0x7473b	4	B_e\
0x7476f	5	b,eSf
0x7477d	4	v!/S
0x747a8	6	,elfcb
0x747ba	5	of,d5
0x747d4	4	,bS2
0x747e3	5	b,bc2
0x747f5	6	b,bc2:
0x74813	4	b(",
0x74825	11	g!eLf|dL6P6
0x7483a	4	`.!f
0x74846	4	P. -
0x7497e	4	ab("
0x74991	4	B_e6
0x74ad3	4	p!&]
0x74cae	4	ab("
0x74cc1	4	B_eX
0x74e71	4	p!&]
0x74f86	4	ab("
0x74f9e	4	ab("
0x75017	6	n"OL`A
0x75022	6	bb+B&O
0x75062	4	c`&O
0x75074	4	ab("
0x75196	4	,Gcn
0x7519b	4	Nl>[
0x7526a	4	,Gcn
0x7526f	4	Nl>[
0x75276	5	mN\>7
0x75341	4	N\>[
0x75348	6	]NCel>
0x75458	4	,Gcn
0x7545d	4	Nl>[
0x75464	5	mN\>8
0x754ec	4	"/\e
0x75532	4	,Gcn
0x75537	4	Nl>[
0x7553e	5	mN\>8
0x755c6	4	"/\e
0x7565a	4	,Gcn
0x7565f	4	Nl>[
0x75666	5	mN\>1
0x756e0	4	"/\e
0x756fb	6	n"OL`X
0x75706	6	bb+B&O
0x75752	4	c`&O
0x75764	4	ab("
0x7590a	4	!ec5
0x75928	4	,Gs`
0x75943	4	R}6h
0x7594a	4	,Fc`
0x75960	5	"/h7d
0x75970	5	C`!g_
0x7597c	4	lDC`
0x75990	4	mDSf
0x75999	5	UH7]F
0x759a1	9	El7@usfW7
0x759d1	7	va"ofS6
0x759ef	11	E`va"@uofW6
0x759ff	6	F@va"=
0x75af7	4	*<:D
0x75b26	4	lES`
0x75b49	9	D|5_f@tG6
0x75b59	7	E@uQ"_e
0x75b7d	4	va"z
0x75b91	5	E@uS6
0x75b99	4	va"s
0x75be0	4	 r"/
0x75c5f	4	r"/N
0x75cee	4	,Gl>
0x75d3f	4	Bq.H
0x75e06	4	,Gl>
0x75f19	4	Bq.D
0x75fea	4	C`!.
0x76082	4	"/\e
0x7611c	5	C`!.\
0x7615a	4	"/\e
0x76240	4	"/\e
0x76365	4	p"/_
0x76374	4	C`Q.
0x763be	4	"/\e
0x763d9	6	n"OL`J
0x763e4	6	bb+B&O
0x76424	4	c`&O
0x76436	4	ab("
0x7655e	4	,Gcn
0x76563	4	Nl>[
0x7656a	5	mN\>7
0x76634	4	,Gcn
0x76639	4	Nl>[
0x76640	5	mN\>7
0x7670b	4	N\>[
0x76712	6	]NCel>
0x76759	4	B_eI
0x76828	4	,Gcn
0x7682d	4	Nl>[
0x76834	5	mN\>8
0x768bc	4	"/\e
0x76902	4	,Gcn
0x76907	4	Nl>[
0x7690e	5	mN\>8
0x76996	4	"/\e
0x769dc	4	,Gcn
0x769e1	4	Nl>[
0x769e8	5	mN\>U
0x76aaa	4	"/\e
0x76ac5	6	n"OL`s
0x76ad0	6	bb+B&O
0x76af2	4	c`&O
0x76b04	4	ab("
0x76ba9	4	pCg-
0x76bb5	4	fL`?
0x76bbf	4	Nl>[
0x76bc9	5	umN\>
0x76c5d	5	m"OL`
0x76c68	6	bb+B&O
0x76d4a	4	c`&O
0x76d5c	4	ab("
0x76e11	5	u!fcb
0x76e17	4	Bl2[
0x76e1e	4	mB\2
0x76e48	5	C`!g'
0x76e53	4	r"/8
0x76e64	6	q"ab("
0x76f63	5	u!fcb
0x76f69	4	Bl2[
0x76f70	4	mB\2
0x76f9a	5	C`!gc
0x76fb2	6	q"ab("
0x77037	5	u!fcb
0x7703d	4	Bl2[
0x77044	4	mB\2
0x77072	5	C`!g'
0x7707d	4	r"/b
0x7708e	6	q"ab("
0x770e2	4	@r"/
0x770ef	4	B|gZ
0x77121	5	u!fcb
0x77127	4	Bl2[
0x7712e	4	mB\2
0x7715c	5	C`!gc
0x771b6	6	q"ab("
0x77243	5	u!fcb
0x77249	4	Bl2[
0x77250	4	mB\2
0x7727a	5	C`!gc
0x77292	6	q"ab("
0x77315	5	u!fcb
0x7731b	4	Bl2[
0x77322	4	mB\2
0x77350	5	C`!g/
0x7735a	5	\e"/.
0x7736a	6	q"ab("
0x77447	5	u!fcb
0x7744d	4	Bl2[
0x77454	4	mB\2
0x77482	5	C`!gc
0x7749c	6	q"ab("
0x774ec	4	"/\e
0x7752b	5	u!fcb
0x77531	4	Bl2[
0x77538	4	mB\2
0x77562	5	C`!gc
0x7757c	6	q"ab("
0x775c2	4	"/\e
0x77601	5	u!fcb
0x77607	4	Bl2[
0x7760e	4	mB\2
0x77638	4	C`!g
0x77642	4	\e"/
0x77692	6	q"ab("
0x776dc	4	 r"/
0x776ed	4	B@wZ
0x7771f	5	u!fcb
0x77725	4	Bl2[
0x7772c	4	mB\2
0x77756	5	C`!gc
0x77770	6	q"ab("
0x777b4	4	"/\e
0x777d0	5	"OL`D
0x777da	6	bb+B&O
0x77814	4	c`&O
0x77826	4	ab("
0x77921	4	pCn-
0x7792e	4	L`qf
0x77934	4	,5cb
0x77941	7	umB\2.r
0x7796e	5	C`ans
0x77993	5	&qb("
0x77a05	4	pCn-
0x77a12	4	L`qf
0x77a18	4	,5cb
0x77a25	7	umB\20r
0x77a52	5	C`an:
0x77a77	5	&qb("
0x77ae9	4	pCn-
0x77af6	4	L`qf
0x77afc	4	,5cb
0x77b09	7	umB\22r
0x77ba3	5	&qb("
0x77c0b	4	pCn-
0x77c18	4	L`qf
0x77c1e	4	,5cb
0x77c2b	7	umB\24r
0x77c58	4	C`an
0x77c85	5	&qb("
0x77cca	4	"/\e
0x77cf7	4	pCn-
0x77d04	4	L`qf
0x77d0a	4	,5cb
0x77d17	7	umB\26r
0x77d40	4	C`an
0x77d6d	5	&qb("
0x77da8	4	"/\e
0x77dc3	5	n"OL`
0x77dce	6	bb+B&O
0x77e56	4	c`&O
0x77e68	4	ab("
0x77f19	5	u!fcb
0x77f24	5	mB\2,
0x77f6b	5	fL`Cg
0x77f75	4	Bl2[
0x77f7f	7	~mB#f,>
0x78004	4	,Gs`
0x7801f	4	R}6*
0x78026	4	,Fc`
0x7803c	5	"/h7#
0x78056	4	,Fc`
0x78063	7	F,6sbMF
0x7806b	6	Bh5|2%
0x78075	8	F,5 vg50
0x78133	7	r!./bc2
0x7814d	11	F`r!. v/bg2
0x7815d	5	B r!.
0x781df	5	u!fcb
0x781e5	4	Bl2[
0x781ec	8	mB\28r#f
0x78248	4	,ES`
0x7826b	9	D|5_b tG2
0x7827b	7	E uQ&_e
0x7829b	4	r!&R
0x782ab	5	E uS2
0x782b3	4	r!&F
0x782f6	4	 r"/
0x78375	5	u!fcb
0x7837b	4	Bl2[
0x78382	6	mB\28r
0x783ae	5	C`abc
0x783ba	5	!&/np
0x78443	4	pCn-
0x78450	4	L`qf
0x78456	4	,5cb
0x78463	7	umB\2:r
0x78490	5	C`an:
0x784b5	5	&qb("
0x78527	4	pCn-
0x78534	4	L`qf
0x7853a	4	,5cb
0x78547	7	umB\2<r
0x785bc	4	`b,n
0x785dd	5	&qb("
0x7865f	5	u!fcb
0x78665	4	Bl2[
0x7866c	4	mB\2
0x78696	6	C` b,n
0x786f8	4	"/\e
0x78713	6	n"OL`?
0x7871e	6	bb+B&O
0x7875e	4	c`&O
0x78770	4	ab("
0x7887d	4	pCn-
0x7888a	4	L`qf
0x78890	4	,5cb
0x7889d	7	umB\2>r
0x788ef	5	&qb("
0x78961	4	pCn-
0x7896e	4	L`qf
0x78974	4	,5cb
0x78981	7	umB\2@r
0x789ae	5	C`an'
0x789d3	5	&qb("
0x78a95	4	pCn-
0x78aa2	4	L`qf
0x78aa8	4	,5cb
0x78ab5	7	umB\2Br
0x78ae2	5	C`an{
0x78b07	5	&qb("
0x78b79	4	pCn-
0x78b86	4	L`qf
0x78b8c	4	,5cb
0x78b99	7	umB\2Dr
0x78bc2	5	C`anC
0x78be7	5	&qb("
0x78c4f	4	pCn-
0x78c5c	4	L`qf
0x78c62	4	,5cb
0x78c6f	7	umB\2Fr
0x78c9c	4	C`an
0x78d11	5	&qb("
0x78d56	4	"/\e
0x78d83	4	pCn-
0x78d8b	4	Fqe'
0x78d96	4	,6Sb
0x78da3	7	v]Bl2Hr
0x78dcc	4	C`Qn
0x78df5	5	%qb("
0x78e32	4	"/\e
0x78e4d	6	n"OL`H
0x78e58	6	bb+B&O
0x78e92	4	c`&O
0x78ea4	4	ab("
0x78fbb	5	u!fcb
0x78fc6	5	mB\2,
0x7900d	5	fL`Cg
0x79017	4	Bl2[
0x79021	7	~mB#f,>
0x790a2	4	,Gs`
0x790bb	4	R}6W
0x790c2	4	,Fc`
0x790d8	5	"/h7P
0x790f2	4	,Fc`
0x790ff	7	F,6sbMF
0x79107	6	Bh5|2%
0x79111	7	F,5 vg5
0x79179	7	r!./bc2
0x79193	11	F`r!. v/bg2
0x791a3	5	B r!.
0x79271	5	u!fcb
0x79277	4	Bl2[
0x7927e	8	mB\2Jr#f
0x792d8	4	,ES`
0x792fb	9	D|5_b tG2
0x7930b	7	E uQ&_e
0x7932b	4	r!&[
0x7933b	5	E uS2
0x79343	4	r!&O
0x79386	4	 r"/
0x793c7	5	u!fcb
0x793cd	4	Bl2[
0x793d4	6	mB\2Jr
0x79400	5	C`abc
0x7940c	4	!&/n
0x794d5	4	pCn-
0x794e2	4	L`qf
0x794e8	4	,5cb
0x794f5	7	umB\2Lr
0x79522	5	C`an}
0x79547	5	&qb("
0x795cd	5	u!fcb
0x795d3	4	Bl2[
0x795da	4	mB\2
0x79600	7	C` b,nE
0x79688	5	qfL`"
0x79693	4	Nl>[
0x79698	4	,5Cb
0x7969f	5	umN\>
0x79768	6	!.qb("
0x797e1	4	Fqe'
0x797f2	4	,6Cb
0x797f7	8	v]NL`l>[
0x7983d	4	G(7a
0x79850	8	C` .qb("
0x79894	4	"/\e
0x798af	6	n"OL`G
0x798ba	6	bb+B&O
0x798ee	4	c`&O
0x79900	4	ab("
0x79a09	4	pCn-
0x79a16	4	L`qf
0x79a1c	4	,5cb
0x79a29	7	umB\2Tr
0x79a56	5	C`an|
0x79a7b	5	&qb("
0x79aed	4	pCn-
0x79afa	4	L`qf
0x79b00	4	,5cb
0x79b0d	7	umB\2Vr
0x79b3a	5	C`anC
0x79b5f	5	&qb("
0x79bd1	4	pCn-
0x79bde	4	L`qf
0x79be4	4	,5cb
0x79bf1	7	umB\2Xr
0x79c8d	5	&qb("
0x79cf5	4	pCn-
0x79d02	4	L`qf
0x79d08	4	,5cb
0x79d15	7	umB\2\r
0x79d67	5	&qb("
0x79da2	4	"/\e
0x79dbd	6	n"OL`L
0x79dc8	6	bb+B&O
0x79e14	4	c`&O
0x79e26	4	ab("
0x79f45	4	p,6l
0x7a004	4	,Gs`
0x7a01f	4	R}6i
0x7a026	4	,Fc`
0x7a03c	5	"/h7b
0x7a054	4	lES`
0x7a068	6	mEX4sf
0x7a071	5	U|6]F
0x7a079	7	El4@uW4
0x7a08e	5	Sfa"R
0x7a0a3	7	va"ofS6
0x7a0c1	11	E`va"@uofW6
0x7a0d1	6	F@va"A
0x7a202	4	lES`
0x7a225	9	D|5_f@tG6
0x7a235	7	E@uQ"_e
0x7a259	4	va"|
0x7a26d	5	E@uS6
0x7a275	4	va"u
0x7a33b	4	r"/N
0x7a405	6	R g|gc
0x7a525	6	R g|gc
0x7a5f1	6	R flgc
0x7a69b	6	vl2Cf#
0x7a77e	4	"/\e
0x7a7c1	6	vl2Cf#
0x7a7f6	4	 fh&
0x7a81e	5	C``"R
0x7a85e	4	"/\e
0x7a8dd	4	b,mc
0x7a94c	4	"/\e
0x7aa15	5	R fh&
0x7aa4f	6	p"/kg/
0x7aa7d	4	p"/$
0x7aa8c	4	C`P"
0x7aad6	4	"/\e
0x7abce	4	bb("
0x7ad5c	5	"%#e0
0x7ae4c	7	lfl2Cf#
0x7ae8c	9	C`ofh&a")
0x7aecc	4	"/c`
0x7aed9	4	BofZ
0x7af0c	4	\N,6
0x7af95	4	G"&N
0x7af9e	4	 r"/
0x7afad	4	B wZ
0x7afe0	4	lfl2
0x7b00c	5	C`!gc
0x7b106	4	\N,6
0x7b1d8	4	lfl2
0x7b204	5	C`!gc
0x7b2a0	4	lfl2
0x7b2cc	5	C`!gc
0x7b3ba	4	\N,6
0x7b411	4	BSf"
0x7b44c	4	@r"/
0x7b459	4	B|gZ
0x7b48c	4	lfl2
0x7b4b8	5	C`!gc
0x7b4d7	4	BSf#
0x7b5a4	4	lfl2
0x7b5d0	5	C`!gc
0x7b5ef	4	BSf#
0x7b66c	4	\N,6
0x7b72e	4	lfl2
0x7b756	5	C`!gc
0x7b832	7	lfl2Cf#
0x7b87a	9	C`ofh&a")
0x7b8b2	4	\e"&
0x7b8ba	4	"/c`
0x7b8c7	4	BofZ
0x7b8fa	4	\N,6
0x7b928	4	C`an
0x7b99c	4	"/\e
0x7b9dc	4	\N,6
0x7ba0a	5	C`bJJ
0x7baca	4	"/\e
0x7bb0a	4	\N,6
0x7bb34	5	C`anS
0x7bbd8	4	\N,6
0x7bc02	4	C`an
0x7bc6c	4	"/\e
0x7bd00	4	\N,6
0x7bd26	4	C`an
0x7bd86	4	"/\e
0x7bdd6	4	bb+B
0x7bf3a	5	"%#eI
0x7bf99	4	G,75
0x7bf9f	4	G,7&
0x7bfd4	5	"/\e'
0x7c0d3	4	B\ef
0x7c34e	5	"%#e}
0x7c3d2	4	\e"&
0x7c4dc	5	"/mg'
0x7c624	4	\e"&
0x7c76a	5	"%#e'
0x7c851	4	Gh7t
0x7c8e5	4	Gh7O
0x7c94a	4	Cn,N
0x7cb22	6	\6,Fc`
0x7cb38	4	Q/X2
0x7cb4d	4	B_e(
0x7cb63	4	B_e,
0x7cbf8	5	"%#eb
0x7cc1e	4	ofc`
0x7cc53	4	`Cgl
0x7ccac	5	-b(7c
0x7ccca	4	-bc2
0x7cdb2	4	,nCb
0x7ce86	4	ab("
0x7cfe6	4	,Fc`
0x7cff2	5	h5!/i
0x7d020	4	,Fc`
0x7d02e	4	Sf!/
0x7d0bd	4	@vpm
0x7d120	4	bb("
0x7d14c	4	s`r/
0x7d202	4	Cn,N
0x7d331	4	r#f`
0x7d343	5	e_eSb
0x7d349	5	B\2/h
0x7d38b	5	B8r/e
0x7d3d7	4	J/e 
0x7d3ed	4	@1eM
0x7d3fd	4	v(7c
0x7d402	4	"/_e
0x7d407	4	Iof,
0x7d41d	4	TAw*
0x7d422	4	_eof
0x7d455	5	r"/of
0x7d45b	4	I_eL
0x7d47b	5	r"/_e
0x7d481	4	Iof9
0x7d4f1	5	r"/of
0x7d517	4	^,b$
0x7d54f	4	d"W'
0x7d593	4	I"/|
0x7d5af	4	I"/0
0x7d63a	6	L`|gse
0x7d65b	4	G|gU
0x7d67e	5	,u!/M
0x7d684	4	_eof
0x7d692	4	C`Qb
0x7d698	4	-bc2
0x7d6a2	6	!%Qb-b
0x7d6c6	4	se"&
0x7d6f2	8	L`Cb|gse
0x7d6fb	4	El5[
0x7d719	4	G|g%
0x7d73c	4	9u!/
0x7d742	4	_eof
0x7d754	5	!%QbH
0x7d7d6	4	se"&
0x7d85b	5	B1f,g
0x7d870	6	)B1f,g
0x7d87f	4	J u"
0x7d8e7	4	h<jJ
0x7d9a6	4	_ebf
0x7d9ab	4	BofZ
0x7da05	4	r2g%
0x7da1f	4	T,`K
0x7daa5	4	B\e0
0x7daf5	4	B\e.
0x7dc55	4	d$pm
0x7dc8b	4	d(pd
0x7dcbd	4	2/e#
0x7dd17	7	d2rc`/e
0x7dd31	4	B_e>
0x7ddcd	4	r"/l
0x7de67	4	b#gm
0x7deed	4	r"/l
0x7df31	4	r"/l
0x7df47	4	b#g@
0x7df81	4	va..
0x7e005	4	>L`[
0x7e03d	4	r"/l
0x7e05f	5	b#g\7
0x7e0d9	6	/"OL`}
0x7e22f	4	BptB
0x7e255	4	BptZ
0x7e29a	4	}b#g
0x7e2a1	4	G,7,
0x7e404	4	"/\e
0x7e463	4	G,7M
0x7e548	4	"/\e
0x7e5ce	5	L`Cb[
0x7e602	4	-b#g
0x7e60f	4	r,7o
0x7e6c9	6	Bl2"g"
0x7e6e0	5	!%Qd9
0x7e9bc	5	L`Cb[
0x7e9ec	4	-b#g
0x7eb20	5	\6bge
0x7eb32	5	a$Ab4
0x7ede9	5	/"OL`
0x7efde	4	-b#g
0x7efed	4	r,7#
0x7f117	4	BB/c
0x7f206	4	lf`0
0x7f308	4	L`Cb
0x7f342	4	,b 0
0x7f383	4	v`0q
0x7f44f	5	EmbS2
0x7f45d	5	rmf'6
0x7f469	4	r!$Z
0x7f47a	4	L`Cb
0x7f49c	4	,b 0
0x7f4a9	4	@AbE
0x7f4d7	4	r"/(
0x7f522	4	mbS2
0x7f52f	5	rmf'6
0x7f5f3	4	B"/h
0x7f63c	4	_ec`
0x7f683	4	B"/D
0x7f6bd	4	U/f5
0x7f6c4	4	_ec`
0x7f812	4	L`Cn
0x7f8cb	4	@npm
0x7f8e4	4	L`Cn
0x7f9a1	4	b!%Z
0x7fb1b	4	Bof!
0x7fb5c	4	ae1f
0x7fc13	4	BofV
0x7fe3c	4	"OL`
0x7fe46	6	rb+B&O
0x7feee	5	CbL`d
0x7ff2a	4	cg\e
0x7ff53	4	b#f]
0x7ff74	4	\e"&
0x7ffce	6	\e}b#g
0x7ffd5	4	G,73
0x7ffdb	4	G,7+
0x800dc	6	C`ag}g
0x8010a	4	q&ad
0x80132	4	"/\e
0x80150	4	L`Cf
0x80225	4	E,5@
0x80264	5	,b 0n
0x8026e	5	,b 0@
0x80276	5	,b 07
0x8027e	5	,b 0,
0x80286	5	,b 0%
0x8028e	4	,b 0
0x80296	5	,b 0a
0x802b9	4	r,6M
0x80376	5	,b 62
0x8037e	5	lf`2.
0x803a1	5	Wbb 7
0x803b2	4	aR 7
0x803c2	4	bR 7
0x803d2	4	cR 7
0x803e4	4	lf`2
0x803f5	4	Eptl
0x8045f	4	G(7`
0x804b9	4	r#f6
0x80697	4	J/e{
0x80751	4	u!/W
0x80757	4	B_e?
0x80784	4	\6cb
0x8078d	4	vc2$
0x80838	4	!/ce
0x80849	4	B_ea
0x808da	6	Ld,b@2
0x808e4	4	Ld@2
0x808ec	4	`%Pb
0x809c8	4	bg,`
0x809ed	4	A"g_
0x80a44	5	be"eH
0x80a68	5	Ce,DJ
0x80a9f	4	r"/x
0x80ad4	5	'7"/"
0x80be4	4	Ce,D
0x80c25	4	@ pn
0x80c3d	4	B\e(
0x80ca4	5	Ce,Dm
0x80cdd	4	@$pn
0x80d3d	7	4!F!Fc`
0x80d51	7	E!F!Fc`
0x80d65	5	F|5h1
0x80dbb	5	4!L!L
0x80dc8	6	!F]4!F
0x80dda	4	]4cb
0x80e05	5	F,6Sb
0x80e0b	4	FW:k
0x80e68	4	gfff
0x80e75	4	pBf@
0x80ea7	5	fL<h&
0x80f57	5	b/`c0
0x810c5	4	BSdJ
0x810e3	4	BSdF
0x81174	4	}b#g
0x81179	4	G,7+
0x812f6	4	"/\e
0x81320	5	abCga
0x81381	4	vs`m
0x81393	4	ts`M
0x81398	4	+fc5
0x813a0	7	+eR-Sgc
0x8154a	4	Rf 6
0x815dd	4	BSd/
0x815fb	4	BSdA
0x81656	5	"OC`[
0x81665	4	dL`[
0x8174f	4	@pp-
0x8175f	4	B\2,
0x817c3	4	dL`[
0x8185f	4	G,7]
0x81865	4	G,7X
0x818e0	4	P4Sk
0x81946	5	.8!H0
0x81967	4	Vpp^
0x8197a	4	,Fc`
0x81a70	4	Rb@2
0x81a9d	4	Rb)!
0x81aff	4	b'6/
0x81bd7	6	/"OL`(
0x81cda	5	L`Cb[
0x81d2d	6	r1e,7v
0x81d43	4	@zp-
0x81dcc	4	ae1f
0x81df8	5	L`Cb[
0x81e4b	6	r1e,7.
0x81ec2	4	ae1f
0x81f39	5	/"OL`
0x81ff7	4	@~pm
0x820d6	5	L`Cb[
0x82119	4	r,7%
0x821bf	4	@~p-
0x8229e	4	,bc2
0x822a6	4	lfg2
0x822c7	4	r"/$
0x822e2	4	,fs6
0x8237c	4	,bc2
0x82384	4	lfg2
0x823b1	4	B\eS
0x823c2	4	lbw2
0x8245b	4	B\eZ
0x8246c	4	L`Cg
0x824bd	4	B_eU
0x824ff	4	v`0|
0x8253f	4	Bog\
0x825fa	5	(Vb%Z
0x82729	4	B|gf
0x8279d	4	@pp-
0x827a2	4	L`cn
0x827a7	4	Nl>[
0x82831	4	@pp-
0x82836	4	L`cn
0x8283b	4	Nl>1
0x82991	5	r,5cb
0x8299d	4	B\2#
0x82a3d	4	G,7^
0x82ca7	6	rpp,6]
0x82cb3	4	G,7v
0x82cf7	6	bQf 6$
0x82d20	5	!%lRU
0x82de5	5	r,5sb
0x82df1	4	B\2#
0x82e2f	5	Bl2"/
0x82e42	5	l7s`L
0x82f68	7	CbL`lBl
0x82fd5	4	pcg.
0x82fdf	5	r,5Ab
0x82fe9	4	D,4d
0x82ff1	4	D\4^
0x83054	7	CbL`lBl
0x830c5	4	pcg.
0x830cf	6	r,5Ab,
0x830d9	4	D,4(
0x830e1	4	D\4^
0x8319b	4	b!$Z
0x831a8	4	"OL`
0x831b2	6	rb+B&O
0x8327d	4	npp-
0x83282	4	L`cb
0x83287	4	Bl2[
0x8328f	5	B,=,>
0x83321	4	b("\
0x83336	4	lfcb
0x83342	7	L5Rb("J
0x8334e	5	`.lfg
0x8336b	4	b("7
0x83399	4	v`.*
0x833a5	4	wlfg
0x83756	4	ab("
0x8377c	4	!eSb
0x837ab	6	v"/_gc
0x837db	4	@"/l
0x83811	4	PnfL
0x83827	4	PnfL
0x838cb	6	uQ"h=#
0x838ff	4	rpB<
0x83a07	4	u!/p
0x83a0d	4	B_e?
0x83a3b	4	b#5(
0x83a48	8	qdCf\6#6
0x83aa6	4	L`Cb
0x83ae5	4	u!/8
0x83aeb	4	B_eS
0x83b12	5	#g#`0
0x83b1b	4	t!c"
0x83b20	5	!e\3$
0x83b27	4	C3`d
0x83b31	4	u3`0
0x83b3f	4	d!eP
0x83b5c	6	_e,b 5
0x83b66	6	of,b 6
0x83c01	12	AA^Sm),Cj).f
0x83cc0	6	l2"%Be
0x83cc7	6	uR$BeU
0x83cd9	5	G,7r*
0x83d6f	7	+!fQb,6
0x83e93	4	B|g\
0x84072	4	c`,e
0x84124	7	CbL`lBl
0x841e5	4	@tpm
0x84204	7	CbL`lBl
0x84374	4	Q&S`
0x8441f	4	B\eJ
0x844b1	4	Bof/
0x844c9	4	Bof!
0x844d0	4	!.,e
0x8450a	4	ae1f
0x846d2	4	ae1f
0x846ef	4	@Cb^
0x84874	4	L`Cb
0x84941	4	v`0|
0x84981	4	Bog\
0x849dd	4	B\e.
0x84b9b	4	B|gc
0x84bd5	4	Flti
0x84c84	4	L`Cn
0x84db4	4	L`Cb
0x84dde	4	Pfl`
0x84e90	4	"OL`
0x84e9a	6	rb+B&O
0x84fcf	5	b("#`
0x84fde	4	\f`2
0x85045	6	rpp,6]
0x8515b	6	rL`,>[
0x8527f	6	rpp,6]
0x8528b	4	D,4L
0x854bd	4	Bpta
0x85588	4	CfL`
0x855e2	6	,6bb("
0x855f1	4	Bpt%
0x857b8	4	\eX%
0x857c7	4	B_eM
0x857de	6	,6bb("
0x857f5	4	BptI
0x85867	4	B_e5
0x85982	4	ae1f
0x85a2b	4	Bof}
0x85b1d	10	F,6AbQe,63
0x85b57	4	B1f&
0x85b85	4	Bof0
0x85ba7	5	@l01f
0x85bc9	4	B1eR
0x85ce4	4	!&ab
0x85df7	4	@l0\
0x85e0c	4	,Fc`
0x85e18	5	Zv!/T
0x85e1e	4	c`og
0x85e42	4	,Gs`
0x85e67	4	@l0@
0x85e78	4	,Fc`
0x85e84	5	Zv!/9
0x85ea5	4	@l02
0x85f6f	4	Qv.D
0x85fae	4	L`Cn
0x85ffd	6	vcg,6f
0x86053	6	m"OC`n
0x860d8	5	C``b:
0x860f3	4	r"/:
0x86211	4	r"/:
0x86294	7	,>Cbh~2
0x8637a	4	C``b
0x86382	5	l`,n:
0x863c7	4	B\e'
0x863d1	4	&`b#
0x864d4	4	C``b
0x864dc	5	l`,n|
0x86521	4	B\e"
0x865c0	4	C``b
0x865c8	5	l`,nA
0x8678b	5	6Zvc`
0x867ae	6	of,ES`
0x867be	5	X6!/n
0x867d4	4	ofcb
0x867e8	4	,Fc`
0x867f6	5	'v!/`
0x8684e	5	"OC`n
0x868d2	5	C``b:
0x868ed	4	r"/:
0x8697b	4	Qv.D
0x86ab0	4	C``n
0x86b98	4	C``n
0x86cca	4	C``b
0x86cd2	5	l`,nd
0x86d63	6	n"OL`F
0x86d6e	6	bb+B&O
0x86dcb	4	B|g4
0x86e0c	5	"OC`n
0x86ed8	7	,>Cbe~'
0x86f3a	4	\e"&
0x8703a	4	,Fc`
0x87043	5	6Zvc`
0x8706e	4	,Fc`
0x8707c	5	h5!/B
0x87094	4	ofcb
0x87099	4	Bl2:
0x8709f	4	B-6Y
0x870b8	5	'v!/3
0x8710e	5	"OC`n
0x87118	7	+C&O@T>
0x87266	4	"&\e
0x872a8	4	qv,b
0x872b3	5	vL`ce
0x872de	5	C`Pb:
0x872f9	4	r"/:
0x8737e	4	qv,b
0x87389	5	vL`ce
0x87490	4	qv,b
0x8749b	5	vL`ce
0x87588	4	qv,b
0x87593	5	vL`ce
0x876d2	4	qv,b
0x876dd	5	vL`ce
0x87704	4	C`Pb
0x8770c	5	l`,ng
0x87827	4	B|g5
0x87860	5	"OC`n
0x8786a	5	+C&O)
0x8793e	4	,5cb
0x87970	5	C` bO
0x87a5d	4	FR/*
0x87a7b	4	blfL
0x87a8d	4	El`E
0x87bf6	4	CfL`
0x87c50	6	,6bb("
0x87d2e	4	L`Cb
0x87d64	5	`b,f*
0x87da4	6	l5Rfh&
0x87e44	4	L`Cb
0x87f52	4	\2/b
0x87f71	6	zoiLd@
0x87f7e	5	2f\b'
0x87fbd	4	wlb'
0x87fc9	5	r b("
0x87ff3	4	r\2e
0x87fff	4	wlb'
0x88006	10	sb\20r b("
0x88035	4	r\2e
0x88041	4	wlb'
0x88048	10	sb\2Hr b("
0x88075	4	r\2e
0x881b5	6	BXr,7@
0x881c0	6	\eofcb
0x881c7	7	vof|2S6
0x881e0	20	_bSf#vL2_e`"Sb#r|2P"
0x8821f	4	BptZ
0x882c0	7	,e\6`gc
0x88399	4	`\1%
0x88453	4	Bcd%
0x884a8	4	<c<?
0x884be	4	L`Cb
0x884f6	5	0f"/l
0x8850b	6	b\e,gg
0x88578	4	L`Cg
0x886d0	5	ZRc23
0x886e8	4	ZRg2
0x88721	4	r"/m
0x88829	6	rpp,6]
0x88954	4	lf`0
0x88960	4	lf`0
0x8896c	5	lf`0y
0x88974	5	lf`0u
0x8898d	4	BLdi
0x889b7	4	BLdT
0x88adc	4	lf`0
0x88ae8	5	lf`0Z
0x88b0c	4	lf`0
0x88b18	4	lf`0
0x88b24	4	lf`0
0x88b30	4	lf`0
0x88c4e	4	Qb("
0x88c7b	4	B,5v
0x88c8f	4	BLdb
0x88d63	4	n"OR
0x88dc8	5	\eP0z
0x88dd0	4	\eP0
0x88df4	4	\eP0
0x88e00	4	\eP0
0x88e0c	4	\eP0
0x88e18	4	\eP0
0x88f5b	4	BLd.
0x88ff4	4	ab("
0x89180	4	"/\e
0x8920a	5	lf`0X
0x89212	5	lf`0%
0x89232	4	lf`0
0x8923e	4	lf`0
0x8924a	4	lf`0
0x89256	4	lf`0
0x892bf	4	BS`I
0x892e5	4	FS`;
0x89323	4	BLdJ
0x894c6	4	\eP0
0x894d2	4	\eP0
0x894de	4	\eP0
0x894ea	4	\eP0
0x89502	5	ab("K
0x89662	4	ab("
0x897b8	4	"/\e
0x898c8	4	"/\e
0x899a6	5	\eP0M
0x899ae	5	\eP0%
0x899ce	4	\eP0
0x899da	4	\eP0
0x899e6	4	\eP0
0x899f2	4	\eP0
0x89a37	4	BLdl
0x89a45	4	BS`V
0x89a8f	4	BLd@
0x89c9c	4	"/\e
0x89de1	4	BLdJ
0x89e25	4	B"%'
0x89e5b	4	Bof 
0x89f68	4	lf`0
0x89f74	4	lf`0
0x89f80	4	lf`0
0x89f8c	4	lf`0
0x8a05d	4	E,5C
0x8a083	4	r!B/
0x8a12b	4	BSfZ
0x8a1fc	5	lf`0j
0x8a204	5	lf`0f
0x8a20c	5	lf`0b
0x8a214	5	lf`0^
0x8a2c5	4	BSfT
0x8a342	4	lf`0
0x8a34e	4	lf`0
0x8a35a	4	lf`0
0x8a366	4	lf`0
0x8a4af	4	E,5@
0x8a4d5	4	r!B3
0x8a511	4	BLd=
0x8a58f	4	BSfZ
0x8a610	4	"OL`
0x8a61a	6	rb+B&O
0x8a76a	5	<?L`T
0x8a801	4	EC`D
0x8a823	4	E|1D
0x8a96e	4	L`Cg
0x8aa56	4	L`Cg
0x8ab9c	4	<?L`
0x8ac19	4	@\1o
0x8ac23	4	EC`H
0x8ad54	4	\eP0
0x8afca	4	l2Cf
0x8b038	4	"/s`
0x8b08e	4	\eP0
0x8b306	4	l2Cf
0x8b374	4	"/s`
0x8b394	4	ab("
0x8b51b	4	@<p)
0x8b523	5	BXr,4
0x8b52f	4	"C`,
0x8b536	4	ld(D
0x8b53b	4	BPt<
0x8b5c6	4	L`Cg
0x8b692	4	bb("
0x8b723	4	@ppm
0x8b736	5	"OC`[
0x8b745	4	dL`[
0x8b7a0	5	L`Cb[
0x8b7dd	4	G,7@
0x8b7f9	4	F\6o
0x8b819	4	Bl2/
0x8b82a	4	,b 6
0x8b832	5	,b 6!
0x8b880	6	<c<?&O
0x8b8a5	4	@pp-
0x8b8b5	4	B\2,
0x8b979	4	dL`[
0x8b9ac	7	CbL`lB[
0x8b9d6	5	lf`0*
0x8ba40	4	L`Cb
0x8ba6a	5	lf`0i
0x8ba7e	4	Rgx'
0x8bad3	6	r"/|g/
0x8baf2	5	C`\B"
0x8bbc2	5	L`Cb[
0x8bbea	5	lf`0L
0x8bc25	4	ul7)
0x8bc2b	4	B_e,
0x8bc3e	4	Rfcb
0x8bc4b	4	vl2&
0x8bd19	4	<Cm2
0x8bd27	4	b :+
0x8bd9c	5	lf`2(
0x8be96	4	,b <
0x8bea2	4	,b <
0x8beae	4	,b <
0x8bebc	5	lf`2)
0x8bf2d	4	@<p.
0x8bf36	4	\7|6
0x8bf3b	8	W`b,b 70
0x8bfaa	4	,b 6
0x8c084	5	lf`2)
0x8c14a	5	|gpB<
0x8c1e2	4	9$pt
0x8c223	4	@P$A
0x8c228	6	S`)E)@
0x8c240	5	Pb $Q
0x8c252	4	C`Sb
0x8c257	12	BP$#`Sb)E)BA
0x8c265	4	E#`B
0x8c2b3	5	Bl2@f
0x8c2be	4	,0"O
0x8c2da	7	-` $<@A
0x8c2ec	5	Pb $Q
0x8c2f6	6	C`]bP$
0x8c2fe	5	<B#`A
0x8c305	4	f@bA
0x8c319	4	BSn|
0x8c327	6	bmf 6)
0x8c342	4	l0"O
0x8c362	9	S`)@Sb)BA
0x8c36f	4	B $C
0x8c37e	5	Pb $Q
0x8c390	6	C`Sb)B
0x8c397	11	B $Sb)B#`Sb
0x8c3c5	4	/"OR
0x8c3cb	4	BSmQ
0x8c3e1	4	m@bA
0x8c3fe	4	,0"O
0x8c41e	6	<B $C`
0x8c42c	5	Pb $Q
0x8c436	6	C`]bS`
0x8c443	4	f $A
0x8c457	4	BSn/
0x8c465	6	bmf 6)
0x8c473	4	n@bA
0x8c4b7	4	%#`|
0x8c573	4	b(")
0x8c5f3	4	%P`j
0x8c60a	4	BR("
0x8c610	4	DR("
0x8c616	4	AR("
0x8c6a8	4	+Bsd
0x8c76f	4	b("%
0x8c812	4	Cm"t
0x8c851	4	/"O{
0x8c856	5	Cm"t}
0x8c897	4	/"On
0x8c89c	4	cnSl
0x8c8bc	4	SkS`
0x8c8ca	4	\eC5
0x8c8d0	4	s`&O
0x8c981	4	@"~$
0x8c992	4	,bc2
0x8c9bc	4	<?&O
0x8c9e1	5	`SmB/
0x8caa3	4	/"Ok
0x8cc13	4	f vK
0x8cc73	4	@h5V
0x8ccfd	4	G`uO
0x8cd0f	4	@(6f
0x8cd58	5	Cm|g@
0x8cd5f	4	f|6Q
0x8cdcf	4	@h5V
0x8ce5b	4	@(6f
0x8d07c	4	<?&O
0x8d0d7	4	{B/d
0x8d0e3	4	UX%,
0x8d119	4	f36)
0x8d133	5	~lfh&
0x8d183	5	S2R'l
0x8d278	6	USBC0\
0x8d284	4	USBS
0x8d2cc	4	BR("
0x8d2e0	4	AR("
0x8d2f8	4	FR("
0x8d310	4	CR("
0x8d316	4	ER("
0x8d31c	4	DR("
0x8d38f	4	e$u$
0x8d49f	6	IcjSkA
0x8d5bb	6	IclSjA
0x8d68c	7	ckSlCj?
0x8d7a1	4	p(C6
0x8d7b9	4	p(C6
0x8d7ca	6	\eofcb
0x8d7d3	7	BofL2S6
0x8d7e5	4	/"OA
0x8d807	6	CTs<2U
0x8d84b	4	/"OA
0x8d864	6	\2Lfa"
0x8d87f	8	A\2a"*v~
0x8d888	8	(NTq\2a"
0x8d8fe	4	#m(L
0x8d957	5	n-b >
0x8d9d5	4	B-fe
0x8db3d	4	@&p%
0x8dc3b	7	T,vCel5
0x8dc49	9	bL2`"L>Ub
0x8dc6a	4	`b("
0x8dcc9	7	THvCel5
0x8dcd7	9	bL2`"L>Qb
0x8dcf6	8	l2#f`b("
0x8dd3b	6	@Ce$pe
0x8dd49	6	@-f(Ff
0x8dd57	6	@-b,6f
0x8dd6a	8	L2a"Ub-f
0x8dd75	5	FL2a"
0x8dd8d	4	T(p%
0x8dd95	5	2Ce,5
0x8dd9f	5	bL2`"
0x8ddaf	4	@L2!
0x8ddc4	4	Cel2
0x8ddd1	5	bL2`"
0x8ddd7	5	GUb-`
0x8dddf	4	@L2!
0x8ddfc	4	qfCe
0x8de03	5	b\2`"
0x8de37	7	6l5Qb("
0x8de41	7	dl4Ab("
0x8de98	4	Qb-`
0x8dea9	5	e|5-`
0x8deb9	5	bQ`L2
0x8dec2	4	Qb-`
0x8ded2	4	Qb-f
0x8df03	4	b\2"
0x8df0d	4	b\2#
0x8df17	4	b\2$
0x8df21	4	b\2%
0x8dfb4	5	`b,fd
0x8dfdb	4	pmbM
0x8dfef	4	@mbM
0x8e005	4	pmbM
0x8e01b	4	@mbM
0x8e037	4	pmbM
0x8e04d	4	pmbM
0x8e061	4	@mbM
0x8e079	4	pmbM
0x8e08f	4	@-fM
0x8e09b	4	@\6M
0x8e0b3	4	p-fM
0x8e0c7	6	@,6]bM
0x8e0d4	6	,6\@l0
0x8e0df	4	@&pM
0x8e0e7	4	@mbM
0x8e207	4	Bl2@
0x8e309	4	bS`%
0x8e319	4	2S`%
0x8e329	4	6S`e
0x8e339	4	6S`e
0x8e349	4	6S`e
0x8e37f	4	2S`%
0x8e38f	4	2S`%
0x8e39f	4	2S`%
0x8e3af	4	fS`e
0x8e3bf	4	6S`e
0x8e3cf	4	2S`%
0x8e3df	4	2S`%
0x8e3ef	4	2S`%
0x8e3ff	4	6S`e
0x8e40f	4	2S`%
0x8e41f	4	6S`e
0x8e425	5	bL2 f
0x8e42b	4	bL2!
0x8e465	4	f|2!
0x8e49f	4	b|2%
0x8e4e7	9	5SnQfqb`2
0x8e521	7	e<fcmC`
0x8e540	4	ck(L
0x8e580	5	(6)F]
0x8e5c4	4	<?&O
0x8e616	4	(B&7
0x8e6df	4	/*WD
0x8e6ec	4	bb("
0x8e6f2	4	,>,6
0x8e6fe	7	sb\2 >5
0x8e725	4	R">&
0x8e763	4	}mf<
0x8e7b2	4	(BCi
0x8e7b8	4	Sm,=
0x8e7ca	7	Sb(G|2*
0x8e7f4	6	\2|2!f
0x8e7fb	7	uB5a/a.
0x8e812	6	\2"fh&
0x8e866	4	(N(B
0x8e86b	4	7,5;
0x8e880	5	b"(".
0x8e8cb	5	2l2!f
0x8e8e4	7	,<,=r=)
0x8ea37	7	Veb-b,5
0x8ea4f	8	wQ')ES`@
0x8eadb	4	@CjN
0x8eb11	7	4SbL2!f
0x8eb19	5	umfl>
0x8eba9	4	6cbA
0x8ebae	5	se,5*
0x8ebcb	4	b|2*
0x8ec60	4	Cj(B
0x8ec76	6	(Bcg,7
0x8ec80	5	cj(Bq
0x8ec92	5	\e(E%
0x8ecf1	5	5Pb("
0x8ed23	4	V .k
0x8ed3e	9	(FSbl2":?
0x8ed4a	9	Sb(Fl2"f*
0x8ed57	4	r 65
0x8ed62	4	(Fl5
0x8ed67	4	VR6+
0x8ed72	7	lf(Ff2$
0x8edb6	8	Sblf(Fl2
0x8ede3	4	/"OA
0x8edeb	4	@SlN
0x8edf8	6	(C_eck
0x8edff	4	B<>C
0x8ee16	4	(C<5
0x8ee1d	5	4Bfh&
0x8ee56	4	l4R4
0x8ee8b	8	n(B(F,<`
0x8eead	4	b("O
0x8ef89	7	n(A(C<>
0x8eff1	4	@cjN
0x8f08f	5	5Pb("
0x8f158	4	cj"n
0x8f1a2	4	(ESj
0x8f1b1	5	ur5mf
0x8f28e	4	Sn"m
0x8f2d3	5	k&^)N
0x8f39f	4	/#m!
0x8f42c	12	(D(LSbL2!fS`
0x8f455	5	ur5-b
0x8f4da	5	<0"Or
0x8f4ee	4	+B&O
0x8f51e	5	(C<5`
0x8f53f	4	q<5X
0x8f55d	6	A4q<5P
0x8f57b	4	d<5I
0x8f59e	6	gfcb)B
0x8f5a5	4	5!/>
0x8f5c1	4	d<57
0x8f5e6	10	(CCb<2!fmf
0x8f5fa	4	<2!f
0x8f612	4	<2!f
0x8f617	5	A4qmf
0x8f62a	6	<2!fmb
0x8f63a	4	Ce<5
0x8f63f	13	sQf<4Abmf-`(@
0x8f665	4	BCnA
0x8f672	5	(B,5S
0x8f6d8	4	SSAP
0x8f6ed	4	BArj
0x8f714	6	(Cse<5
0x8f71b	13	sQe<7qb]`-b(B
0x8f72a	5	,0"O]
0x8f73c	6	+B&O&O
0x8f747	4	/"OX
0x8f7b5	4	/,4?
0x8f7c6	10	(E(Msb\2#e
0x8f7ef	4	2"5J
0x8f7f6	9	Cb(Fl2"f*
0x8f803	4	r 6@
0x8f837	5	`\6r&
0x8f846	4	c`rb
0x8f866	4	]bg2
0x8f87c	4	-eg5
0x8f8b0	4	SSAP
0x8f8bc	4	caSg
0x8f8c4	7	@b,b#`.
0x8f8da	7	@flb#`.
0x8f912	4	C`0'
0x8f922	4	C`0'
0x8f93b	5	B"r&4
0x8f963	5	O"OH$
0x8fa33	6	/"OClE
0x8fa3f	4	BSnI
0x8fc16	4	#`h=
0x8fc7d	4	eC`U
0x8fc9d	4	fC`e
0x8fca5	4	f#`_
0x8fcc9	5	F"vg7
0x8fcd3	4	DPt_
0x8fcf1	5	D,Fc`
0x8fd06	4	-b'6
0x8fd2a	4	,DC`
0x8fd37	6	4Pr,4,
0x8fd68	4	mfg>
0x8fd8c	4	,DC`
0x8fd9d	4	`L2,
0x8ff3a	5	Y"#j'
0x8ff43	4	B,;C
0x8ff99	4	F!NH
0x90000	5	!Bc=$
0x90088	8	datasmpl
0x90138	4	!*#`
0x90174	4	Sn'6
0x901b0	5	iR("#
0x901b7	6	TBVCRd
0x901cb	11	e,bBf,5ARb%
0x901da	5	BVCRb
0x901e2	5	DVERd
0x901fc	4	iR#f
0x9020b	6	BL2#g&
0x9021f	4	VcP^
0x90358	5	(B&6$
0x903ad	4	@cm>
0x903e4	4	(Ga/
0x90450	8	(DSbL2&6
0x9045c	4	(Fl5
0x90462	4	Sb(F
0x904b4	4	(B&;
0x904d1	4	9\9B
0x904e0	5	(B,5@
0x9051c	8	(D#fL6b5
0x90572	4	(B,6
0x9058e	4	(B&;
0x9061c	6	_eB/ck
0x90692	4	_eSf
0x9069d	4	FL6*
0x906ab	5	u_es5
0x906b6	4	_eSf
0x906c1	4	FL6*
0x906cf	5	u_es5
0x90751	5	F vb2
0x90777	4	@(7@
0x90781	4	@"/>
0x908fe	6	OdsbCe
0x9090b	4	E\2*
0x90916	4	sb\2
0x90945	5	r,6cd
0x9094c	4	_eSf
0x90957	4	FL6*
0x9096a	4	_e#5
0x909d4	4	SjCi
0x90a6d	4	uR2<
0x90a97	4	B_eV
0x90c34	4	,bg2
0x90c50	4	,bg2
0x90c6c	4	,bg2
0x90cbb	4	El5X
0x90cc0	5	Pb("&
0x90e7f	4	El5V
0x90e84	4	Pb("
0x90f63	4	Boey
0x90f8f	4	Boec
0x90fbd	4	BoeL
0x91010	4	,bg2
0x91028	4	,bg2
0x91040	4	,bg2
0x911df	4	b("E
0x911e8	4	(Fb2
0x91277	4	b("m
0x91280	4	(Fb2
0x9135f	4	b("7
0x913db	4	b("7
0x9144e	4	#` ~
0x914a1	4	@Cjn
0x91565	4	b("L
0x915f9	4	r,6f
0x9161b	4	/"Oo
0x9167d	4	BSl_
0x9189f	4	e|2%
0x918ab	4	VR6-
0x9190c	4	!.#`
0x91949	4	BSnY
0x91a8f	4	m("%
0x91a98	4	b*#`
0x91c38	4	eb!.
0x91c60	4	!-#`
0x91e25	4	blf'
0x91e40	4	Pb("
0x91f30	4	Cbh&
0x91f39	5	G`$#d
0x91f4a	4	Cbh&
0x91f53	5	G`$#d
0x91f6f	5	m"OH$
0x91f8a	4	1$&O
0x91fc3	5	el2(5
0x91ff3	5	V F\6
0x91ffd	4	F\6d
0x9201b	4	R-4d
0x92022	4	|Fc`
0x9203a	4	|Fc`
0x92065	4	R)B%
0x92079	4	u)B%
0x920c1	4	d,5?
0x920e1	4	d,57
0x920fb	4	d,51
0x92121	4	d\`f
0x921ce	4	(B"5
0x921de	5	(EW6(
0x9222b	4	B_eq
0x92278	4	X%cm
0x92374	4	X%cm
0x923e2	4	c`B/
0x9248b	4	b<c'
0x924a5	4	b("6
0x92588	6	L2"fh&
0x92591	4	eL5N
0x925e0	5	"/X<?
0x92637	6	2"fh&#
0x92643	5	r fh&
0x927cb	5	2"fh&
0x927d7	5	r fh&
0x92ad1	4	b(" 
0x92b76	5	,blf'
0x92c90	4	|b#g
0x92c97	4	G,7O
0x92d39	4	g|gc
0x92d58	6	,`lGs`
0x92d94	4	"/\e
0x92e30	4	R/C`
0x92e41	6	/"OCg(
0x92e55	4	Bs`.
0x92e6f	5	Bsf,6
0x92e85	4	n"O(
0x92e8a	4	Sg25
0x92e93	9	GCb|2"fh&
0x92e9e	4	Cb|2
0x92ebe	5	Sn25.
0x92ec9	8	B,4Bb("'
0x92ef7	4	FdpV
0x92f0b	4	F(@S
0x92f36	9	Sm"5cnseB
0x92f41	4	W">?
0x92f49	10	BCf,6bb("8
0x92f57	8	B,4Bb("2
0x92f6a	4	|g'7
0x92faf	4	F(@*
0x92fd8	5	R/25(
0x92fe1	8	E\4Bb(""
0x9306a	9	Sm"5cnseB
0x93075	4	W">?
0x9307d	10	BCf,6bb("8
0x9308b	8	B,4Bb("2
0x9309e	4	|g'7
0x930e3	4	F(@ 
0x930f5	4	`h2%
0x93111	7	E\4Bb("
0x9312c	5	Case(
0x93188	4	H$Cg
0x93209	8	/"OH$Sk 
0x9325f	4	j"O6
0x93277	5	r"f"U
0x9328f	5	r"f"U
0x932a8	4	X%Cn
0x932b1	4	b("#
0x932c1	5	r"e"W
0x932ed	5	r"e"W
0x93312	8	BRSnCm("
0x93381	5	r"f"U
0x933ab	7	r"e"S\4
0x93499	5	r"f"U
0x934c1	7	r"e"S\4
0x93568	4	DRSg
0x9356e	4	Cn 7
0x935ef	5	r"e"W
0x9360b	5	r"e"W
0x93642	8	slck 5Cm
0x93722	4	DRcl
0x93728	6	sm 5Cn
0x93761	4	Wx'9
0x937ef	13	/"ODRskclCm 5
0x9388a	4	DRcm
0x93890	4	Cn 5
0x9390c	4	Cn 5
0x9393f	4	@("1
0x9397c	4	DRSg
0x93982	6	cm 7Cn
0x939bb	4	fh&&
0x93a22	4	DRcm
0x93a28	4	Cn 5
0x93a5d	4	gx'?
0x93a71	5	r"f"U
0x93af6	4	DRSg
0x93afc	6	cm 7Cn
0x93b35	4	fh&?
0x93b49	5	r"e"W
0x93bce	4	DRSg
0x93bd4	6	cm 7Cn
0x93c0d	4	fh&!
0x93c8a	4	DRcj
0x93c90	6	sn 5Cl
0x93ddb	4	u`"Y
0x93de7	5	Udb %
0x93ded	4	udbX
0x93df5	5	udb %
0x93dfb	4	u`b 
0x93e86	4	DRcj
0x93e8c	4	Cm 5
0x93fcd	4	u`"X
0x93fd9	5	Udb %
0x93fdf	4	udbW
0x93fe7	5	udb %
0x93fed	4	u`b 
0x94050	4	Cn 5
0x94085	4	gx'>
0x94099	5	r"f"U
0x9411c	4	Cn 5
0x94151	4	gx'(
0x941c0	6	cmCn 5
0x9428b	5	S0b("
0x94295	4	E$f!
0x942c2	6	cmCn 5
0x943b9	5	S0b("
0x943c3	4	E$f!
0x943ec	4	DRcm
0x943f2	6	sl 5Cn
0x9442b	4	Wx'I
0x9445f	4	b("'
0x944dc	4	DRcm
0x944e2	6	sl 5Cn
0x9451b	4	Wx'L
0x945d2	4	DRcm
0x945d8	6	sl 5Cn
0x9466c	4	DRcm
0x94672	6	sl 5Cn
0x946ab	4	Wx'.
0x94724	4	DRcm
0x9472a	4	Cn 5
0x94761	4	Wx'#
0x947ee	4	DRcn
0x947f4	6	sl 5Cm
0x9482d	4	Wx'\
0x94904	5	Cn 5s
0x9490d	4	R("o
0x94917	4	b("3
0x94927	5	r"e"W
0x94945	4	fh&U
0x94995	5	r"e"W
0x94a42	4	Cn 5
0x94a84	6	CmDTsn
0x94a8c	4	@5cl
0x94ae4	6	CmDTsn
0x94aec	4	@5cl
0x94b44	6	cmDVsl
0x94b4c	4	`5Cn
0x94ba8	4	DRsl
0x94bae	4	 5Cm
0x94bfe	6	CgDT@5
0x94c08	4	rR("
0x94c26	4	"Vc`
0x94c2f	7	/"OAR("
0x94c72	5	DU+B2
0x94c97	4	@+GN
0x94ca1	4	@+GN
0x94cab	4	@+GN
0x94d07	4	@+FN
0x94d11	4	@+BN
0x94d1b	4	@+CN
0x94d25	4	@+CN
0x94d3e	4	SkP`
0x94d44	5	BbAV.
0x94ddd	6	/"OSm-
0x94dec	5	/b(")
0x94e14	5	S`s`?
0x94e2a	4	sese
0x94e3f	5	}@gx'
0x94e46	4	/b("
0x94e59	4	wL`\
0x94e63	9	tH7sb#`&O
0x94e73	5	l]`P$
0x94e83	4	@P$A
0x94e88	6	S`)E)@
0x94ea4	5	CbSnu
0x94eb0	4	Mecm
0x94ee7	4	FM`?
0x94f7d	5	\(p,q
0x94f9b	4	@0pE
0x94fa5	4	b4p&
0x94fd0	4	,b 7
0x95001	4	@<p$
0x95017	7	@-h@p68
0x9504e	4	H6ca
0x95071	4	@HpO
0x950a6	4	H6ca
0x950b0	4	}gv0
0x950e7	4	@0p5
0x95111	4	@Hp&
0x9513f	5	@8pMd
0x9518f	4	vLpx
0x951b1	5	@8pMd
0x951c2	4	}gv0
0x951d5	5	Fcnca
0x95207	4	vLp<
0x95223	6	@,b0p%
0x95281	4	vLpf
0x952b5	4	@Hpf
0x952cd	4	@(p0
0x9531a	4	sn,p
0x95329	5	@Hp!B
0x95363	5	@,p=b
0x953a9	4	@TpY
0x953c9	4	d=eR
0x95411	6	~8tCk?
0x95450	4	"^l4
0x95469	4	d4pu
0x9547b	4	d0/<
0x954c3	5	C s3`
0x9559e	8	$r"f"^l4
0x95600	8	$r"f"^l4
0x956eb	9	@$r"f@p"^
0x9571b	10	@$r"SXp"f6
0x957b7	9	e$r"f"^l4
0x957d5	7	g$vHpbe
0x957de	4	bR\4
0x95819	5	g$r"d
0x9583f	5	g$r"d
0x95897	5	@Hp<9
0x958b1	9	d$rl9"f"^
0x958ff	5	g$r"d
0x95961	5	CUq<4
0x95981	4	d,4|
0x9599b	7	d$r@p"f
0x959a4	4	"^l4
0x959c3	4	C<4[
0x959d5	9	g$r"f"^l4
0x959f9	5	CUq<4
0x95a0f	9	g$r"f"^l4
0x95a2d	9	g$r"f"^l4
0x95acd	5	E(B,5
0x95ad5	6	B,5`b@
0x95adc	4	,b,5
0x95ae7	5	r"d"^
0x95b23	4	b("W
0x95b49	5	F,`l0
0x95b5b	7	G,b,7x'
0x95b70	4	(G,b
0x95b75	4	G(B!
0x95b88	4	,b,7
0x95b9c	4	,b,6
0x95bf4	8	RRaArrAa
0x95c81	5	E(B,5
0x95c89	6	B,5`b@
0x95c90	4	,b,5
0x95c9b	5	r"d"^
0x95cd5	4	b("\
0x95cfb	5	F,`l0
0x95d0d	7	G,b,7x'
0x95d22	4	(G,b
0x95d27	4	G(B!
0x95d3a	4	,b,7
0x95d4e	4	lfl2
0x95d8a	4	=c62
0x95e25	5	E(B,5
0x95e2d	6	B,5`b@
0x95e34	4	,b,5
0x95e3f	5	r"d"^
0x95e81	4	b("k
0x95ea7	5	El`\0
0x95eb9	7	Glfl7x'
0x95ece	4	(Glf
0x95ed3	4	G(F!
0x95ee6	4	lfl7
0x95ef5	7	Elfl5X%
0x95f0a	4	(Elf
0x95f0f	4	E(F%
0x95f22	5	lfl5U
0x95f39	4	am`s
0x95f54	4	=c60
0x95f85	9	OH$skcnSm
0x95feb	7	F,b,6h&
0x96000	4	(F,b
0x96005	4	F(B!
0x96018	5	,b,6i
0x96029	8	Blfl2-b>
0x96042	4	(F,b
0x96047	4	F(B%
0x9605c	5	,b,6e
0x96080	4	-ff5
0x9609e	4	!V(A
0x960c4	7	lfQR-bg
0x960d6	7	QRQR-eg
0x960fa	7	,eaTMbW
0x9611c	5	aR-bW
0x96128	4	M`ca
0x96197	4	C<2\
0x961b9	4	K~~X
0x96273	8	/"OH$Sm0
0x962f9	4	pClN
0x9631f	5	d~s<4
0x963bd	5	d~s<6
0x963dd	4	E,b$
0x963e9	5	@r/,b
0x963f7	5	S"Q<5
0x96426	8	<c<2"f"U
0x964e6	5	~s<11
0x9650f	4	e<4C
0x9657e	8	<c<2"f"U
0x96632	6	Hr"f"U
0x9666c	5	~s<41
0x96706	8	<c<2"f"U
0x9677f	4	ve2`
0x96861	4	e)EK
0x968c5	5	T)G}e
0x968d9	4	C}e 
0x96987	5	r"f"U
0x969bf	4	pClN
0x969fd	6	d~s<4 
0x96a29	4	s<4b
0x96be1	4	gx'*
0x96c23	5	r"f"U
0x96c82	4	SlCi
0x96ddb	11	F,b(E,6l5X%
0x96e19	5	r"f"U
0x96e3b	4	e`*L
0x96e69	4	uC`\
0x96e72	7	Cb\2 `\
0x96e80	4	Cb\2
0x96e86	4	0"\4
0x96f4b	4	vS`l
0x96f77	5	sSg<4
0x96fa5	5	upb("
0x96fc8	4	#`&O
0x96fe1	6	sCn3`N
0x97000	4	#`&O
0x9703a	7	<c,b02.
0x970ea	6	<c\e05
0x9713a	6	<clf06
0x9722e	6	<c,b02
0x9724e	4	(F,b
0x97261	4	B,6\
0x97266	6	,b,6b/
0x9728c	6	<c,b02
0x972b9	7	/"OSjCl
0x97355	7	/"OSjCl
0x973ea	7	~sck<4c
0x973fc	5	Sl,aL
0x97424	6	(Al1!V
0x97477	4	alfd
0x97485	4	R-bg
0x97496	5	-blfg
0x974d9	4	W,d=
0x974ed	4	PmfG
0x9752e	6	Hr"f"U
0x97548	6	Tr"f"U
0x97590	9	H5(6[b&> 
0x975a3	5	b\2,1
0x97610	6	xr"f"W
0x976c3	4	TF>-
0x976e8	6	xuRdRW
0x97713	4	Tl=G
0x97832	6	Hr"d"V
0x97850	6	Tr"d"V
0x97880	4	bdbR
0x97903	5	i"d"V
0x97a31	5	j#jx{
0x97aae	4	<c<?
0x97b2b	4	bLdG
0x97b3d	4	bLdG
0x97baf	9	E,b(K,5\;
0x97c15	5	2"d"V
0x97c90	7	lf!U]eg
0x97ccc	4	!Vmf
0x97d08	6	Hr"f"U
0x97d26	6	Tr"f"U
0x97d75	7	R(5[b&9
0x97de4	4	"f"W
0x97e8c	4	"f"W
0x97f17	4	S682
0x97f6b	4	Sl>7
0x98018	4	$}xr
0x9801d	4	i"dp
0x980e2	6	Hr"d"V
0x98104	6	Tr"d"V
0x9813e	6	"d$~"V
0x98185	4	`,b&
0x981ea	6	"d$~"V
0x983ac	6	"d$~"V
0x98413	5	-82,6
0x9842c	8	<c<2"f"W
0x98446	4	<c<?
0x9846f	5	C~s<4
0x9847e	4	(F,b
0x98491	4	B,6L
0x984e7	4	B<4V
0x984ef	4	ve2U
0x98581	5	r"f"U
0x9862b	4	DmfW
0x98674	5	}RC`'
0x9869d	7	CSh~s<6
0x986bb	4	q,gl
0x986cc	5	,kc`N
0x986d5	5	5xr"f
0x986db	5	G"\(E
0x986e1	5	7$~l4
0x9871f	4	/"O>
0x98728	6	CiJ]-b
0x9875d	7	r"f"^l4
0x98772	4	(C<:
0x987ad	4	pR/N
0x987b2	7	lfSa!T_
0x987fa	6	Hr"d"V
0x98812	6	Tr"d"V
0x9883e	6	xr"f"W
0x98871	7	r"f"Sl4
0x988bc	4	DRcn
0x988c2	4	Sm#f
0x988f7	4	R(".
0x9890a	6	b/#f"/
0x9891f	7	r"e"S\4
0x98947	4	fl2&
0x9894d	4	Rh2%
0x98955	5	Fh>l=
0x98963	4	R("p
0x98969	4	R">.
0x98987	7	{xr"d"V
0x989a5	7	vbe,kbR
0x989bd	5	Vh>cb
0x989e9	4	@,b%
0x989f3	7	Uxr"f"W
0x98a1d	7	r"e"S\4
0x98a37	4	fl2&
0x98a3d	4	Rh2%
0x98a45	5	Fh>l=
0x98a63	7	r"f"Sl4
0x98ab1	6	/"OJR>
0x98ab8	4	Cn"%
0x98ac2	5	-b"&L
0x98acb	5	@,b"'
0x98ad4	6	xr"f"W
0x98af1	5	C~s<4
0x98b11	9	F,b(E,6l5
0x98b44	6	BR=F`2
0x98b59	7	V-b,6f5
0x98b75	7	r"f"Sl4
0x98ba2	6	Hr"f"U
0x98bbc	8	Tr"e"V\>
0x98bf0	8	$r"f"^l4
0x98c1f	7	r"f"^l4
0x98c55	4	pCnN
0x98c9a	6	\e`b("
0x98ccf	6	C~s<2+
0x98ce4	5	r/x'b
0x98cef	5	C~s<:
0x98d2c	6	l2r/L5
0x98d6b	4	p2/6
0x98d9d	5	r"e"V
0x98dfe	4	$vbb
0x98e04	4	bW,=
0x98e3a	4	-b,6
0x98e5c	8	$r"f"]l4
0x98e80	6	$r"f"S
0x98e8c	8	l4-b2/,5
0x98ebf	4	/"OX
0x98ec4	5	SnCmN
0x98f24	4	cgCb
0x98f2f	5	uRfh&
0x98f66	4	cdSb
0x98f7f	5	B|2#n
0x98f96	8	Tr"f"Ul=
0x98fd5	5	C~s<4
0x98ff7	7	F,b(M,6
0x99010	6	Tr"d"V
0x9902b	7	e`r"d"V
0x99047	7	{Hr"d"V
0x99060	6	Hr"f"U
0x9908f	7	/"OcmCl
0x990a2	6	Hr"d"V
0x990b8	6	Tr"d"V
0x99100	6	Hr"f"U
0x99107	4	El4X
0x99116	5	Fb <)
0x99145	5	C86bb
0x9914b	4	r"&T
0x99156	4	bb("
0x9915d	5	r"&("
0x9918a	6	`r"f"W
0x991a6	4	Bb("
0x991de	4	s`&O
0x991f5	7	/"OcmCl
0x99208	6	Hr"d"V
0x9921e	6	Tr"d"V
0x99259	4	CCk`
0x9925e	5	Sj~sN
0x99282	4	l7Lf
0x99289	11	FLd(GL6l7p:
0x992dc	8	`r"f"Wl;
0x992e9	5	eS`&O
0x99323	4	RSaF
0x99346	4	md]n
0x9934b	6	a=AL1<
0x99364	4	-fl>
0x993a2	5	-b"<B
0x993b6	6	lr"f"U
0x993cc	6	lr"f"U
0x993e6	5	=AARJ
0x993ec	4	-e\1
0x99405	4	2R2z
0x99414	5	X6cad
0x9941a	10	lrch"f"Ul4
0x99433	4	s2/c
0x994c0	6	xr"f"S
0x994ed	4	Q,bg
0x99519	7	r"f"Sl4
0x99568	4	r/("
0x995f4	6	lr"f"U
0x99601	4	m<=S
0x9960d	4	s2/M
0x99672	9	xr"f"Sl48
0x996ca	8	$r"f"Sl4
0x9972a	7	=N!VmfW
0x99777	7	~`b,b("
0x997b5	5	b#`&O
0x997f9	7	e`r"d"V
0x99868	8	<c<2"f"W
0x998ae	6	aR-b"5
0x998c8	6	xr"f"W
0x998da	4	,b"=
0x998f8	4	$r"e
0x9996f	8	ePb,b("G
0x9997a	5	<c02C
0x999be	5	@eS`?
0x99a2e	6	SmCl`b
0x99a44	4	,b("
0x99a72	5	<c02g
0x99a9e	4	Cb|2
0x99b1e	4	@b("
0x99c27	5	bL2 f
0x99c2d	4	.l`T
0x99cbf	7	s<4CgCe
0x99cca	4	ofc`
0x99cd9	5	%ofC6
0x99d24	5	ofc`L
0x99d3e	4	s`0%
0x99d57	4	/"O=
0x99e45	4	6`` 
0x99efa	4	<=Cg
0x99f21	6	rL5#`X
0x99fa2	4	Cb\2
0x9a008	5	,b#`L
0x9a077	4	vS`n
0x9a080	6	Cb0r '
0x9a132	5	SbL2!
0x9a152	4	sb\2
0x9a18c	6	<c<?&O
0x9a1b6	8	<4snCmsd
0x9a1c6	7	@b,fc` 
0x9a201	8	f\6`b,` 
0x9a24d	8	/"OP`Sf 
0x9a295	13	B,ftb\6,b,6cb
0x9a2e8	4	Ck<9
0x9a3e2	8	x'clSjCk
0x9a3f4	4	Pfh&
0x9a453	5	uPfh&
0x9a485	7	/"Oh&Sn
0x9a500	8	H$sjclSn
0x9a533	4	s3`&
0x9a545	6	E,b,5@
0x9a55b	5	/]a3`
0x9a56c	4	QV,n
0x9a572	4	(N,b
0x9a58e	8	,b=Amg,>
0x9a5a6	4	<2,0
0x9a5c5	7	r"f"^l4
0x9a5f3	7	r"f"^l:
0x9a686	6	<r"f"W
0x9a699	7	e0r"f"W
0x9a6b2	4	L2"9
0x9a6b9	4	r 9?
0x9a6c7	6	u!VmfG
0x9a713	4	B,=@
0x9a723	7	e"f"^l4
0x9a76f	7	{<r"f"W
0x9a78d	5	1(=a/
0x9a7de	5	mf,bg
0x9a85c	8	$r"e"W\4
0x9a878	6	0r"f"W
0x9a888	4	S`Cb
0x9a89c	4	,b#`
0x9a8d7	5	fCfb/
0x9a906	6	lr"f"U
0x9a944	11	-a=AAR-fl1b
0x9a9ab	7	e`r"d"V
0x9a9bd	7	e$r"d"V
0x9aa3f	7	e`r"d"V
0x9aa51	7	e$r"d"V
0x9aac3	5	@Cj(9
0x9aaf1	5	F-bcn
0x9ab05	7	B\2(6h&
0x9ab22	6	`r"d"V
0x9ab4c	4	(6b9
0x9abee	8	<c<2"f"U
0x9ac20	9	$r"f"Sl41
0x9ac50	10	<c<2"f"Ql=
0x9ac74	6	X%b/Sn
0x9ac89	4	u"58
0x9ac98	8	0r"e"W\4
0x9aced	4	%s`T
0x9ad24	8	H$sjclSn
0x9ad57	4	s3`&
0x9ad69	6	E,b,5@
0x9ad7f	5	/]a3`
0x9ad90	4	QV,n
0x9ad96	4	(N,b
0x9adb2	8	,b=Amg,>
0x9adca	4	<2,0
0x9ade9	7	r"f"^l4
0x9ae17	7	r"f"^l:
0x9ae9e	8	r/<r"f"^
0x9aeb8	5	l2">+
0x9aefb	7	r"e"^\4
0x9af3f	7	|<r"f"W
0x9af55	6	a(=AP"
0x9af8d	5	ESa!V
0x9afaa	5	mf,bg
0x9aff7	5	lSnCm
0x9b022	8	$r"e"W\4
0x9b04a	4	"f"W
0x9b059	4	d<2!
0x9b06a	7	0r"e"V3
0x9b081	7	G,b,7x'
0x9b0a3	5	fsfb/
0x9b0d2	6	lr"f"U
0x9b110	11	-a=AAR-fl1e
0x9b179	7	e`r"d"V
0x9b18b	7	e$r"d"V
0x9b1aa	6	0r"d"V
0x9b229	7	e`r"d"V
0x9b23b	7	e$r"d"V
0x9b25c	6	0r"d"V
0x9b2ea	4	!Vmf
0x9b302	6	`r"d"V
0x9b32c	4	(6b9
0x9b368	6	0r"f"W
0x9b3b6	10	X%=cSnCm2/
0x9b3e6	8	<c<2"f"U
0x9b416	8	$vbebW\4
0x9b436	8	0vbebW\4
0x9b464	10	<c<6bebW\=
0x9b48d	9	OH$skclSn
0x9b4ec	4	(A,b
0x9b508	4	,b,1
0x9b52a	4	(F,b
0x9b52f	4	F(B-
0x9b544	5	,b,6n
0x9b555	6	`,b,6e
0x9b56b	6	`lfl5U
0x9b57b	7	r"f"^l4
0x9b5bf	5	r"f"^
0x9b5cf	4	dlf'
0x9b643	4	s3`N
0x9b656	6	"f3`"]
0x9b663	6	s-b3`N
0x9b68e	4	(G,b
0x9b6a7	5	p,b,7
0x9b6b4	4	(D,b
0x9b6d4	4	,4(F
0x9b6dd	5	F(B,6
0x9b6e9	5	b,b,6
0x9b6fb	8	CUs(C046
0x9b712	4	(E,b
0x9b72c	4	,b,5
0x9b741	4	p,e|
0x9b746	4	(E,b
0x9b74f	4	p,5|
0x9b759	4	B,5|
0x9b7bd	4	C<4I
0x9b80e	6	"fs`"]
0x9b819	5	w-bs`
0x9b848	8	r/<r"f"^
0x9b862	5	l2">+
0x9b8a5	7	r"e"^\4
0x9b8dc	8	RRaArrAa
0x9b913	7	|<r"f"W
0x9b929	5	a(=AP
0x9b961	5	ESa!V
0x9b97e	5	mf,bg
0x9b9aa	6	X%SnCm
0x9b9d6	8	$r"e"W\4
0x9b9fe	4	"f"W
0x9ba0d	4	e<2#
0x9ba22	6	0r"f"W
0x9ba49	7	<0r"f"W
0x9ba5b	4	d<2!
0x9ba70	7	0r"e"V6
0x9ba86	6	le|5X%
0x9baa7	5	fSfb/
0x9bb23	7	e`r"d"V
0x9bb35	7	e$r"d"V
0x9bb54	6	0r"d"V
0x9bbf7	7	e`r"d"V
0x9bc09	7	e$r"d"V
0x9bc2a	6	0r"d"V
0x9bcab	4	p2/N
0x9bcd3	9	m$r"e"V\4
0x9bcea	6	`r"d"V
0x9bd31	7	m0r"f"W
0x9bd56	6	`r"d"V
0x9bdd6	8	X%SnCm2/
0x9be04	8	<c<2"f"U
0x9be34	8	$vbebW\4
0x9be54	8	0vbebW\4
0x9be80	10	<c<6bebW\=
0x9bed9	5	$Sb|2
0x9bee6	4	R/C`
0x9bf12	4	cj"'
0x9bf32	5	Sb)Ec
0x9bf51	5	r"d"V
0x9bf67	6	eARb/!
0x9bf6e	4	BVCR
0x9bfc2	4	cj"'
0x9bfe2	5	Sb)Ec
0x9c001	5	r"d"V
0x9c017	6	eARb/!
0x9c01e	4	BVCR
0x9c061	8	tRfQRb$!
0x9c06a	5	RRSV"
0x9c072	7	BbAV"/a
0x9c07a	7	BRCVsd<
0x9c09b	8	tRfQRb$!
0x9c0a4	5	RRSV"
0x9c0ac	7	BbAV"/a
0x9c0b4	7	BRCVsd.
0x9c0de	5	cgBf!
0x9c0e6	5	BRb."
0x9c0fc	5	Sb)Ec
0x9c11d	5	r"f"U
0x9c12f	8	tBbAV"/a
0x9c138	4	BVCR
0x9c147	4	b#` 
0x9c198	5	cgBf!
0x9c1a0	5	BRb."
0x9c1b6	5	Sb)Ec
0x9c1d7	5	r"f"U
0x9c1e9	8	tBbAV"/a
0x9c1f2	4	BVCR
0x9c201	4	b#` 
0x9c28f	4	r<aj
0x9c305	4	/"OH
0x9c315	4	r<aE
0x9c384	6	<6ab&O
0x9c3a0	4	SjBe
0x9c3a6	4	CkSd
0x9c3b1	4	tcm!
0x9c3bb	4	gx'E
0x9c3ef	7	vmf!-h&
0x9c3fb	4	eSd"
0x9c423	4	t4HO
0x9c44e	6	Sf<6A`
0x9c494	6	r/ShCj
0x9c509	4	r<ak
0x9c516	6	Sf<6ab
0x9c521	4	gx'5
0x9c557	7	vmf!,h&
0x9c594	4	Sd<4
0x9c59e	4	Sd<4
0x9c5ba	6	Sd<4A`
0x9c5c4	4	AbSb
0x9c5f5	4	/"O-
0x9c605	4	r<a'
0x9c688	4	SiBe
0x9c68e	4	ClSd
0x9c69f	4	gx'E
0x9c770	5	R/Cjq
0x9c7e5	4	r<aU
0x9c7ef	4	eSd:
0x9c7f7	4	Wx'9
0x9c91c	4	#`&O
0x9c9b7	4	2!`@
0x9c9ce	6	H$SnCb
0x9ca16	5	<?Clz
0x9ca2e	7	DpBRCVt
0x9ca3b	10	gBf wARb'!
0x9ca46	5	BRCVp
0x9ca53	10	g0wAV"'CRV
0x9ca7c	4	Rf`2
0x9cad7	6	@RbHp&
0x9cae9	5	@X%Dp
0x9cb01	4	f va
0x9cba5	6	b@r\26
0x9cbb1	5	D-fSb
0x9cbbd	6	f@v\6m
0x9cbc9	5	5Tp`%
0x9cbdf	7	b(Emfl5
0x9cc5f	5	f0vbb
0x9cc69	7	a1V0q"/
0x9cc71	4	b0ra
0x9ccdf	4	@DpV
0x9cd34	4	<?&O
0x9cd54	6	cjskBf
0x9cd5d	5	wARb'
0x9cd82	6	Sb)E)B
0x9cd9f	5	r"d"V
0x9cdb5	6	eARb/!
0x9cdbc	4	BVCR
0x9ce1e	6	cjskBf
0x9ce27	5	wARb'
0x9ce4c	6	Sb)E)B
0x9ce69	5	r"d"V
0x9ce7f	6	eARb/!
0x9ce86	4	BVCR
0x9cef2	5	#`fUL
0x9cf16	6	H$SnCb
0x9cf5f	4	/"O}
0x9cf7c	4	DpRV
0x9cf8d	10	dRf tQRb$!
0x9cf98	4	RRSV
0x9cfa5	4	d0tv
0x9cfae	5	SRRf#
0x9cfb6	6	b$RV("
0x9d00d	5	@LpCe
0x9d013	4	uQb$
0x9d03b	4	@Lp$
0x9d0c5	5	r!mCb
0x9d12f	4	f va
0x9d189	5	@("Dp
0x9d1a3	6	@("Pp*
0x9d203	4	@Ppf
0x9d217	4	r@p&
0x9d221	4	r\p&
0x9d237	8	c@s\3Sb6
0x9d245	5	2@qmf
0x9d24b	5	F`"\1
0x9d261	5	w %Xp
0x9d279	8	b(Emf\6b
0x9d2c1	5	a0q2b
0x9d2cd	5	a0q"/
0x9d34a	4	<?&O
0x9d388	6	Cj=Kl;
0x9d3a6	4	<Fc`
0x9d3bc	6	<F-1c`
0x9d3ce	6	B/<Fc`
0x9d3f7	7	RSf,6b4
0x9d400	4	cdb/
0x9d40e	4	#d"/
0x9d429	5	ts`(A
0x9d4a5	7	EClSn\4
0x9d4e5	7	/"Of\Sm
0x9d51f	5	Vsbl2
0x9d593	6	A(Asna
0x9d59a	6	SmB/3`
0x9d60f	4	UL<T
0x9d61b	6	c\>7R'
0x9d647	6	b)B/bg
0x9d677	5	w<=H$
0x9d6b2	6	CnsdSm
0x9d725	7	CeY<4g\
0x9d732	4	Sd,4
0x9d73d	5	Kf^L=
0x9d76d	5	6n:!J
0x9d7a1	5	CCb<2
0x9d7ab	9	Ew\Sm,=h=
0x9d7bd	5	jl2v^
0x9d7ed	5	6n0!@
0x9d85b	5	WsR#l
0x9d895	4	2f2)
0x9d89f	4	bb2)
0x9d8c5	5	Q1Vl1
0x9d933	5	S6R#8
0x9d945	7	Tq^H2#>
0x9d994	6	Le,DCf
0x9d9ad	4	@pp}
0x9d9dc	10	Le<DCf+G#d
0x9d9ec	10	Le<DCf+G#d
0x9d9fc	11	Le<DCf+G#d~
0x9da0c	12	Le<DCf+G#d"O
0x9da27	4	dL`^
0x9da6f	4	Bcdi
0x9dad8	4	bg,`
0x9db66	5	#e"#7
0x9dba5	6	tARBf!
0x9dbac	7	BRSdb%"
0x9dbb4	6	Rb,4QR
0x9dbbe	4	RW#f
0x9dbc3	4	BC`~
0x9dbcb	10	B,5RbRW,4[
0x9dcb2	6	`sRRCe
0x9dcbc	6	rfqRb%
0x9dcc6	7	rRCg<7"
0x9dd0d	9	srfqR<5b%
0x9dd20	8	Cerf<5qR
0x9dd29	4	sb%!
0x9dd2e	4	rRCg
0x9dd3d	6	VR'Cea
0x9dd47	6	VCnx~b
0x9dd50	6	rfqRb%
0x9dd6e	4	Cg<c
0x9dd74	4	<7cm
0x9dd7b	9	bl2`"sbl2
0x9dd8e	4	Cg<c
0x9dd94	5	<7SkA
0x9ddc8	4	R/C`
0x9df05	5	@#fPp
0x9df8b	5	w|4Ce
0x9df93	5	ts`Bb
0x9df99	7	wAV"%BR
0x9dfbb	4	FC`~
0x9dfc3	10	Fl5RbRW,4[
0x9dfeb	4	pCmN
0x9e00b	4	FC`~
0x9e013	10	Fl5RbRW,4C
0x9e031	4	FC`~
0x9e039	10	Fl5RbRW,4D
0x9e0ee	8	BbAV"/BR
0x9e15e	5	qRrf!
0x9e164	4	rRb/
0x9e228	4	}b#g
0x9e25e	5	ARBf!
0x9e264	6	BRsdb/
0x9e274	5	ARBf!
0x9e27a	7	BRsdb/~
0x9e28a	5	ARBf!
0x9e290	7	BRsdb/s
0x9e2f4	4	ab-b
0x9e314	4	b/\e
0x9e322	5	!&ab/
0x9e32c	11	BbAV"/BRsda
0x9e342	11	BbAV"/BRsda
0x9e358	5	ARBf!
0x9e35e	6	BRsdb/
0x9e3e8	5	qRrf!
0x9e3ee	4	rRb/
0x9e48f	7	@cb!B(=
0x9e499	4	nl>8
0x9e540	5	BfS`n
0x9e54e	7	ARBWcd 
0x9e55f	4	BC`~
0x9e567	9	B,5RbRW,4
0x9e59f	4	BC`~
0x9e5a7	9	B,5RbRW,4
0x9e640	4	,b 6
0x9e6f3	4	@]p\
0x9e75f	4	@`pM
0x9e76b	4	@`p%
0x9e79a	4	,5cb
0x9e7a5	4	B\2)
0x9e871	5	TBb("
0x9e87c	4	BR 6
0x9e888	5	ARBf!
0x9e8a4	5	ARBf!
0x9e8c5	9	eBbAV"/BR
0x9e8e4	5	ARBf!
0x9e932	5	ARBf!
0x9e968	5	ARBf!
0x9e998	5	ARBf!
0x9e9c8	5	ARBf!
0x9e9e9	10	eBbAV"/BRU
0x9ea25	4	p,6]
0x9ea65	4	@`p%
0x9ea95	4	@pp-
0x9eaa5	4	B\2,
0x9eacf	5	TBb("
0x9eada	4	BR 6
0x9eae6	8	BbAV"/BR
0x9eb02	8	BbAV"/BR
0x9eb2a	5	ARBf!
0x9ec55	4	@Pp&
0x9ec5d	5	@!BTp
0x9ed14	5	ARBf!
0x9ed2a	5	ARBf!
0x9ee1f	4	@]p\
0x9eeb1	4	C/e@
0x9eec7	4	B_e.
0x9eedd	6	vppl5-
0x9eeef	4	B\2,
0x9ef11	4	@`pm
0x9ef2f	4	B\ez
0x9ef9a	4	(r/e
0x9f0be	4	'r/e
0x9f0f7	6	vppl5-
0x9f109	4	B\2,
0x9f12b	4	@`pm
0x9f145	4	B\eo
0x9f189	4	M/eT
0x9f199	4	M/e=
0x9f1aa	4	-eSb
0x9f1c1	4	B_e1
0x9f1fd	4	M\e.
0x9f227	4	M\e!
0x9f32b	4	@]pl
0x9f351	5	@$p!/
0x9f41b	5	@$pa/
0x9f458	4	Bb("
0x9f460	4	BR 6
0x9f479	4	BceI
0x9f48b	4	BceE
0x9f49d	4	Bce@
0x9f4f7	4	Bcep
0x9f734	8	BbAV"/BR
0x9f749	4	@]pl
0x9f777	4	@]p0
0x9f795	4	@]p!
0x9f7bc	4	#e"&
0x9f811	4	@<p)
0x9f821	6	blB,fl
0x9f84f	5	Vnvh,
0x9f888	7	xt_eC`\
0x9f890	4	,bp2
0x9f8ae	4	,b,=
0x9f8b8	8	0"SbL2p"
0x9f8d7	6	L,b,<k
0x9f918	5	_eC`\
0x9f91e	4	,bp2
0x9f93b	5	d,b,4
0x9f947	7	bL2`"Sb
0x9f94f	7	Vl2p"L7
0x9f965	6	L,b,<H
0x9f9af	4	@zpm
0x9f9e3	4	u"%.
0x9fadf	4	p"&%
0x9fb88	8	BbAV"/BR
0x9fbbf	4	@pp-
0x9fbcf	4	``%d
0x9fcc0	5	S`!mA
0x9fceb	10	drbqV"/rRa
0x9fd03	10	drbqV"/rRa
0x9fd91	4	BcdR
0x9fda9	6	eARBf!
0x9fde2	5	ARBf!
0x9fe02	8	BbAV"/BR
0x9fe2d	4	Bsf.
0x9ffca	9	rbqV"/rRa
0xa0069	4	@]pl
0xa0086	9	rbqV"/rRa
0xa009c	9	rbqV"/rRa
0xa0144	4	ab("
0xa014d	10	drbqV"/rRa
0xa01bd	5	vl5!f
0xa01c5	4	`l5L
0xa01ca	5	`%q"8
0xa01fa	5	ARBf!
0xa0212	8	BbAV"/BR
0xa022a	5	ARBf!
0xa02d2	7	\fSbc`[
0xa033e	4	\eP6
0xa03ca	5	!/ofW
0xa03e4	8	cdSdceOd
0xa03f1	8	@_eL0H5K
0xa0407	4	p!/H
0xa0471	4	@ p^
0xa0479	4	@$p^
0xa047e	4	l2("
0xa04af	4	B_e.
0xa05ad	4	B_e.
0xa0818	5	ARBf!
0xa0833	4	@]pl
0xa0852	8	BbAV"/BR
0xa0876	5	ARBf!
0xa087f	4	db/i
0xa088e	5	ARBf!
0xa0897	4	db/c
0xa08a6	8	BbAV"/BR
0xa0908	4	CmS`
0xa0977	4	b("G
0xa097f	4	R 6C
0xa0986	8	BbAV"/BR
0xa09c6	8	BbAV"/BR
0xa09de	8	BbAV"/BR
0xa0b97	4	Cog,
0xa0bc6	4	kb#7
0xa0bce	5	kb"-R
0xa0c13	4	B_e8
0xa0c41	4	B_eT
0xa0c57	4	B\eI
0xa0c68	5	ARBf!
0xa0c71	4	db/+
0xa0c92	8	BbAV"/BR
0xa0cc0	5	ARBf!
0xa0ced	4	B\eZ
0xa0d9c	9	sd"f!Rb/w
0xa0db3	4	P bu
0xa0e06	5	`" bH
0xa0e10	11	BbAV"/BRsda
0xa0e26	5	 b("7
0xa0e2e	11	BbAV"/BRsda
0xa0e49	4	@]pl
0xa0e54	5	ARBf!
0xa0e5a	7	BRsdb/I
0xa0e6c	11	BbAV"/BRsda
0xa0eb5	4	pcn.
0xa0f28	8	sd"f!Rb/
0xa0f79	4	B\e|
0xa0fc7	4	fcnM
0xa0fee	11	BbAV"/BRsda
0xa1006	5	ARBf!
0xa100c	6	BRsdb/
0xa1021	4	@]pl
0xa102c	11	BbAV"/BRsda
0xa1044	5	ARBf!
0xa104a	6	BRsdb/
0xa1075	4	BsfZ
0xa1093	4	pcg.
0xa10f5	10	drbqV"/rRa
0xa11a3	4	B_eL
0xa11c5	4	va-.
0xa11ed	4	B_e'
0xa11f6	5	ARBf!
0xa120e	5	ARBf!
0xa123f	4	BsfZ
0xa12a2	7	cmCnCfM
0xa12aa	5	xvS`[
0xa138d	4	@ppM
0xa13a3	4	u\6m
0xa13ab	4	`,6\
0xa13b3	6	@ &ppM
0xa13bf	4	rpp%
0xa13d7	4	@ppM
0xa13ed	4	u\6Z
0xa13f5	4	`,6\
0xa13fd	6	@ &ppM
0xa1409	4	rpp%
0xa141e	8	BbAV"/BR
0xa146b	4	FL6E
0xa1477	5	vq/of
0xa1486	4	c`Cf
0xa1493	4	F,g<
0xa14a9	10	drbqV"/rRa
0xa14d1	4	BP}/
0xa1522	8	BbAV"/BR
0xa153a	8	BbAV"/BR
0xa15ab	4	@]p\
0xa15b6	8	BbAV"/BR
0xa1601	5	w|4Ce
0xa1609	5	ts`Bb
0xa160f	7	wAV"%BR
0xa1631	4	FC`~
0xa1639	10	Fl5RbRW,4[
0xa1663	4	pCkN
0xa1689	9	Fl5Rb,4RR
0xa16ab	9	Fl5Rb,4RR
0xa17bb	4	w|6a
0xa18bf	4	vC`m
0xa18d1	4	uC`]
0xa18d6	4	kb#7
0xa18de	5	+gr-c
0xa1901	4	B\e,
0xa1917	4	B\e!
0xa1928	11	BbAV"/BRsda
0xa1954	5	+g"/Y
0xa19a6	4	}b#g
0xa19ab	4	G,7H
0xa19b1	4	G,7?
0xa19ce	11	BbAV"/BRsda
0xa19fa	5	ARBf!
0xa1a00	6	BRsdb/
0xa1a83	4	A#gR
0xa1aea	11	BbAV"/BRsda
0xa1b00	5	ARBf!
0xa1b06	7	BRsdb/s
0xa1b4d	4	CCk.
0xa1b9b	4	@pp=
0xa1bd6	8	|glb|2@2
0xa1c2f	5	j,:Cl
0xa1c4f	4	@TpN
0xa1c57	4	r#e.
0xa1c6f	5	wrbc2
0xa1c7d	4	hxx&
0xa1c82	6	[b"/rb
0xa1c93	4	b`2L
0xa1c9a	5	lf`2B
0xa1ca9	4	@pp=
0xa1cc1	4	@<p.
0xa1cee	6	rbC`qV
0xa1cfa	5	rRsV"
0xa1d4f	4	@Tp.
0xa1dad	4	OSm/
0xa1e65	4	B~g#
0xa1e99	4	Vc<&
0xa1ea7	6	aPph1o
0xa1eb5	4	@,0p
0xa1ecd	5	W,b#>
0xa1f25	6	aPph1P
0xa1f3f	4	b#eN
0xa1fa1	4	@(61
0xa1fa6	5	Ppca^
0xa1fcd	4	d,g2
0xa203b	5	@CkPp
0xa2042	4	!B("
0xa20c1	4	Vc5R
0xa20d3	4	@pp=
0xa20eb	4	@<p>
0xa20f0	14	XtL7|6`b,b/fc`
0xa2108	5	|d 4)
0xa2121	6	5Ppli>
0xa2158	4	_eof
0xa2195	4	R#4X
0xa21b1	4	@pp=
0xa21c9	4	@<p>
0xa21ce	14	Xu\7|6`b,b/eS`
0xa21e6	5	|f 6,
0xa2209	4	RPp>
0xa222d	4	Bl2P
0xa228b	4	@Pp^
0xa2299	4	@Pp^
0xa22d5	4	@l0&
0xa22df	4	p!/&
0xa2311	5	APpl1
0xa2329	6	@Pp(1^
0xa2386	8	Ca<c<4Cg
0xa2394	4	ofcb
0xa2399	7	vof|2C6
0xa23a6	4	xq_e
0xa23ae	6	lb|2P"
0xa23d9	9	4<cCgSd<>
0xa23fb	4	2@"!
0xa2410	4	sb\2
0xa2434	9	Ck,bCm,4s
0xa2476	5	l;\;e
0xa2498	10	Cl,bCn,>Cg
0xa24b2	4	OdCf
0xa24c6	4	Od|6
0xa24dd	5	rpp,<
0xa24eb	4	`,fI
0xa250d	4	/"OA
0xa2515	4	CClf
0xa255b	4	`ce,
0xa2561	7	dxtlb,>
0xa2573	4	u,`t
0xa25b7	5	w|4Ce
0xa25bf	5	ts`Bf
0xa25c5	6	wARb%!
0xa25e7	4	FC`~
0xa25ef	10	Fl5RbRW,4[
0xa2646	4	ckSn
0xa26a7	4	FC`~
0xa26af	9	Fl5RbRW,4
0xa26c9	4	FC`~
0xa26d1	9	Fl5RbRW,4
0xa2784	4	lf`2
0xa2790	4	lf`2
0xa279c	4	lf`2
0xa27a8	4	lf`2
0xa27d2	5	ARBf!
0xa2949	4	vppe
0xa2951	4	B_em
0xa2999	4	vppe
0xa29a1	4	B_eE
0xa29de	5	ARBf!
0xa29fb	4	@pp-
0xa2a02	6	_ecb\2
0xa2b2d	5	t,7Cb
0xa2b3b	4	B|2#
0xa2b62	5	Cg!/*
0xa2b9c	8	BbAV"/BR
0xa2bcb	4	BSfZ
0xa2bed	4	pSg.
0xa2c0d	7	N\<Sf\>
0xa2c1f	6	N|`L<[
0xa2c5f	4	FL6#
0xa2c71	4	d ,n
0xa2c85	4	b("$
0xa2d26	4	lfcb
0xa2d32	6	L5Rb("
0xa2d3f	5	B`.lf
0xa2d69	4	b("o
0xa2df5	4	v`.*
0xa2dff	4	rlfg
0xa2e1e	5	ARBf!
0xa2e3c	4	"/s`
0xa2e4b	4	BSfZ
0xa2e71	4	pSg.
0xa2e8d	5	f|`,5
0xa2e97	4	N\>[
0xa2e9f	4	NL>>
0xa2f0e	5	ARBf!
0xa2f17	4	db/G
0xa2f28	4	"/s`
0xa2f37	4	BSfZ
0xa2f9d	4	ucb0
0xa2fa5	4	Dc`:
0xa302f	4	BSfZ
0xa30c7	5	w|4Ce
0xa30cf	5	ts`Bf
0xa30d5	6	wARb%!
0xa30f7	4	FC`~
0xa30ff	10	Fl5RbRW,4[
0xa312e	4	ckSn
0xa318f	4	FC`~
0xa3197	9	Fl5RbRW,4
0xa31b1	4	FC`~
0xa31b9	9	Fl5RbRW,4
0xa326c	4	lf`2
0xa3278	4	lf`2
0xa3284	4	lf`2
0xa3290	4	lf`2
0xa33c1	4	gc`u
0xa34c2	5	ARBf!
0xa34df	4	@np-
0xa34e6	6	_eCb\2
0xa3505	4	v(pe
0xa350f	4	@*pU
0xa353e	4	CnS`
0xa35b4	5	ARBf!
0xa35bd	4	db/|
0xa35e3	4	BSfZ
0xa36a2	5	ARBf!
0xa36b8	5	ARBf!
0xa36d2	4	"/s`
0xa36e1	4	BSfZ
0xa377a	5	ARBf!
0xa379d	5	e2/Sf
0xa37fe	10	Le<DCf+G#d
0xa3888	8	CaG6C`n1
0xa38bc	4	,Fc`
0xa3907	5	@Ppmb
0xa391a	4	,Fc`
0xa3923	4	6c`T
0xa3939	4	@]p|
0xa3a31	4	2c2/
0xa3a4b	4	bL2$
0xa3a5a	4	s`le
0xa3a5f	4	f\2,
0xa3a66	7	L6\eb/T
0xa3b16	4	smB/
0xa3b3c	4	ce"&
0xa3b58	7	RbQV".a
0xa3b60	5	RRSV"
0xa3b98	7	cmBfS`n
0xa3ba0	10	SnClARBWcd
0xa3bb7	4	BC`~
0xa3bbf	10	B,5RbRW,4C
0xa3bdd	4	BC`~
0xa3be5	10	B,5RbRW,4D
0xa3c77	4	@PpN
0xa3d0c	4	1eSf
0xa3d3d	4	bS`%
0xa3d57	4	P"/n
0xa3daf	5	pQb,6
0xa3e26	4	aeCf
0xa3e2b	5	r\6#6
0xa3e78	4	sb#f
0xa3e7d	4	BC`~
0xa3e85	10	B,5Rb,4RRI
0xa3ea0	9	!ecb\2("p
0xa3eea	4	sb#f
0xa3eef	4	BC`~
0xa3ef7	10	B,5Rb,4RRJ
0xa3f62	9	BbAV"/BRa
0xa3f7a	5	ARBf!
0xa3f80	5	BRb/"
0xa3fba	5	1R2f!
0xa3fc0	5	2Rb/"
0xa4003	4	BCm.
0xa4047	4	@<p^
0xa407f	4	@pp=
0xa4090	4	\2 b
0xa40e4	9	|glb|2@2*
0xa4135	4	r/f%
0xa417d	5	@Cm`r
0xa4183	4	p,6M
0xa41be	4	,b 5
0xa41de	5	qRrf!
0xa41e4	5	rRb/"
0xa421f	4	@<pn
0xa422d	7	@,b,4@b
0xa4277	4	@<pn
0xa4285	7	@,b,4@b
0xa42d3	5	vb/_e
0xa42d9	4	C#fG
0xa42ea	4	<pp%
0xa42f3	4	r,0|
0xa4307	6	eARBf!
0xa430e	5	BRb/"
0xa4330	4	4ub/
0xa4341	4	C_e.
0xa4352	4	Xr,5
0xa435a	6	,b,5Pb
0xa4362	4	,bg2
0xa43d2	4	`s<6
0xa43d7	4	Bc`.
0xa4446	9	rbqV"/rRa
0xa445b	5	P@b,`
0xa44c5	4	B_er
0xa44e1	4	B_ed
0xa44fd	4	B_eV
0xa451f	10	eBbAV"/BRa
0xa453d	10	eBbAV"/BRa
0xa455e	5	ARBf!
0xa4564	5	BRb/"
0xa4576	5	ARBf!
0xa457c	5	BRb/"
0xa45ad	4	C_eZ
0xa45f0	4	ab("
0xa45f9	10	eBbAV"/BRa
0xa460f	4	PS`p
0xa46af	6	eARBf!
0xa46b6	5	BRb/"
0xa46c9	6	eARBf!
0xa46d0	5	BRb/"
0xa46fd	5	@Cm`r
0xa4703	4	p,6M
0xa477a	4	ab("
0xa4782	5	qRrf!
0xa4788	5	rRb/"
0xa47cc	9	rbqV"/rRa
0xa4829	4	B_eN
0xa4834	5	q.!&0
0xa484b	10	eBbAV"/BRa
0xa4865	10	eBbAV"/BRa
0xa487f	10	eBbAV"/BRa
0xa4925	5	@Cm`r
0xa492b	4	p,6M
0xa4992	4	ab("
0xa499a	9	rbqV"/rRa
0xa49e0	5	qRrf!
0xa49e6	5	rRb/"
0xa4a3d	4	B_e?
0xa4a48	5	p.!&\
0xa4a5f	10	eBbAV"/BRa
0xa4a79	6	eARBf!
0xa4a80	5	BRb/"
0xa4ab9	4	B_e8
0xa4ae5	4	p,6M
0xa4b4a	4	ZPoe
0xa4b90	4	~u"/
0xa4bd9	4	Bsd?
0xa4bef	10	eBbAV"/BRa
0xa4bff	4	Bsd,
0xa4c17	6	eARBf!
0xa4c1e	5	BRb/"
0xa4c46	4	"/~u
0xa4c55	4	B_ey
0xa4c80	4	`s<6
0xa4c85	4	Bc`.
0xa4ccb	4	B_eS
0xa4cd4	5	S`@n2
0xa4d09	4	C_e4
0xa4d15	4	Bsd.
0xa4d23	6	eARBf!
0xa4d2a	5	BRb/"
0xa4d3d	10	eBbAV"/BRa
0xa4d75	4	C_eZ
0xa4d9a	4	`s<6
0xa4d9f	4	Bc`.
0xa4de9	4	p<5}
0xa4dfa	4	S`@n
0xa4e35	4	B_eL
0xa4e69	4	Bsd2
0xa4e77	10	eBbAV"/BRa
0xa4e87	4	Bsd#
0xa4e91	10	eBbAV"/BRa
0xa4ebb	4	p<c}
0xa4ec2	4	<5s`
0xa4ed1	4	B_eZ
0xa4ef6	4	`s<6
0xa4efb	4	Bc`.
0xa4f41	4	p<5}
0xa4f52	5	S`@nd
0xa4f83	4	B_e8
0xa4f8f	4	Bsd2
0xa4f9d	10	eBbAV"/BRa
0xa4fad	4	Bsd#
0xa4fb7	10	eBbAV"/BRa
0xa4fe1	4	p<c}
0xa4fe8	5	<5s`d
0xa4ff7	4	B_eZ
0xa50bc	9	rbqV"/rRa
0xa511f	5	P`r,5
0xa5126	4	Rb"f
0xa513f	5	VRb,6
0xa5151	4	pbb^
0xa5156	4	h2#f
0xa51db	4	Bogk
0xa522a	5	2b+gc
0xa5271	4	eS`}
0xa5278	5	B#S`}
0xa527e	4	+fc4
0xa5288	5	+fb#I
0xa52a4	4	ab("
0xa52b1	4	BbeA
0xa52b7	10	eBbAV"/BRa
0xa52d5	6	eARBf!
0xa52dc	5	BRb/"
0xa52f3	4	Bbe1
0xa52f9	10	eBbAV"/BRa
0xa5317	4	Bbe*
0xa531d	6	eARBf!
0xa5324	5	BRb/"
0xa5349	4	pbb^
0xa53d7	4	/"O.
0xa5405	5	dl2"e
0xa540d	10	B,rQV,;Rba
0xa5418	7	"+RRSV"
0xa54a0	4	OdCb
0xa54a5	4	B#`~
0xa54bb	5	~sf,6
0xa54c5	5	tA/Od
0xa5508	5	BfS`n
0xa5516	6	ARBWcd
0xa5527	4	BC`~
0xa552f	9	B,5RbRW,4
0xa5549	4	BC`~
0xa5551	9	B,5RbRW,4
0xa55d0	4	lf`2
0xa56d1	5	fofh&
0xa56f1	5	fofh&
0xa5749	4	B\ei
0xa5787	4	@]pl
0xa57e4	4	"r/e
0xa584c	4	'r/e
0xa586d	4	@pp-
0xa587d	4	B\2,
0xa589d	4	@`pM
0xa59b4	4	'r/e
0xa59d5	4	@pp-
0xa59e5	6	B\2#f,
0xa5a07	4	@`pM
0xa5a1f	4	B\eu
0xa5ac5	4	@]p,
0xa5b73	4	@`p%
0xa5ba2	4	,5cb
0xa5bad	4	B\2)
0xa5c3f	10	eBbAV"/BRa
0xa5c71	4	@`pM
0xa5c7d	4	@`p%
0xa5caa	4	,5cb
0xa5cb5	4	B\2)
0xa5cfb	6	eARBf!
0xa5d02	5	BRb/"
0xa5d52	4	-fc`
0xa5d6e	4	-fc`
0xa5d8a	4	-fc`
0xa5da6	4	-fc`
0xa5ddf	4	@Pp&
0xa5de7	5	@!BTp
0xa5e03	4	F#e4
0xa5e15	4	F#e/
0xa5e77	6	eARBf!
0xa5e7e	5	BRb/"
0xa5e8f	4	@]pl
0xa5f03	4	@]pc
0xa5f21	4	@]pT
0xa5f3b	4	pbe~
0xa5f48	4	#e"&
0xa5f5d	4	@<p)
0xa5f6d	6	blB,fl
0xa5f9b	5	Vnvh,
0xa5fdf	5	L,b,<
0xa6022	5	,b,<v
0xa6173	4	B#f.
0xa61af	6	eARBf!
0xa61b6	5	BRb/"
0xa62a0	4	ab("
0xa62a8	9	rbqV"/rRa
0xa633b	5	vl>!f
0xa6345	4	`l5L
0xa634f	6	@q"pp+
0xa636d	4	BCf#
0xa638d	6	eARBf!
0xa6394	5	BRb/"
0xa6486	4	lf`5
0xa651e	5	!/of[
0xa6541	4	BofG
0xa6552	8	cdSdceOd
0xa655b	7	W_bCfH2
0xa6567	6	B\2L6G
0xa6571	4	v!/F
0xa65d5	4	@ p^
0xa65dd	4	@$p^
0xa65e2	4	l2("
0xa6613	4	B_e.
0xa6719	4	B_e.
0xa6917	6	eARBf!
0xa691e	5	BRb/"
0xa6a8b	4	THVs
0xa6a9d	6	aPph1p
0xa6aab	4	@,0g
0xa6ac3	5	W,b#>
0xa6b0f	5	THVg<
0xa6b1d	6	aPph1P
0xa6b37	4	b#eD
0xa6b6d	5	TMR'<
0xa6b9d	6	RPp(60
0xa6c8b	5	@CkPp
0xa6ccb	4	Vc5D
0xa6cdd	4	@pp=
0xa6cf1	4	@<p>
0xa6cf7	5	7|6`m
0xa6d08	5	lg 7 
0xa6d16	5	PpH5>
0xa6d46	4	_eof
0xa6d81	4	R#5G
0xa6d90	5	lf`2=
0xa6da1	4	@pp=
0xa6db5	4	@<p>
0xa6dbb	5	4L6`m
0xa6dcc	4	Lf 6
0xa6dd9	4	@PpY
0xa6deb	4	@,0V
0xa6e05	4	v!/P
0xa6e55	4	@Pp^
0xa6e63	4	@Pp^
0xa6e9f	4	@l0)
0xa6ea9	4	p!/(
0xa6edb	5	APpl1
0xa6f03	5	@Pp(1
0xa6f37	4	kpB<
0xa6fc7	5	@SaPp
0xa6fe4	5	(6L6h
0xa6feb	4	Rl2-
0xa7005	5	@SaPp
0xa7023	4	Rl2-
0xa70b9	4	U,5]
0xa70d1	5	RH6#6
0xa7105	4	p#e,
0xa71e1	4	@Pp~
0xa71f1	4	Rl2-
0xa720d	4	@ p~
0xa7293	4	@,6m
0xa72db	4	e#0.
0xa72f0	4	\6'6
0xa7326	4	l2'5
0xa7346	4	h2S2
0xa737e	4	\2w2
0xa7391	5	TX6C6
0xa73b2	5	\4\4M
0xa73d9	4	BCmd
0xa73ea	5	\fl2%
0xa73fc	5	le\2%
0xa7445	4	kXz`
0xa747d	9	5\6`e\e#5
0xa74c1	4	/"Oo
0xa74d9	4	BCn\
0xa74ef	4	@Tpn
0xa74f7	4	r#d.
0xa750f	5	vbbS2
0xa7527	4	`Ki\
0xa752f	4	@,kX
0xa753b	10	BXr,:bbs2>
0xa7550	5	\eP2-
0xa755f	4	@pp=
0xa7586	6	bdS`aR
0xa7592	5	bTcRB
0xa75dd	4	@Tp.
0xa7605	4	OSmT
0xa7649	5	/"OCn
0xa76b6	4	"OH$
0xa76ca	11	Ce(urbqV"%a
0xa7720	4	SnJU
0xa7725	4	`Cmn
0xa772a	6	KRLWSd
0xa773d	4	FC`~
0xa7745	10	Fl5RbRW,4A
0xa7761	4	FC`~
0xa7769	10	Fl5RbRW,4B
0xa7941	4	T!/y
0xa7a3e	5	Sb<B>
0xa7a7d	4	f 64
0xa7a94	5	ARBf!
0xa7a9d	4	db/6
0xa7aac	8	BbAV"/BR
0xa7aca	4	2/c`
0xa7ad9	4	Bof*
0xa7ade	9	(~BfARb.!
0xa7ba8	5	|`sb[
0xa7bfe	5	s`#`~
0xa7c14	5	ARBf!
0xa7c1d	4	db/x
0xa7c2c	8	BbAV"/BR
0xa7c44	5	ARBf!
0xa7c4d	4	db/l
0xa7c76	9	(~BbAV".a
0xa7caa	5	|`sb[
0xa7d00	5	s`#`=
0xa7d1c	8	BbAV"/BR
0xa7d32	8	BbAV"/BR
0xa7d48	8	BbAV"/BR
0xa7d62	4	2/c`
0xa7d75	4	BofZ
0xa7d8e	4	Sg<G
0xa7dd7	4	s2/'
0xa7e52	8	BbAV"/BR
0xa7e6e	8	BbAV"/BR
0xa7e84	5	ARBf!
0xa7e9a	5	ARBf!
0xa7edc	4	Sb<B
0xa7f67	4	p2/]
0xa7f76	4	S`#`
0xa7f92	5	ARBf!
0xa7f9b	4	db/P
0xa7fa8	5	ARBf!
0xa7fb1	4	db/E
0xa7fbe	8	BbAV"/BR
0xa7fd4	5	ARBf!
0xa7fdd	4	db//
0xa801e	5	 $SbA
0xa810c	8	BbAV"/BR
0xa8122	8	BbAV"/BR
0xa813e	5	ARBf!
0xa8147	4	db/z
0xa8154	8	BbAV"/BR
0xa816a	5	ARBf!
0xa8173	4	db/d
0xa81ac	4	CnSg
0xa826a	8	BbAV"/BR
0xa8280	5	ARBf!
0xa8296	5	ARBf!
0xa832c	5	 $SbA
0xa83a7	4	@,0s
0xa83be	5	S`#`n
0xa83d4	8	BbAV"/BR
0xa83ea	5	ARBf!
0xa83f3	4	db/$
0xa8406	8	BbAV"/BR
0xa8422	8	BbAV"/BR
0xa8438	8	BbAV"/BR
0xa8489	4	ECaD
0xa8492	5	|`sb[
0xa8504	5	ARBf!
0xa851a	8	BbAV"/BR
0xa8530	5	ARBf!
0xa85b8	5	Sg<GQ
0xa85fb	4	s2/3
0xa8622	5	ARBf!
0xa8638	5	ARBf!
0xa864e	5	ARBf!
0xa8690	5	Sg<GD
0xa86cf	4	s2/3
0xa86f6	5	ARBf!
0xa870c	5	ARBf!
0xa8756	5	 $SbA
0xa87d6	4	,b#g
0xa8866	8	BbAV"/BR
0xa887c	8	BbAV"/BR
0xa8892	5	ARBf!
0xa88a8	5	ARBf!
0xa88f7	4	ECaP
0xa8900	5	|`sb[
0xa893e	5	r/,ec
0xa8994	5	ARBf!
0xa899d	4	db/O
0xa89aa	8	BbAV"/BR
0xa89c0	5	ARBf!
0xa89c9	4	db/9
0xa8a06	4	Sg<G
0xa8a86	5	ARBf!
0xa8afa	8	BbAV"/BR
0xa8b10	8	BbAV"/BR
0xa8b26	8	BbAV"/BR
0xa8b6a	5	Sg<GV
0xa8bde	5	ARBf!
0xa8be7	4	db/*
0xa8bf4	5	ARBf!
0xa8c0a	5	ARBf!
0xa8c41	7	nCg(tCe
0xa8c4b	12	tBbAV"%BRsda
0xa8c5a	6	zR,4{R
0xa8c64	5	|VC`n
0xa8c71	12	B,5RbRV,4+F[
0xa8cc9	4	ml2!
0xa8cd1	6	BHr,=@
0xa8d02	4	#e#`
0xa8d6e	5	sfsvh
0xa8ddd	6	Wsfsvh
0xa8e12	4	,b,>
0xa8e51	4	B'`I
0xa8e73	4	B'`8
0xa8e7f	5	Bhr,;
0xa8e9d	4	El``
0xa90a8	4	+B&O
0xa9316	4	lB("
0xa932c	4	mfh&
0xa933f	4	e0r$
0xa93b7	4	@Cn.
0xa944d	4	b@rQ
0xa94c8	4	cb|2
0xa9534	5	,fc`.
0xa9541	5	5`%Ce
0xa9553	5	nL>!~
0xa9560	9	sbl2P"c`|
0xa957e	4	db '
0xa9583	5	wdb '
0xa9589	5	wdb '
0xa958f	5	w`b '
0xa959c	4	,b,:
0xa9623	5	g"w,n
0xa9630	5	,eS`.
0xa9643	5	6P&Cf
0xa9657	5	nL>"~
0xa9664	4	s`!@
0xa9684	4	db ,
0xa968f	7	u ,db %
0xa9697	5	u`b %
0xa969d	4	b {>
0xa96a4	4	,b,8
0xa9707	4	yB/)
0xa9719	5	2 fh&
0xa9725	5	r fh&
0xa9782	6	SlCmce
0xa983b	4	/"OU
0xa9870	8	Ck({cmSl
0xa988d	5	2 f`,
0xa990b	5	2 b ,
0xa9921	4	R"=*
0xa9978	4	\<X=
0xa99c1	5	5Pb ,
0xa99fa	10	IVSnCmHRR6
0xa9a06	4	h5[f
0xa9a14	4	h2Sn
0xa9a56	4	h<h>
0xa9ab7	9	G|2r/ fh&
0xa9ac7	5	r fh&
0xa9b09	5	d|<|2
0xa9b4a	4	FRE]
0xa9b4f	6	tFU 56
0xa9b56	4	"/EV
0xa9b88	5	l7C7"
0xa9b97	4	Fx62
0xa9b9d	4	F|6P
0xa9bd7	6	dmM#e"
0xa9c02	4	SlCk
0xa9ca2	6	 -pb("
0xa9cad	5	v`b("
0xa9d74	6	 .db %
0xa9d7b	5	udb %
0xa9d81	5	udb %
0xa9d87	5	udb %
0xa9d8d	5	udb %
0xa9d93	5	udb %
0xa9d99	5	u`b %
0xa9dad	5	ddb %
0xa9db3	5	udb %
0xa9db9	5	udb %
0xa9e5c	6	(GX2v2
0xa9f4e	4	(G#`
0xa9f78	4	(G|6
0xaa02c	4	(Gv2
0xaa0b8	4	+B&O
0xaa0ce	5	Cnck;
0xaa101	4	Vh2'
0xaa116	4	!I!I
0xaa11c	4	l9Y)
0xaa171	4	@x<>
0xaa196	4	eb!.
0xaa1ed	4	vebf
0xaa224	4	!.!)
0xaa238	4	!)#`
0xaa27d	10	@skcjSiClk
0xaa344	4	,ES`
0xaa35b	4	E]6>
0xaa368	6	)E_eS`
0xaa507	8	@cjSiCl.
0xaa5c4	4	,ES`
0xaa5eb	4	f,6]
0xaa657	4	B_e0
0xaa69b	4	ES`-
0xaa6a1	4	DC`e
0xaa6ab	4	UC`e
0xaa7c7	4	s3`N
0xaa849	4	I0yK
0xaa876	6	 .db %
0xaa87d	5	udb %
0xaa883	5	udb %
0xaa889	5	udb %
0xaa88f	5	udb %
0xaa895	5	udb %
0xaa89b	5	u`b %
0xaa8b7	5	udb %
0xaa8bd	5	udb %
0xaa912	4	"OAP
0xaa91a	4	BR("
0xaa934	4	+B&O
0xaa9ac	6	ofcb\2
0xaa9b5	7	"a/ofs6
0xaa9d7	13	E,5gfBR'bh2R2
0xaa9fa	4	CmB/
0xaaa43	5	m,} -
0xaaa55	5	udb %
0xaaa5b	5	udb %
0xaaa61	5	udb %
0xaaa67	5	udb %
0xaaa6d	5	udb %
0xaaa73	5	udb %
0xaaa79	5	u`b %
0xaaaa9	4	bY"_
0xaab55	4	/"O,
0xaac4a	4	(L1"
0xaac97	5	F,b,6
0xaad10	4	`b02
0xaad68	4	S`R/
0xaad8c	4	clCb
0xaad91	4	rSm%
0xaae09	5	~acSb
0xaae12	4	1%1/
0xaae29	5	/"OSn
0xaae4c	4	Qb!&
0xaae63	5	/"OCm
0xaae70	6	0$}eCg
0xaae7c	7	c`L@cnr
0xaae84	4	c`)@
0xaae8c	7	LFc`Cft
0xaae9c	4	S`L@
0xaaea5	4	vS`x
0xaaedb	5	OSmCe
0xaaef0	4	}gc`
0xaaef6	5	0sl@w
0xaaf07	4	`l@T
0xaaf10	5	s`)@V
0xaaf16	4	s`l@
0xaaf4f	5	OSmCe
0xaaf55	4	ucn*
0xaaf5f	5	C}g0s
0xaaf8a	4	s`)@
0xaaf92	7	s`l@0qW
0xaafbb	7	lSgceCb
0xaafdc	5	S`\e(
0xaaffa	5	0"c`!
0xab02e	5	0"c`!
0xab060	5	0"c`!
0xab0b1	5	/"OCb
0xab19a	4	Sg0"
0xab1a3	4	CS`!
0xab1d0	5	0"c`!
0xab1fa	4	b/Cb
0xab204	5	0"c`!
0xab268	4	cg0"
0xab2f8	5	0"c`!
0xab34a	5	0"c`!
0xab36f	9	/"OCgcdsf
0xab37e	4	0&]e
0xab386	7	S`)@Odb
0xab392	5	C`)@d
0xab3ce	4	"OH$
0xab3e2	7	RbQV"$a
0xab3f2	4	C`Ce
0xab3f9	6	tARBf!
0xab400	7	BRSdb%"
0xab408	6	Rb,4QR
0xab412	5	RVC`n
0xab41f	12	B,5RbRV,4+F[
0xab434	4	SnBe
0xab439	4	`Cmn
0xab43e	6	ARBWSd
0xab451	4	FC`~
0xab459	10	Fl5RbRW,4C
0xab475	4	FC`~
0xab47d	10	Fl5RbRW,4D
0xab4d2	4	lf`0
0xab4da	4	lf`0
0xab4e2	4	lf`0
0xab4ea	4	lf`0
0xab53c	5	c`\@"
0xab5c1	4	B|g)
0xab6d8	8	BbAV"/BR
0xab6fc	7	CnSg,Gs
0xab78e	5	ARBf!
0xab797	4	db/+
0xab7a4	5	ARBf!
0xab7ad	4	db/ 
0xab7e6	7	CnSg,G8
0xab82b	4	@ pn
0xab843	4	B\e>
0xab86c	8	BbAV"/BR
0xab882	5	ARBf!
0xab898	5	ARBf!
0xab8c3	4	B\eZ
0xab8cf	4	npB<
0xab944	6	CnSg,G
0xab981	4	@$pn
0xab997	4	B\e#
0xab9a0	8	BbAV"/BR
0xab9b6	8	BbAV"/BR
0xab9e1	4	B\eZ
0xab9f4	5	CnCT_
0xaba13	4	e\`[
0xaba64	8	BbAV"/BR
0xaba7a	5	ARBf!
0xaba91	4	BSdZ
0xabaa4	5	CnDT3
0xabac3	4	e\`[
0xabb14	8	BbAV"/BR
0xabb2a	5	ARBf!
0xabb33	4	db/]
0xabb41	4	BSdZ
0xabb9a	5	CnET'
0xabbb9	4	e\`[
0xabc06	5	ARBf!
0xabc1d	4	BSdZ
0xabca0	4	CmB/
0xabd1f	6	F,b,6h
0xabd31	7	E,fo`\0
0xabd4d	7	E,fo`\0
0xabd61	5	F,b,6
0xabd93	4	/"O`
0xabda7	5	N<:@x
0xabe02	4	!@!@
0xabe30	4	"v|g
0xabe83	9	A,b<5,1Sg
0xabe99	7	/tb,ftb
0xabea1	5	F,etb
0xabea7	9	6,b(E(B\6
0xabeb1	5	B,6b.
0xabefa	4	(B,:
0xabf03	4	B,:(
0xabf70	4	<c3=
0xabfcf	5	sSk<>
0xac00a	4	,5(@
0xac035	5	s=Fl0
0xac057	5	w Gs`
0xac07d	7	`Y <@L0
0xac092	5	<c04T
0xac09a	5	<c047
0xac0a2	5	<c043
0xac0aa	5	<c04/
0xac0b2	5	<c04)
0xac0d0	4	R.C`
0xac19f	5	/"OSm
0xac1b9	4	d0tV
0xac241	5	N,b,>
0xac2ca	12	Le<DCf+G#d"O
0xac2f9	12	$Cerb@uqV"%a
0xac321	9	/"OCn@tCe
0xac32d	4	tBb@
0xac332	6	AV"%BR
0xac351	4	BC`~
0xac359	10	B,5RbRW,4[
0xac3d3	4	/"OV
0xac4d5	4	BC`~
0xac4dd	9	B,5RbRW,4
0xac512	5	cbTWM
0xac557	9	B,5Rb,4RR
0xac5f3	5	e@uRb
0xac5f9	8	dQV4t"$a
0xac60a	8	BbAV"/BR
0xac673	5	e@uRb
0xac679	8	dQV4t"$a
0xac68c	5	ARBf!
0xac70b	5	e@uRf
0xac711	8	dQR4tb$!
0xac724	8	BbAV"/BR
0xac771	5	elfg5
0xac780	7	a.ceof;
0xac798	8	,fcbX2/m
0xac7a7	4	}xVM
0xac7dd	4	BC`~
0xac7e5	9	B,5RbRW,4
0xac816	5	cbC`n
0xac823	9	B,5Rb,4RR
0xac83f	4	D,4/
0xac851	4	D,4*
0xac891	5	vof'6
0xac8bc	4	h2/b
0xacaa5	4	B_e-
0xaccbb	4	L/e"
0xacccb	4	K/eq
0xacd0d	4	L/e$
0xacd1d	4	K_eb
0xacd5f	4	L_e&
0xacd6f	4	K_eT
0xacdb1	4	L/e*
0xacdc1	4	K_eE
0xace03	4	L/e(
0xace13	4	K/e7
0xacf2d	4	L_e,
0xacf7f	4	L_e.
0xacfd1	4	L_e.
0xacfe1	4	L/e.
0xacff1	4	L_ep
0xad01a	5	cbC`n
0xad027	10	B,5Rb,4RR[
0xad052	5	cbC`n
0xad05f	9	B,5Rb,4RR
0xad0bc	5	cbC`n
0xad0c9	10	B,5Rb,4RR[
0xad151	4	b(">
0xad158	5	ARBf!
0xad1d5	4	f4va
0xad260	4	ae1f
0xad2b1	4	b 0>
0xad2d3	4	b("-
0xad2da	5	ARBf!
0xad2f0	8	BbAV"/BR
0xad30d	4	r!.J
0xad37f	4	r 0C
0xad391	4	Bog:
0xad3a1	4	b("2
0xad3a8	5	ARBf!
0xad3b1	4	db/*
0xad3c4	5	ARBf!
0xad3cd	4	db/#
0xad3e0	8	BbAV"/BR
0xad4ad	4	r 0D
0xad4d1	4	b("2
0xad4d8	5	ARBf!
0xad4e1	4	db/|
0xad4f4	5	ARBf!
0xad4fd	4	db/u
0xad510	8	BbAV"/BR
0xad587	4	r 0D
0xad5ab	4	b("2
0xad5b2	5	ARBf!
0xad5bb	4	db/F
0xad5ce	5	ARBf!
0xad5d7	4	db/?
0xad5ea	8	BbAV"/BR
0xad661	4	r 0e
0xad685	4	b("S
0xad68c	5	ARBf!
0xad706	8	BbAV"/BR
0xad748	5	S`\`f
0xad77c	4	CnAb
0xad7d6	8	BbAV"/BR
0xad7ee	8	BbAV"/BR
0xad806	5	ARBf!
0xad80f	4	db/K
0xad88b	4	b("N
0xad8d5	4	r#e(
0xad996	4	AbCn
0xad9f2	5	ARBf!
0xad9fb	4	db/~
0xada0a	8	BbAV"/BR
0xada22	5	ARBf!
0xada2b	4	db/r
0xada3a	8	BbAV"/BR
0xadab5	4	b("K
0xadaff	4	r#eD
0xadb6a	4	AbCn
0xadbca	5	ARBf!
0xadc2e	8	BbAV"/BR
0xadc46	5	ARBf!
0xadc5e	8	BbAV"/BR
0xadcd9	4	b("K
0xadd23	4	r#e\
0xadd8e	4	AbCn
0xaddee	5	ARBf!
0xaddf7	4	db/!
0xade06	8	BbAV"/BR
0xade1e	5	ARBf!
0xade36	8	BbAV"/BR
0xade67	4	f("D
0xadf05	4	b("K
0xadf4f	4	r#ez
0xadfba	4	AbCn
0xae016	5	ARBf!
0xae01f	4	db/R
0xae02e	5	ARBf!
0xae037	4	db/L
0xae050	5	ARBf!
0xae059	4	db/C
0xae0cb	4	b("n
0xae1d8	4	S`\`
0xae251	4	wses
0xae2f8	5	l2#f&
0xae3d0	4	ClAb
0xae3d6	4	cnLd
0xae446	4	a/of
0xae470	8	BbAV"/BR
0xae488	8	BbAV"/BR
0xae4a0	5	ARBf!
0xae4a9	4	db/`
0xae50a	4	AbCl
0xae583	4	p!/'
0xae5b0	8	BbAV"/BR
0xae5c8	5	ARBf!
0xae5e0	8	BbAV"/BR
0xae5f8	5	ARBf!
0xae6a4	4	AbCl
0xae719	4	p!/q
0xae746	8	BbAV"/BR
0xae75e	5	ARBf!
0xae767	4	db/a
0xae776	8	BbAV"/BR
0xae78e	5	ARBf!
0xae797	4	db/U
0xae7ec	4	AbCl
0xae896	8	BbAV"/BR
0xae8ae	5	ARBf!
0xae90a	8	BbAV"/BR
0xae922	5	ARBf!
0xae980	4	AbCl
0xae9f5	4	p!/i
0xaea22	5	ARBf!
0xaea2b	4	db/R
0xaea3a	5	ARBf!
0xaea43	4	db/L
0xaea5e	5	ARBf!
0xaea67	4	db/C
0xaeacc	4	S`\`
0xaeaf3	4	B_e{
0xaeb25	6	r#eL2*
0xaeb37	6	fL5c`Z
0xaebc5	6	r#eL2*
0xaebd7	6	fL5c`Z
0xaec12	4	ClAb
0xaec18	4	cnLd
0xaec88	4	a/of
0xaecb2	5	ARBf!
0xaecbb	4	db/a
0xaecca	5	ARBf!
0xaecd3	4	db/[
0xaece2	5	ARBf!
0xaeceb	4	db/U
0xaed42	4	AbCl
0xaedec	5	ARBf!
0xaee04	5	ARBf!
0xaee62	8	BbAV"/BR
0xaee7a	5	ARBf!
0xaeece	4	AbCl
0xaef43	4	p!/k
0xaef70	5	ARBf!
0xaef79	4	db/T
0xaef88	5	ARBf!
0xaef91	4	db/N
0xaefa0	8	BbAV"/BR
0xaefb8	5	ARBf!
0xaefc1	4	db/B
0xaf00c	4	AbCl
0xaf0b6	5	ARBf!
0xaf112	5	ARBf!
0xaf12a	8	BbAV"/BR
0xaf142	5	ARBf!
0xaf196	4	AbCl
0xaf20b	4	p!/d
0xaf238	5	ARBf!
0xaf241	4	db/L
0xaf250	5	ARBf!
0xaf259	4	db/F
0xaf274	5	ARBf!
0xaf27d	4	db/=
0xaf2da	4	S`\`
0xaf301	4	B_et
0xaf32d	6	r#eL2*
0xaf33f	6	fL5c`Z
0xaf3c5	6	r#eL2*
0xaf3d7	6	fL5c`Z
0xaf412	4	CnAb
0xaf418	4	clLd
0xaf46b	4	BofI
0xaf498	8	BbAV"/BR
0xaf4b0	5	ARBf!
0xaf4b9	4	db/e
0xaf4c8	5	ARBf!
0xaf4d1	4	db/_
0xaf520	4	AbCm
0xaf573	4	p!/4
0xaf5a8	5	ARBf!
0xaf5b1	4	db/'
0xaf5c0	8	BbAV"/BR
0xaf5d8	5	ARBf!
0xaf5f0	5	ARBf!
0xaf684	4	AbCm
0xaf6d7	4	p!/y
0xaf70c	5	ARBf!
0xaf715	4	db/l
0xaf724	8	BbAV"/BR
0xaf73c	5	ARBf!
0xaf745	4	db/`
0xaf754	5	ARBf!
0xaf75d	4	db/Z
0xaf7a0	4	AbCm
0xaf7f3	4	p!/2
0xaf828	5	ARBf!
0xaf831	4	db/%
0xaf840	8	BbAV"/BR
0xaf858	5	ARBf!
0xaf870	5	ARBf!
0xaf8af	4	l@T>
0xaf900	4	AbCn
0xaf988	8	BbAV"/BR
0xaf9a0	5	ARBf!
0xaf9a9	4	db/l
0xaf9c4	5	ARBf!
0xaf9cd	4	db/c
0xafa16	4	S`\`
0xafa3d	4	B_e*
0xafab0	4	CnAb
0xafab6	5	cmLd"
0xafac7	4	vl2+
0xafb0f	4	Bofo
0xafb3b	4	R fZ
0xafb82	8	BbAV"/BR
0xafb9a	5	ARBf!
0xafbb2	8	BbAV"/BR
0xafc0c	4	AbCn
0xafc25	4	vl2~
0xafc61	4	p!/q
0xafc95	4	R fA
0xafc9e	5	ARBf!
0xafca7	4	db/U
0xafcb6	5	ARBf!
0xafcbf	4	db/O
0xafcce	5	ARBf!
0xafcd7	4	db/I
0xafce6	8	BbAV"/BR
0xafd34	4	AbCn
0xafd4d	4	vl24
0xafd91	4	p!/%
0xafdc5	4	R fi
0xafdce	5	ARBf!
0xafde6	5	ARBf!
0xafe4e	5	ARBf!
0xafe66	8	BbAV"/BR
0xafeb4	4	AbCn
0xaff09	4	p!/w
0xaff3d	4	R fA
0xaff46	5	ARBf!
0xaff4f	4	db/]
0xaff5e	5	ARBf!
0xaff67	4	db/W
0xaff76	5	ARBf!
0xaff7f	4	db/Q
0xaff8e	8	BbAV"/BR
0xaffdc	4	AbCn
0xafff5	4	vl2:
0xb0035	4	p!/,
0xb0069	4	R fa
0xb0072	8	BbAV"/BR
0xb008a	5	ARBf!
0xb00ae	5	ARBf!
0xb0150	4	S`\`
0xb0177	4	B_e*
0xb01ea	4	CnAb
0xb01f0	5	cmLd^
0xb0201	4	vl2\
0xb0239	6	R flmJ
0xb0257	4	R f;
0xb0260	5	ARBf!
0xb0269	4	db/E
0xb0278	8	BbAV"/BR
0xb0290	5	ARBf!
0xb0299	4	db/9
0xb02ea	4	AbCn
0xb0355	4	R f_
0xb039a	8	BbAV"/BR
0xb03b2	8	BbAV"/BR
0xb03ca	8	BbAV"/BR
0xb03e2	5	ARBf!
0xb0430	4	AbCn
0xb0449	4	vl2y
0xb049b	4	R fA
0xb04a4	8	BbAV"/BR
0xb04bc	8	BbAV"/BR
0xb04d4	8	BbAV"/BR
0xb04ec	5	ARBf!
0xb04f5	4	db/E
0xb053a	4	AbCn
0xb0553	4	vl27
0xb05a5	4	R fi
0xb05ae	8	BbAV"/BR
0xb05c6	8	BbAV"/BR
0xb05de	8	BbAV"/BR
0xb05f6	5	ARBf!
0xb0694	4	AbCn
0xb06ad	4	vl2r
0xb06ff	4	R f;
0xb0708	5	ARBf!
0xb0711	4	db/]
0xb0720	8	BbAV"/BR
0xb0744	8	BbAV"/BR
0xb079c	4	S`\`
0xb07bc	5	_e!/6
0xb07cc	4	S`qb
0xb07df	9	vl2qr fld
0xb0809	5	vl2qr
0xb0810	4	@"qb
0xb0823	9	vl2qr fld
0xb0830	4	Obc2
0xb0849	8	vl2qr@"w
0xb08ac	4	CnAb
0xb08b2	4	cmLd
0xb08cf	4	`q|[
0xb0926	8	BbAV"/BR
0xb093e	5	ARBf!
0xb0947	4	db/`
0xb0956	5	ARBf!
0xb095f	4	db/Z
0xb09ae	4	AbCl
0xb09d3	4	`q}[
0xb0a2a	5	ARBf!
0xb0a33	4	db/%
0xb0a42	8	BbAV"/BR
0xb0a5a	5	ARBf!
0xb0a72	8	BbAV"/BR
0xb0b00	4	AbCl
0xb0b25	4	`q}[
0xb0b7c	5	ARBf!
0xb0b85	4	db/h
0xb0b94	8	BbAV"/BR
0xb0bac	5	ARBf!
0xb0bb5	4	db/\
0xb0bc4	8	BbAV"/BR
0xb0c10	4	AbCl
0xb0c35	4	`q}[
0xb0c71	4	g"/"
0xb0c8c	5	ARBf!
0xb0c95	4	db/$
0xb0ca4	8	BbAV"/BR
0xb0cbc	5	ARBf!
0xb0cd4	8	BbAV"/BR
0xb0d13	4	l@T>
0xb0d60	4	AbCn
0xb0d85	4	`q|[
0xb0dc1	4	g"/*
0xb0ddc	8	BbAV"/BR
0xb0df4	8	BbAV"/BR
0xb0e18	5	ARBf!
0xb0e21	4	db/h
0xb0e74	4	S`\`
0xb0e9b	4	B_e?
0xb0ec1	8	r#eL2qr!
0xb0ed6	7	L5c`quQ
0xb0ef9	8	r#eL2qr!
0xb0f0e	7	L5c`quQ
0xb0f40	4	CnAb
0xb0f46	4	cmLd
0xb0f63	4	`q|[
0xb0ff4	8	BbAV"/BR
0xb100c	5	ARBf!
0xb1024	5	ARBf!
0xb107c	4	AbCl
0xb10a1	4	`q}[
0xb10f8	5	ARBf!
0xb1101	4	db/T
0xb1110	8	BbAV"/BR
0xb1128	5	ARBf!
0xb1131	4	db/H
0xb1140	8	BbAV"/BR
0xb118c	4	AbCl
0xb11b1	4	`q}[
0xb120c	5	ARBf!
0xb1224	8	BbAV"/BR
0xb123c	5	ARBf!
0xb12a2	8	BbAV"/BR
0xb12ee	4	AbCl
0xb1313	4	`q}[
0xb134f	4	g"/"
0xb136a	5	ARBf!
0xb1373	4	db/h
0xb1382	8	BbAV"/BR
0xb139a	5	ARBf!
0xb13a3	4	db/\
0xb13b2	8	BbAV"/BR
0xb13fe	4	AbCn
0xb1423	4	`q|[
0xb145f	4	g"/*
0xb147a	8	BbAV"/BR
0xb1492	8	BbAV"/BR
0xb14b6	5	ARBf!
0xb157d	4	B_e?
0xb15a3	8	r#eL2qr"
0xb15b8	7	L5c`quR
0xb15db	8	r#eL2qr"
0xb15f0	7	L5c`quR
0xb1622	4	CnAb
0xb1628	5	clLdd
0xb1643	4	`q}[
0xb168e	5	ARBf!
0xb1697	4	db/N
0xb16a6	5	ARBf!
0xb16af	4	db/H
0xb16be	8	BbAV"/BR
0xb171c	4	AbCn
0xb173f	4	`q}[
0xb178a	5	ARBf!
0xb17a2	8	BbAV"/BR
0xb17fa	8	BbAV"/BR
0xb1812	8	BbAV"/BR
0xb1864	4	AbCn
0xb1887	4	`q}[
0xb18d2	5	ARBf!
0xb18db	4	db/c
0xb18ea	8	BbAV"/BR
0xb1902	8	BbAV"/BR
0xb191a	8	BbAV"/BR
0xb196c	4	AbCn
0xb198f	4	`q}[
0xb19da	5	ARBf!
0xb19e3	4	db/!
0xb19f2	8	BbAV"/BR
0xb1a0a	8	BbAV"/BR
0xb1a22	8	BbAV"/BR
0xb1abc	4	AbCn
0xb1adf	4	`q}[
0xb1b2a	5	ARBf!
0xb1b33	4	db/z
0xb1b42	5	ARBf!
0xb1b4b	4	db/t
0xb1b66	8	BbAV"/BR
0xb1bc0	4	S`\`
0xb1bdf	6	u_e!/U
0xb1bf0	4	S`qb
0xb1c03	6	vl2qr(
0xb1c2f	5	vl2qr
0xb1c49	6	vl2qr(
0xb1c55	5	tObc2
0xb1c71	6	vl2qr(
0xb1c9a	4	CnAb
0xb1ca0	4	cmLd
0xb1cbd	4	`q|[
0xb1d54	8	BbAV"/BR
0xb1d6c	5	ARBf!
0xb1d84	5	ARBf!
0xb1ddc	4	AbCl
0xb1e01	4	`q}[
0xb1e58	5	ARBf!
0xb1e61	4	db/T
0xb1e70	8	BbAV"/BR
0xb1e88	5	ARBf!
0xb1e91	4	db/H
0xb1ea0	8	BbAV"/BR
0xb1eec	4	AbCl
0xb1f11	4	`q}[
0xb1f6c	5	ARBf!
0xb1f84	8	BbAV"/BR
0xb1f9c	5	ARBf!
0xb2002	8	BbAV"/BR
0xb204e	4	AbCl
0xb2073	4	`q}[
0xb20ca	5	ARBf!
0xb20d3	4	db/h
0xb20e2	8	BbAV"/BR
0xb20fa	5	ARBf!
0xb2103	4	db/\
0xb2112	8	BbAV"/BR
0xb215e	4	AbCn
0xb2183	4	`q|[
0xb21da	8	BbAV"/BR
0xb21f2	8	BbAV"/BR
0xb2216	5	ARBf!
0xb2272	4	S`D{
0xb22d5	5	u_e!/
0xb2303	8	r#eL2qr)
0xb2318	7	L5c`quY
0xb233b	8	r#eL2qr)
0xb2350	7	L5c`quY
0xb2382	4	CnAb
0xb2388	5	cmLd^
0xb23a5	4	`q|[
0xb23fc	8	BbAV"/BR
0xb2414	5	ARBf!
0xb241d	4	db/>
0xb242c	5	ARBf!
0xb2435	4	db/8
0xb2484	4	AbCl
0xb24a9	4	`q}[
0xb2536	5	ARBf!
0xb254e	8	BbAV"/BR
0xb2566	5	ARBf!
0xb257e	8	BbAV"/BR
0xb25ca	4	AbCl
0xb25ef	4	`q}[
0xb2646	5	ARBf!
0xb264f	4	db/Y
0xb265e	8	BbAV"/BR
0xb2676	5	ARBf!
0xb267f	4	db/M
0xb268e	8	BbAV"/BR
0xb26da	4	AbCl
0xb26ff	4	`q}[
0xb2756	5	ARBf!
0xb276e	8	BbAV"/BR
0xb2786	5	ARBf!
0xb279e	8	BbAV"/BR
0xb2836	4	AbCn
0xb285b	4	`q|[
0xb28b2	8	BbAV"/BR
0xb28ca	8	BbAV"/BR
0xb28ee	5	ARBf!
0xb28f7	4	db/L
0xb294a	4	S`\`
0xb2969	6	u_e!/3
0xb2997	8	r#eL2qr*
0xb29ac	7	L5c`quZ
0xb29cf	8	r#eL2qr*
0xb29e4	7	L5c`quZ
0xb2a4a	4	CmAb
0xb2a50	4	cnLd
0xb2a68	4	lfl2
0xb2aa3	5	R fln
0xb2acb	4	"ppm
0xb2ae9	4	@^pl
0xb2b07	4	r,5}
0xb2b13	4	B\e;
0xb2b1b	4	R f8
0xb2b24	5	ARBf!
0xb2b2d	4	db/u
0xb2b3c	8	BbAV"/BR
0xb2b54	8	BbAV"/BR
0xb2ba8	4	AbCm
0xb2bc8	4	lfl2
0xb2c07	5	R fln
0xb2c40	5	\e /+
0xb2c4f	4	@^pl
0xb2c63	4	W<p%
0xb2c71	4	r,5"
0xb2c7f	4	B\el
0xb2c87	4	R fi
0xb2c90	5	ARBf!
0xb2ca8	8	BbAV"/BR
0xb2cc0	5	ARBf!
0xb2d2e	8	BbAV"/BR
0xb2d76	4	AbCm
0xb2d96	4	lfl2
0xb2dd1	5	R fln
0xb2e0a	5	\e /{
0xb2e19	4	@^pl
0xb2e29	4	W<pu
0xb2e37	4	r,5s
0xb2e45	4	B\eA
0xb2e4d	4	R f>
0xb2e56	5	ARBf!
0xb2e5f	4	db/\
0xb2e6e	8	BbAV"/BR
0xb2e86	5	ARBf!
0xb2e8f	4	db/P
0xb2e9e	8	BbAV"/BR
0xb2ee6	4	AbCm
0xb2f06	4	lfl2
0xb2f4d	5	R fln
0xb2f86	4	\e /
0xb2f95	4	@^pl
0xb2fc1	4	B\eg
0xb2fc9	4	R fd
0xb301e	5	ARBf!
0xb3036	8	BbAV"/BR
0xb304e	5	ARBf!
0xb3066	8	BbAV"/BR
0xb30ae	4	AbCm
0xb30ce	4	lfl2
0xb3109	5	R fln
0xb3142	5	\e /S
0xb3151	4	@^pl
0xb3161	4	W<pM
0xb316f	4	r,5K
0xb317d	4	B\e;
0xb3185	4	R f8
0xb318e	8	BbAV"/BR
0xb31a6	8	BbAV"/BR
0xb31ca	8	BbAV"/BR
0xb3226	4	S`\`
0xb3249	5	u_e!/
0xb32e0	5	#e|2,
0xb32f6	4	|5cn
0xb32fb	4	``/d
0xb3303	4	@pp=
0xb3331	4	vl5\
0xb335f	6	r#e|2,
0xb3369	6	6obG2e
0xb3378	4	|5cn
0xb337d	4	``/d
0xb3385	4	@pp=
0xb33b3	4	`l5\
0xb33ea	4	CnAb
0xb33f0	5	cmLdA
0xb3406	5	lfl2D
0xb3445	5	ua/_e
0xb344b	4	BofN
0xb3464	4	lfog
0xb346b	4	B_e>
0xb3479	4	R f8
0xb3482	8	BbAV"/BR
0xb349a	8	BbAV"/BR
0xb34b2	8	BbAV"/BR
0xb34fb	4	m@T>
0xb3552	4	AbCn
0xb3570	4	lfl2
0xb35ce	4	lfog
0xb35d5	4	B_eD
0xb35e3	4	R f>
0xb35ec	5	ARBf!
0xb35f5	4	db/o
0xb3604	5	ARBf!
0xb360d	4	db/i
0xb361c	8	BbAV"/BR
0xb3634	8	BbAV"/BR
0xb367c	4	AbCn
0xb369a	5	lfl2A
0xb36f8	4	lfog
0xb36ff	4	B_eD
0xb370d	4	R f>
0xb3716	5	ARBf!
0xb371f	4	db/%
0xb372e	5	ARBf!
0xb3746	8	BbAV"/BR
0xb375e	8	BbAV"/BR
0xb379b	4	m@T>
0xb37ea	4	AbCn
0xb3808	4	lfl2
0xb3866	5	lfog"
0xb386d	4	B_eD
0xb387b	4	R f>
0xb3884	5	ARBf!
0xb388d	4	db/s
0xb389c	5	ARBf!
0xb38a5	4	db/m
0xb38b4	8	BbAV"/BR
0xb38cc	8	BbAV"/BR
0xb3914	4	AbCn
0xb3932	5	lfl2E
0xb3990	5	lfog*
0xb3997	4	B_e>
0xb39a5	4	R f8
0xb39ae	8	BbAV"/BR
0xb39c6	5	ARBf!
0xb39cf	4	db/#
0xb39ea	5	ARBf!
0xb3aa5	6	u_e!/z
0xb3ad9	4	`L2,
0xb3b13	4	`L2,
0xb3b52	4	CnAb
0xb3b58	5	cmLdN
0xb3b6e	5	lfl2K
0xb3bc3	4	"ppm
0xb3bdd	4	@^pl
0xb3bf9	4	r,5/
0xb3c05	4	B\e;
0xb3c0d	4	R f8
0xb3c16	5	ARBf!
0xb3c1f	4	db/(
0xb3c2e	5	ARBf!
0xb3c37	4	db/"
0xb3c46	5	ARBf!
0xb3ce6	4	AbCn
0xb3d04	4	lfl2
0xb3d79	4	@^pl
0xb3da3	4	B\eA
0xb3dab	4	R f>
0xb3db4	5	ARBf!
0xb3dbd	4	db/x
0xb3dcc	8	BbAV"/BR
0xb3de4	5	ARBf!
0xb3ded	4	db/l
0xb3dfc	8	BbAV"/BR
0xb3e44	4	AbCn
0xb3e62	5	lfl2E
0xb3ed7	4	@^pl
0xb3ef7	4	r,5(
0xb3f05	4	B\em
0xb3f0d	4	R fj
0xb3f16	5	ARBf!
0xb3f1f	4	db/ 
0xb3f2e	8	BbAV"/BR
0xb3f46	5	ARBf!
0xb3f5e	8	BbAV"/BR
0xb3ffe	4	AbCn
0xb401c	4	lfl2
0xb4091	4	@^pl
0xb40ad	4	r,5y
0xb40bb	4	B\eA
0xb40c3	4	R f>
0xb40cc	5	ARBf!
0xb40d5	4	db/q
0xb40e4	8	BbAV"/BR
0xb40fc	5	ARBf!
0xb4105	4	db/e
0xb4114	8	BbAV"/BR
0xb415c	4	AbCn
0xb417a	5	lfl2>
0xb41f3	4	@^pl
0xb420f	4	r,5!
0xb421d	4	B\ee
0xb4225	4	R fb
0xb422e	8	BbAV"/BR
0xb4246	5	ARBf!
0xb42be	5	ARBf!
0xb4318	4	S`\`
0xb4337	5	u_e!/
0xb4374	5	#e|2,
0xb438a	4	|5`/
0xb438f	4	`cnd
0xb4399	4	fpp=
0xb43f5	6	r#e|2,
0xb43ff	6	vobG2Z
0xb440e	4	|5`/
0xb4413	4	`cnd
0xb441d	4	fpp=
0xb4480	4	CnAb
0xb4486	5	cmLd7
0xb449c	5	lfl29
0xb44f5	4	R f`
0xb44fe	5	ARBf!
0xb4516	8	BbAV"/BR
0xb452e	5	ARBf!
0xb45d2	4	AbCn
0xb45f0	4	lfl2
0xb4624	5	 flg,
0xb4649	4	R f>
0xb4652	8	BbAV"/BR
0xb466a	5	ARBf!
0xb4673	4	db/d
0xb4682	8	BbAV"/BR
0xb469a	5	ARBf!
0xb46a3	4	db/X
0xb46e2	4	AbCn
0xb4700	5	lfl2<
0xb4734	5	 flg,
0xb4759	4	R f>
0xb4762	8	BbAV"/BR
0xb477a	5	ARBf!
0xb4783	4	db/ 
0xb4792	8	BbAV"/BR
0xb47aa	5	ARBf!
0xb4832	4	AbCn
0xb4850	4	lfl2
0xb4884	5	 flg,
0xb48a9	4	R f>
0xb48b2	8	BbAV"/BR
0xb48ca	5	ARBf!
0xb48d3	4	db/r
0xb48e2	8	BbAV"/BR
0xb48fa	5	ARBf!
0xb4903	4	db/f
0xb4942	4	AbCn
0xb4960	5	lfl2J
0xb49b9	4	R f8
0xb49c2	5	ARBf!
0xb49cb	4	db/4
0xb49da	8	BbAV"/BR
0xb49fe	5	ARBf!
0xb4a07	4	db/%
0xb4a54	4	S`\`
0xb4a73	5	u_e!/
0xb4aed	4	`L2,
0xb4b27	4	`L2,
0xb4b66	4	CnAb
0xb4b6c	5	cmLdu
0xb4b84	4	lfl2
0xb4bb7	5	R flm
0xb4bdf	4	R f,
0xb4be8	8	BbAV"/BR
0xb4c00	5	ARBf!
0xb4c09	4	db/T
0xb4c54	4	AbCn
0xb4c74	4	lfl2
0xb4ca7	5	R flm
0xb4ccf	4	R f2
0xb4cd8	8	BbAV"/BR
0xb4cf0	5	ARBf!
0xb4d08	8	BbAV"/BR
0xb4d8a	4	AbCn
0xb4daa	4	lfl2
0xb4ddd	5	R flm
0xb4e05	4	R f2
0xb4e0e	8	BbAV"/BR
0xb4e26	5	ARBf!
0xb4e2f	4	db/w
0xb4e3e	8	BbAV"/BR
0xb4e86	4	AbCn
0xb4ea6	4	lfl2
0xb4ed9	5	R flm
0xb4f01	4	R f2
0xb4f0a	8	BbAV"/BR
0xb4f22	5	ARBf!
0xb4f2b	4	db/8
0xb4f3a	8	BbAV"/BR
0xb4f82	4	AbCn
0xb4fa2	4	lfl2
0xb4fd5	5	R flm
0xb5037	4	R f,
0xb5040	5	ARBf!
0xb5064	8	BbAV"/BR
0xb50be	4	S`\`
0xb50dd	6	u_e!/m
0xb5111	4	`L2,
0xb514b	4	`L2,
0xb51a1	4	f4va
0xb5228	4	ceof
0xb5237	4	e_e<
0xb525c	4	ae1f
0xb526d	4	b!.Z
0xb52db	4	f4va
0xb5354	4	ceof
0xb5390	4	ae1f
0xb53c0	4	32_e
0xb53c6	4	on#g
0xb53e9	5	B~g&O
0xb5590	7	lfl2Cf#
0xb55d0	9	C`ofh&a")
0xb5610	4	"/c`
0xb561d	4	BofZ
0xb56f4	4	\N,6
0xb577d	4	G"&N
0xb5786	4	 r"/
0xb5795	4	B wZ
0xb57c8	4	lfl2
0xb57f4	5	C`!gc
0xb5890	4	\N,6
0xb59ae	4	lfl2
0xb59da	5	C`!gc
0xb5a76	4	lfl2
0xb5aa2	5	C`!gc
0xb5b3e	4	\N,6
0xb5bdb	4	BSf"
0xb5c16	4	@r"/
0xb5c23	4	B|gZ
0xb5c56	4	lfl2
0xb5c82	5	C`!gc
0xb5ca1	4	BSf#
0xb5d1e	4	lfl2
0xb5d4a	5	C`!gc
0xb5d69	4	BSf#
0xb5e38	4	\N,6
0xb5efa	4	lfl2
0xb5f22	5	C`!gc
0xb5fb4	7	lfl2Cf#
0xb5ffc	9	C`ofh&a")
0xb6034	4	\e"&
0xb603c	4	"/c`
0xb6049	4	BofZ
0xb60d0	4	\N,6
0xb60fe	4	C`an
0xb6172	4	"/\e
0xb61b2	4	\N,6
0xb61e0	4	C`an
0xb6254	4	"/\e
0xb6294	4	\N,6
0xb63aa	4	\N,6
0xb63d4	4	C`an
0xb643e	4	"/\e
0xb647e	4	\N,6
0xb64a4	4	C`an
0xb6504	4	"/\e
0xb6572	10	Le<DCf+G#d
0xb6582	12	Le<DCf+G#d"O
0xb663c	5	bb("`
0xb6695	9	D(W#eL5sd
0xb669f	6	D\4)U]
0xb66b9	4	F(@Y
0xb66ca	6	!F!Fc`
0xb66f2	5	#f#f2
0xb671c	4	L`Cg
0xb6751	6	rag"/p
0xb676d	4	r"/p
0xb6828	4	gfff
0xb6885	4	v`0R
0xb69e7	4	pcdn
0xb6aa8	4	L`Cg
0xb6add	6	rag"/p
0xb6af9	4	r"/p
0xb6b4a	4	L`Cb
0xb6bb4	4	"/\e
0xb6c25	4	~"-*
0xb6c4c	5	_eC`\
0xb6c6e	4	@"_b
0xb6c73	5	r/fcb
0xb6cae	5	,;cg@
0xb6cb4	4	ofc`
0xb6cbd	4	@S6v
0xb6ce0	4	_bC`
0xb6ce5	4	B_e.
0xb6d76	4	h2#f
0xb6def	4	u|2&
0xb6e87	4	rQ&0
0xb6fcd	4	Nsd.
0xb6fe5	6	rpp,5m
0xb7069	4	ll2-
0xb7093	5	B,>cb
0xb70bb	4	rcjo
0xb70c4	4	cn).
0xb716f	4	5w\F
0xb7268	10	Le<DCf+G#d
0xb727b	7	Ghw|4Ce
0xb7285	5	ts`Bb
0xb728b	7	wAV"%BR
0xb72ad	4	FC`~
0xb72b5	10	Fl5RbRW,4[
0xb730a	4	ckSm
0xb7377	9	Fl5Rb,4RR
0xb7399	9	Fl5Rb,4RR
0xb73ab	4	bc`^
0xb7404	4	<c06
0xb7480	4	<c06
0xb748c	4	<c06
0xb7498	4	<c06
0xb74a4	4	<c06
0xb7661	4	DS`-
0xb769e	8	BbAV"/BR
0xb76d6	8	BbAV"/BR
0xb777b	4	B<e7
0xb7784	8	BbAV"/BR
0xb7872	8	BbAV"/BR
0xb789b	4	e|6>
0xb78f3	6	pYVXRp
0xb7910	5	ARBf!
0xb79d4	6	tsCn<5
0xb79dd	10	B|`\2Ce0u[
0xb7a48	8	BbAV"/BR
0xb7a5e	5	ARBf!
0xb7a94	4	c`a"
0xb7ac9	4	F(@#
0xb7ada	4	LB(6
0xb7b8c	6	leS`Q"
0xb7b9f	7	vc`a"ce
0xb7bcf	5	ams(C
0xb7bd5	4	F3`n
0xb7be6	6	LB,6b-
0xb7bf1	7	CHs<2#6
0xb7bfa	4	"-#f
0xb7c1c	4	s`<c
0xb7c88	8	BbAV"/BR
0xb7c9e	5	ARBf!
0xb7d0f	10	BCj\`Cndr[
0xb7d7c	4	lf`0
0xb7dbd	4	b0r&
0xb7deb	7	2b"CbUf
0xb7e0f	4	@dp%
0xb7e14	8	BbAV"/BR
0xb7e30	6	YVXR(6
0xb7e52	5	ARBf!
0xb7ee9	4	T-6c
0xb7ef8	6	!G!Gs`
0xb7f12	6	!F!Fc`
0xb7f27	4	F"/d
0xb7f95	4	HS`J
0xb7fad	4	F(@F
0xb7fe9	4	FSa7
0xb802f	5	aou(E
0xb80b8	4	gfff
0xb80fb	4	eduf
0xb810a	4	0{!&
0xb8169	5	CCgts
0xb81e4	8	BbAV"/BR
0xb8217	4	Bs`-
0xb821c	4	_eg5
0xb8238	4	c`a.
0xb826d	4	F(@P
0xb827e	7	\B(7r,(
0xb828f	4	FC`n
0xb8297	5	C<2#7
0xb82a7	5	C<6b,
0xb830d	5	ams(C
0xb8313	4	F3`'
0xb834e	4	s`<c
0xb8478	4	<c05
0xb8484	4	<c05
0xb8490	4	<c05
0xb849c	4	<c05
0xb84fc	4	0tC`
0xb8514	5	hR,5Z
0xb852c	5	hR,5H
0xb8539	4	BxVF
0xb8736	4	Bb("
0xb8775	4	B,33
0xb87c1	6	Es`<5j
0xb87d1	5	fQb#6
0xb87d8	4	#f'>
0xb87f4	4	\Fcb
0xb87fd	5	Fm3\N
0xb8839	4	v[bN
0xb8840	4	of/g
0xb8891	4	v[b8
0xb8898	4	of/g
0xb88ba	4	sb<c
0xb8912	10	h4,D<t<c74
0xb8928	4	3d_e
0xb8996	8	(5Kb,E<u
0xb89fd	4	pX^]
0xb8a7b	5	fkb,E
0xb8a8f	5	C s<<
0xb8aa8	4	#e'=
0xb8ac6	4	#e'=
0xb8b1d	4	v[b>
0xb8b24	4	of/g
0xb8b71	4	v[b)
0xb8b78	4	of/g
0xb8be1	8	Ch5os75n
0xb8bf8	5	Cetsu
0xb8c2f	5	`b"Cb
0xb8c6b	7	N.5!El5
0xb8c73	4	>R.(
0xb8d07	5	a0qSb
0xb8d25	7	CSdts<=
0xb8d3f	5	`b"Cb
0xb8d4d	4	2a"&
0xb8d87	4	r#66
0xb8d9b	5	`0pCb
0xb8db7	5	CCets
0xb8dd3	5	`b"Cb
0xb8de1	4	2a"&
0xb8e15	4	`CkL
0xb8e1f	5	b/b("
0xb8e34	4	,ncb
0xb8e4e	5	|2|5!
0xb8e79	5	w|4Ce
0xb8e81	5	ts`Bb
0xb8e87	7	wAV"%BR
0xb8ea9	4	FC`~
0xb8eb1	10	Fl5RbRW,4[
0xb8ecb	4	/"O#
0xb8f05	9	Fl5Rb,4RR
0xb8f5b	9	Fl5Rb,4RR
0xb908d	4	r/e%
0xb90b5	4	r/e%
0xb90d5	5	rcg/e
0xb90ef	4	M_e4
0xb90fd	4	r/e%
0xb9117	4	M_e<
0xb9125	4	r/e%
0xb914d	4	r/e%
0xb9167	4	M_eL
0xb917b	4	M/eP
0xb918f	4	M_eT
0xb91a3	4	M/eX
0xb91b7	4	M_e\
0xb91cb	4	M/e`
0xb91df	4	M_ed
0xb91f9	5	rcg/e
0xb9213	4	M_el
0xb9227	4	M/ep
0xb923b	4	M_et
0xb9257	4	B"r|
0xb926b	4	r!G%
0xb9298	4	!E,5
0xb94aa	6	h2 Fl2
0xb94b1	4	`#fu
0xb9613	4	B_e,
0xb9663	10	Fl5Rb,4RR[
0xb967a	6	<c<?&O
0xb96fd	4	s2/n
0xb9720	5	ARBf!
0xb97a3	4	s2/n
0xb97c6	5	ARBf!
0xb97cf	4	db/L
0xb9810	4	ChCl
0xb9883	9	tRb,6b%Od
0xb98b6	4	XVc2
0xb98cf	5	CCf<5
0xb98d5	5	BSg,5
0xb9928	4	SbW6
0xb992d	9	tn2!B"-Od
0xb995c	4	CeSb
0xb999f	6	Cts<5R
0xb99bb	4	C(@%
0xb99c9	4	C#`"
0xb9ab2	4	\eP0
0xb9aba	4	\eP0
0xb9ac2	4	\eP0
0xb9aca	4	\eP0
0xb9b99	4	T!/#
0xb9c1f	4	C_e(
0xb9c35	4	B_e,
0xb9c4b	4	A_e0
0xb9cac	5	"%#e&
0xb9de2	4	lf`0
0xb9dea	4	lf`0
0xb9df2	4	lf`0
0xb9dfa	4	lf`0
0xb9ebf	4	T!/*
0xb9f6c	5	"%#e$
0xba1f0	4	\eP0
0xba1f8	4	\eP0
0xba200	4	\eP0
0xba208	4	\eP0
0xba34b	4	B_e 
0xba452	5	"%#e,
0xba57e	4	\eP0
0xba586	4	\eP0
0xba58e	4	\eP0
0xba596	4	\eP0
0xba679	4	B_e 
0xba80e	4	"%#e
0xba8a8	4	\eP0
0xba8b0	4	\eP0
0xba8b8	4	\eP0
0xba8c0	4	\eP0
0xba9ab	4	T!/A
0xba9bb	4	T!/{
0xba9ee	4	"%#e
0xbaafe	4	\eP0
0xbab06	4	\eP0
0xbab0e	4	\eP0
0xbab16	4	\eP0
0xbabc6	5	"%#eL
0xbac78	4	lf`0
0xbac80	4	lf`0
0xbac88	4	lf`0
0xbac90	4	lf`0
0xbadba	5	"%#ex
0xbb04b	4	v`0]
0xbb14f	4	BNd1
0xbb274	4	"/\e
0xbb2dc	4	\eP0
0xbb2e4	4	\eP0
0xbb2ec	4	\eP0
0xbb2f4	4	\eP0
0xbb32b	5	F#dl4
0xbb333	4	w&U<
0xbb347	4	F(@9
0xbb3e7	4	BSf 
0xbb4f4	4	lf`0
0xbb4fc	4	lf`0
0xbb504	4	lf`0
0xbb50c	4	lf`0
0xbb545	6	vHUX2'
0xbb556	4	,ES`
0xbb561	4	GS`i
0xbb58b	4	F(@b
0xbb595	6	U[b,@K
0xbb5b0	7	#f#fcbY
0xbb5e9	5	F#dl4
0xbb5f1	4	w&UL
0xbb602	4	 u(E
0xbb607	4	FS`C
0xbb6c1	4	BSf)
0xbb785	4	u`ba
0xbb78a	5	 %CbQ
0xbb7f9	4	G,7i
0xbb84c	4	L`Cb
0xbb882	5	Qg"/O
0xbb8bc	4	"/\e
0xbb962	4	lf`0
0xbb96a	4	lf`0
0xbb972	4	lf`0
0xbb97a	4	lf`0
0xbba16	4	Rf 6
0xbba59	4	pbd~
0xbbb81	4	Ga`n
0xbbbc5	4	GfPK
0xbbbfe	5	l5R"?
0xbbc4e	4	sel5
0xbbc5a	5	i%"$*
0xbbd71	9	dCe,52bGV
0xbbd8a	5	H2"#w
0xbbf1e	4	lf`0
0xbbf26	4	lf`0
0xbbf2e	4	lf`0
0xbbf36	4	lf`0
0xbc021	4	Fl2*
0xbc05d	5	BCe,5
0xbc075	4	Fl2(
0xbc096	6	XVYR#6
0xbc0b7	4	pa/>
0xbc18e	7	(Vb%)V-
0xbc2f6	5	C`QbT
0xbc532	4	lf`0
0xbc53a	4	lf`0
0xbc542	4	lf`0
0xbc54a	4	lf`0
0xbc5bd	4	BB/E
0xbc606	5	"%#e=
0xbc73c	4	Sf<v
0xbc77d	4	v`0a
0xbc866	5	CkBeO
0xbc8bf	5	B,:cb
0xbc8d6	4	,Fc`
0xbc946	4	X%Sb
0xbc983	4	6g2(
0xbc988	6	.6!Fcb
0xbc99b	5	r,6Y&
0xbca06	4	x6b'
0xbcaa6	4	lf`0
0xbcaae	4	lf`0
0xbcab6	4	lf`0
0xbcabe	4	lf`0
0xbcb39	4	B|gC
0xbcb5e	5	"%#eA
0xbcce9	4	v`0t
0xbcd6a	5	ZRc23
0xbcd82	5	ZRg2'
0xbcdbd	4	r"/,
0xbcdcb	4	BPw6
0xbce1b	4	BNd#
0xbcea2	4	C`|}
0xbcf38	4	"/\e
0xbcf81	4	Na`n
0xbd00e	4	snl>
0xbd115	5	6h5Sf
0xbd11c	4	LES`
0xbd12a	4	X2#e
0xbd134	4	]B-<
0xbd147	4	ES`M
0xbd151	5	v!Bh&
0xbd176	4	lB#f
0xbd207	4	F^kL
0xbd24e	4	,ES`
0xbd270	4	,ES`
0xbd27b	4	ES`m
0xbd285	5	t!NH$
0xbd302	4	H$Cb
0xbd335	6	Bg],4P
0xbd351	4	tSbP
0xbd401	5	<LFc`
0xbd410	4	LFc`
0xbd41e	4	h2#f
0xbd428	4	mB-<
0xbd42e	4	LFc`
0xbd468	5	lB#f5
0xbd471	4	Ca"m
0xbd4a3	5	<LFc`
0xbd4b2	4	LFc`
0xbd4ca	4	mB-<
0xbd4d0	4	LFc`
0xbd4e5	5	u!DX%
0xbd54e	5	#eL6&
0xbd5f2	4	|B,6
0xbd62b	4	BXV@
0xbd6fe	4	,b 0
0xbd706	4	,b 0
0xbd70e	4	,b 0
0xbd716	4	,b 0
0xbd761	4	BB/(
0xbd7df	4	BPth
0xbd9cc	4	\eP0
0xbd9d4	4	\eP0
0xbd9dc	4	\eP0
0xbd9e4	4	\eP0
0xbdaef	4	T!/:
0xbdb4a	5	"%#e}
0xbdbe0	4	\eP0
0xbdbe8	4	\eP0
0xbdbf0	4	\eP0
0xbdbf8	4	\eP0
0xbdc73	4	T!/:
0xbdccc	4	"%#e
0xbddda	4	\eP0
0xbdde2	4	\eP0
0xbddea	4	\eP0
0xbddf2	4	\eP0
0xbde6d	4	T!/:
0xbdec6	5	"%#eF
0xbdf64	4	\eP0
0xbdf6c	4	\eP0
0xbdf74	4	\eP0
0xbdf7c	4	\eP0
0xbe063	4	T!/:
0xbe0c2	5	"%#eu
0xbe104	10	Le<DCf+G#d
0xbe2df	5	Ecb\2
0xbe303	4	r#6Q
0xbe30d	4	Gs`n
0xbe312	6	bfh2#f
0xbe341	4	6s`f
0xbe365	4	Bse 
0xbe3cb	4	/l+<
0xbe3ea	14	Le<DCf+G#d"OH$
0xbe410	5	qRb%!
0xbe425	5	/"OCn
0xbe431	9	tBbAV"%BR
0xbe44f	4	BC`~
0xbe457	10	B,5RbRW,4[
0xbe47e	4	cjSn
0xbe517	4	FC`~
0xbe51f	10	Fl5RbRW,4C
0xbe53d	4	FC`~
0xbe545	10	Fl5RbRW,4D
0xbe687	4	B_e 
0xbe6ff	7	B\2 b,`
0xbe730	4	/bc2
0xbe75e	4	obc`
0xbe772	5	c`H0X
0xbe807	4	Bce3
0xbe818	5	ARBf!
0xbe891	4	B2/O
0xbe89a	8	BbAV"/BR
0xbe9b6	4	|b#g
0xbe9c5	4	r,7h
0xbe9cf	4	b("N
0xbe9e3	4	7"/b
0xbea1a	5	ARBf!
0xbea30	5	ARBf!
0xbea46	5	ARBf!
0xbea60	4	"/s`
0xbea6f	4	BSfZ
0xbea76	4	<?&O
0xbead0	4	-b72
0xbeaed	4	B2/(
0xbeaf6	5	a$Ab$
0xbeb01	6	dqRrf!
0xbeb08	4	rRb/
0xbeb16	5	ARBf!
0xbeb3a	4	2/_e
0xbeb41	4	BSfZ
0xbeba3	8	F\`cd,4[
0xbec02	5	p$@b$
0xbec0d	6	dqRrf!
0xbec14	4	rRb/
0xbec22	5	ARBf!
0xbec3c	4	s`<c
0xbec4d	4	BSfZ
0xbec6f	8	F\`cd,4[
0xbeca8	5	@b,b+
0xbecd8	4	p$@b
0xbece2	8	BbAV"/BR
0xbed05	5	e2/Sf
0xbed17	5	n_bS`
0xbed26	4	!$"O
0xbed3b	5	2 flf
0xbedd7	4	B\e_
0xbede5	4	B\eX
0xbee11	4	E,5)
0xbeefe	14	Le<DCf+G#d"OH$
0xbeff2	4	<c05
0xbf665	4	L_e(
0xbf8a1	4	r/e%
0xbf8d3	4	A_eD
0xbf8e9	4	A/eH
0xbf8f9	4	s?e5
0xbf92b	4	A/eT
0xbfad1	4	B<e$
0xbfaf9	4	B<e&
0xbfc05	4	B<e0
0xc025f	4	B<e%
0xc02ad	4	B<e[
0xc0336	4	c`a.
0xc04b1	9	/F/V/f/v/
0xc04c9	9	/F/V/f/v/
0xc052c	4	cdse
0xc0545	5	E$D34
0xc054d	5	E$D34
0xc0559	5	G$F36
0xc0561	5	G$F36
0xc0581	9	/F/V/f/v/
0xc0591	5	V&/6/
0xc05a6	12	Cbcd#fSbse#g
0xc05ba	8	CjckCh)H
0xc05c5	7	H9(ci)I
0xc05f3	4	G$Fk
0xc05ff	4	2(")
0xc0618	4	82x'
0xc065c	5	~5n4R
0xc0667	4	D%E)
0xc0684	4	z5j4
0xc068c	4	ZeJd
0xc06a2	8	ScM#3d(E
0xc06b3	6	D%EF3(
0xc06bd	6	D%EF3#
0xc06c7	5	D%EF3
0xc06d1	5	D%EF3
0xc06e5	5	E$D34
0xc06ef	5	E$D34
0xc06f9	5	E$D34
0xc0703	5	E$D34
0xc0765	4	VR&A
0xc078b	11	)J&j$J&Z'z%
0xc0845	5	@&/6/
0xc084f	7	@V/f/v/
0xc0881	4	@04j
0xc088d	7	@%AH5X%
0xc08b6	4	; g'
0xc08c7	4	t04(
0xc0964	4	cg05
0xc09fd	4	C)@W
0xc0a0f	4	C)@N
0xc0a1d	4	C)@G
0xc0a27	4	C)@B
0xc0b38	8	F/V/f/v/
0xc0b4c	8	F/V/f/v/
0xc0b5f	5	/&/6/
0xc0b76	8	Cjj*Ch)H
0xc0b81	7	H9(ci)I
0xc0bc4	8	~5n4$@$A
0xc0bd2	8	z5j4$@$A
0xc0be4	8	~5n4[$H$
0xc0c09	4	A%@)
0xc0c5a	4	)!(H
0xc0d04	11	&/6/F/V/f/I
0xc0d3e	4	X4,4
0xc0db7	5	1#`$@
0xc0e45	9	/&/6/F/V/
0xc0e5f	5	BI"Y 
0xc0ed1	9	/&/6/F/V/
0xc0eeb	8	BI"Y @29
0xc0fac	10	6/F/V/f/v/
0xc1014	10	6/F/V/f/v/
0xc108c	8	F/V/f/v/
0xc10a6	6	CjckCh
0xc1134	10	6/F/V/f/v/
0xc11ad	5	/&/6/
0xc1201	5	/&/6/
0xc1254	10	6/F/V/f/v/
0xc12cc	8	F/V/f/v/
0xc12e6	6	CjckCh
0xc1374	10	6/F/V/f/v/
0xc1493	9	/F/V/f/v/
0xc14a3	5	V&/6/
0xc14be	8	Cjj*Ch)H
0xc14c9	7	H9(ci)I
0xc14ed	5	8(838
0xc151a	4	.7N6
0xc1520	8	~0n1.98#
0xc1533	6	A%@%C-
0xc153f	5	A%@%C
0xc155f	4	A%@)
0xc1576	4	N0.1
0xc158e	4	N0.1
0xc15aa	4	)!(H
0xc15fc	10	&/6/F/V/f/
0xc1627	4	@04M
0xc1640	7	\4(434k
0xc1745	5	/&/6/
0xc1775	7	B%@%C(A
0xc17cd	5	/&/6/
0xc1889	4	b 0N
0xc18e1	9	b*!.2(BL1
0xc190d	5	`,0%C
0xc192f	7	b(B)A$B
0xc1973	7	1$B#`%C
0xc1997	4	b 0D
0xc19e5	9	b*!.2(B<1
0xc1a29	7	b(B)A$B
0xc1a6d	5	1$B#`
0xc1a89	4	c$C)
0xc1a9f	4	b 0Q
0xc1ac3	5	B#`%C
0xc1afd	5	b*!L1
0xc1b27	7	2#`)@%C
0xc1b4b	7	b(B)A$B
0xc1bb3	4	b 0G
0xc1c07	5	b*!<1
0xc1c31	5	2#`)@
0xc1c4b	7	b(B)A$B
0xc1d44	4	&/#c
0xc1d49	5	3&`"3
0xc1d51	5	!&`"3
0xc1d63	7	c&/6/F/
0xc1d9b	5	b6/F/
0xc1da7	5	#K#8#
0xc1dec	4	C`[ 
0xc1df8	4	F`,#
0xc1e04	4	F`,!
0xc1e10	4	F`,#
0xc1e1c	4	F`,!
0xc1e2f	5	tD` 1
0xc1e3a	6	TaD` 1
0xc1e46	6	TaD` 1
0xc1e52	4	D`Ta
0xc1e6c	4	D`Tc
0xc1e78	4	D`Tc
0xc1e84	4	D`Tc
0xc1e9a	4	CbKb
0xc1ead	10	e<u"/QRRf"
0xc1ecd	4	tRf!
0xc1ed2	5	RRb$"
0xc1ee3	5	e u"/
0xc1eed	4	tRf!
0xc1ef2	5	RRb$"
0xc1f07	13	vAUqv(FSbi"`2
0xc1f1c	4	Bb("
0xc1f33	5	BMr"&
0xc1f3d	4	VR"a
0xc1fb9	10	e<u"/QRRf"
0xc1fd9	4	tRf!
0xc1fde	5	RRb$"
0xc1fef	5	e u"/
0xc1ff9	4	tRf!
0xc1ffe	5	RRb$"
0xc2013	13	vAUqv(FSbi"`2
0xc2028	4	Bb("
0xc203f	5	BMr"&
0xc2049	4	VR"a
0xc2070	4	h&cn
0xc2081	11	/Dbsf#e`b 5
0xc20a0	6	,b(6c`
0xc20b6	4	sdS`
0xc20e8	10	Cb["k"R4#`
0xc212e	4	CgTb
0xc2145	5	.Cal1
0xc214c	4	Sg#`
0xc2192	4	 %C`
0xc21aa	9	Cgl426Cb$
0xc21b4	4	Sa#`
0xc21c9	5	d"/Ce
0xc21cf	5	E[$ce
0xc21d5	5	ECn(D
0xc21db	6	EK.SdQ
0xc2219	5	/"OH$
0xc2279	10	e\u"/RfQR0
0xc228f	10	edu"/RbQV*
0xc22a5	5	e u"/
0xc22af	4	tRf!
0xc22b7	6	e0ub$"
0xc22c3	8	tQV"$RRa
0xc22d9	5	e@u"/
0xc22e3	8	tQV"$RRa
0xc22fd	13	vAUqv(FSbi"`2
0xc2312	4	Bb("
0xc2329	6	BMr"&X
0xc2332	7	BeAVR"a
0xc236d	10	e<u"/QRRf"
0xc238d	4	tRf!
0xc2392	5	RRb$"
0xc23a3	5	e u"/
0xc23ad	4	tRf!
0xc23b2	5	RRb$"
0xc23c7	13	vAUqv(FSbi"`2
0xc23dc	4	Bb("
0xc23f3	5	BMr"&
0xc23fd	4	VR"a
0xc2465	10	e<u"/QRRf"
0xc2485	4	tRf!
0xc248a	5	RRb$"
0xc249b	5	e u"/
0xc24a5	4	tRf!
0xc24aa	5	RRb$"
0xc24bf	13	vAUqv(FSbi"`2
0xc24d4	4	Bb("
0xc24eb	5	BMr"&
0xc24f5	4	VR"a
0xc251f	5	uPb("
0xc2526	4	tfSb
0xc253d	5	u@b("
0xc254d	7	/SgCecn
0xc2559	5	uPb("
0xc2564	4	tbSf
0xc2588	4	h&cn
0xc2599	11	/Dbsf#e`b 5
0xc25c0	6	,b(6c`
0xc25cb	7	ncaSgCe
0xc25d6	4	pb("
0xc2632	6	BWRR 7
0xc2642	4	c`P4
0xc264a	6	BVRR 6
0xc265e	4	BR("
0xc2664	8	Cb#fRR("
0xc266e	5	#eR6)
0xc276f	4	C%D)
0xc277b	4	C%D)
0xc27ba	4	%C%D
0xc28b9	7	C$B$G$F
0xc28c1	7	C$B$G$F
0xc28ca	4	$L$K
0xc28da	4	$@$A
0xc28e9	5	,$@$A
0xc28ef	7	C$B$G$F
0xc28f7	7	C$B$G$F
0xc290a	4	$L$K
0xc291a	4	$@$A
0xc2929	5	,$@$A
0xc292f	9	C$B$G$F$J
0xc2939	9	C$B$G$F$J
0xc2944	8	$L$K$EV:
0xc295e	4	$@$A
0xc2968	6	Z:$@$A
0xc296f	9	C$B$G$F$J
0xc2979	9	C$B$G$F$J
0xc29b4	8	6/F/V/f/
0xc29c7	5	eB \&
0xc2a35	4	`H$v
0xc2b16	4	Pb("
0xc2b57	4	bDr$
0xc2bbb	4	eS`*
0xc2bd7	4	vceF
0xc2bfd	4	R+b!
0xc2c17	10	,"&Cm@e\`H
0xc2c41	7	bCgH2-5
0xc2c4c	6	!F!Fc`
0xc2c93	4	fc`*
0xc2caf	4	vceB
0xc2d11	7	bCgH2-5
0xc2d1c	6	!F!Fc`
0xc2d48	4	gfff
0xc2d6d	4	gs`h
0xc2d81	4	gs`d
0xc2e6b	5	gDwce
0xc2e77	4	b("]
0xc2ee3	4	vced
0xc2f21	4	bDr%
0xc2f2b	4	Rh2.
0xc2f49	4	vce1
0xc2f5f	4	vbbD
0xc2fd2	6	LdL5"%
0xc3012	7	LdL5"%a
0xc3028	4	RbQV
0xc3030	5	se"/a
0xc305f	5	RDqcd
0xc306b	4	e#`l
0xc3088	5	ceCeX
0xc30a2	5	"d#`h
0xc30c3	4	vcd;
0xc30d9	4	vbb=
0xc30de	4	/dX%
0xc30e8	5	ceCe(
0xc30ff	4	vbb*
0xc3134	4	"dX%
0xc321d	4	elfA
0xc3256	4	H5\2
0xc326d	4	f,bB
0xc32b1	4	f,bC
0xc338e	4	`b("
0xc3452	4	CnKn
0xc345e	4	rR("
0xc349e	6	 -7r -
0xc3508	4	rR("
0xc3541	4	S0`+
0xc358a	4	rUg5
0xc3590	4	Sbh2
0xc359f	4	S0`+
0xc35ba	4	xRX6
0xc3640	5	!VCl%
0xc3661	5	e"/0u
0xc36eb	4	v``0
0xc3759	5	fx6@e
0xc375f	5	w`b $
0xc3823	4	eS` 
0xc3899	4	RH2'
0xc390f	5	w ,cl
0xc392c	4	0,cl
0xc3935	5	6sbL2
0xc396f	4	dC` 
0xc3a19	4	RX2'
0xc3a89	5	V;b'6
0xc3aa5	4	S<2"
0xc3aeb	4	fc` 
0xc3b40	4	bR,1
0xc3b4a	4	@fc`
0xc3b5e	4	HUX%
0xc3b64	4	IR("
0xc3b71	4	wIVD
0xc3bba	5	ARx2'
0xc3bd8	4	ERP2
0xc3c21	6	wc`,3|
0xc3c37	5	$ce|6
0xc3c5d	4	eS` 
0xc3d22	6	!F!Fc`
0xc3d35	7	Fh70wp$
0xc3d44	6	!F!Fc`
0xc3d8c	4	gfff
0xc3dc9	4	/S`L
0xc3df7	9	rSf $|6`b
0xc3e2b	9	/"Ob`clSk
0xc3ead	5	eDu"/
0xc3eb7	8	tQV"$RRa
0xc3ed3	9	tRbQV"$RR
0xc3edd	4	e ua
0xc3ee9	4	tRf!
0xc3eee	5	RRb$"
0xc3efb	4	d0t@
0xc3f02	9	BbAV"%BRa
0xc3f29	12	d@tBbAV"/BRa
0xc3f45	10	UBbAV"%BRa
0xc3f69	5	e@u"/
0xc3f73	8	tQV"$RRP
0xc3f85	8	tQV"$RRa
0xc3fab	6	tR/Rf!
0xc3fb8	4	Rbb$
0xc3fbf	8	tQV"$RRa
0xc4001	8	tQV"$RRa
0xc4025	8	tQV"$RRa
0xc4055	4	tRf!
0xc405a	5	RRb$"
0xc406b	5	C(C:!
0xc4083	4	tRf!
0xc4088	5	RRb$"
0xc4099	10	UBbAV"%BRa
0xc40dd	8	dttARBf!
0xc40fa	9	BbAV"/BRa
0xc411a	9	BbAV"%BRa
0xc413a	9	BbAV"%BRa
0xc414a	9	BbAV"%BRa
0xc4162	5	ARBf!
0xc4168	4	BRb%
0xc4185	5	5"/QR
0xc418d	4	tRf!
0xc41a5	9	e uAV"/BR
0xc41b6	5	QRRf!
0xc41bc	5	RRb$"
0xc41e9	9	etu"/(AQR
0xc41fe	5	RRRf"
0xc420f	5	e u"/
0xc4219	7	tQV"$RR
0xc422f	4	tRf!
0xc4234	5	RRb$"
0xc4245	5	e0u"/
0xc424f	8	tQV"$RRa
0xc4271	4	tRf!
0xc4276	5	RRb$"
0xc4287	5	eHu"/
0xc4291	8	tQV"$RRD
0xc42a1	5	dHtBb
0xc42a7	9	e uAV"/BR
0xc42b8	5	QRRf!
0xc42be	5	RRb$"
0xc42d5	5	C(C;!
0xc42dd	4	d<tp
0xc42e4	5	ARBf!
0xc42ea	5	BRb%O
0xc42f8	9	BbAV"%BRa
0xc430b	7	etu"/QR
0xc4315	4	tRf!
0xc431a	5	RRb$"
0xc432b	5	e0u"/
0xc4335	7	tQV"$RR
0xc434b	8	tQV"$RRa
0xc4361	5	e u"/
0xc436b	8	tQV"$RRa
0xc437d	4	dXtp
0xc4384	9	BbAV"%BRa
0xc43cb	12	dDtBbAV"/BRa
0xc43ea	5	ARBf!
0xc43f0	4	BRb%
0xc4413	5	eDu"/
0xc441d	4	tRf!
0xc4428	4	Rbb$
0xc442f	8	tQV"$RRa
0xc4455	10	tR/QV"$RRH
0xc4469	4	tRf!
0xc446e	5	RRb$"
0xc44ab	4	tRf!
0xc44b0	5	RRb$"
0xc44db	4	tRf!
0xc44e0	5	RRb$"
0xc44f1	6	C(C:!"
0xc4509	4	tRf!
0xc450e	5	RRb$"
0xc452d	4	tRf!
0xc4532	5	RRb$"
0xc4547	5	C(C:!
0xc454f	4	d,t@
0xc4556	9	BbAV"%BRa
0xc45a4	4	rfh&
0xc45b2	4	B'b4
0xc45b8	6	BeSbL2
0xc45c4	4	bb,5
0xc45c9	7	uR$rfaR
0xc45d8	8	B'cgb/v4
0xc45e4	4	qVb4
0xc45ec	4	qV("
0xc45fa	8	b/BeSbL2
0xc4608	4	bb,5
0xc460d	7	uR$qR!V
0xc461a	6	rfcb|2
0xc4626	4	Bb,6
0xc462b	5	vb'AR
0xc4661	10	tCnCmB/SdQ
0xc469c	7	reSdSfQ
0xc46c9	7	uX2"&,6
0xc46d8	5	c`cda
0xc46fe	4	Cabn
0xc475c	5	cnP4!
0xc479b	6	vr/ 'b
0xc47a8	4	C`B5
0xc47d8	6	Cg26l5
0xc47f4	4	$$C`
0xc4818	4	C`Rf
0xc4833	5	$X%Cl
0xc4859	5	ecb(B
0xc4867	5	B+%R,
0xc4879	5	dSb(B
0xc4881	7	g+&Cb(B
0xc488f	8	B+%sb(BQ
0xc489f	4	b(BB
0xc48a7	4	B+'s
0xc48c9	5	b(B(F
0xc48d3	5	^+&b+
0xc48e5	5	dSb(B
0xc48eb	7	g+,)ECb
0xc48f3	9	m(B+%sb)D
0xc48fd	4	+(BQ
0xc4905	4	b)GB
0xc490a	5	(B+'s
0xc4931	7	E+%)FR,
0xc494d	7	g)E+&Cb
0xc4959	9	Bb,)D+%sb
0xc4967	5	B)G+$
0xc4973	4	B+'s
0xc49af	4	~B,Q
0xc4a3f	4	$X%e
0xc4a77	7	E+%R-(F
0xc4a93	7	n(E+&Cb
0xc4a9f	7	B(D+%sb
0xc4aab	5	B(G+$
0xc4ab7	7	B+'v-(N
0xc4ad7	7	ecb)B)E
0xc4ae3	7	\+%R.(F
0xc4af7	5	WSb)B
0xc4afd	23	m+&Cb(Ef.)B+%sb(DV.)B+$
0xc4b15	13	b(GF.)B+'v.(M
0xc4b33	5	ecb)B
0xc4b3d	5	B+%R.
0xc4b51	5	TSb)B
0xc4b59	7	W+&Cb)B
0xc4b6a	8	+%sb)BV.
0xc4b79	5	b)BF.
0xc4b83	5	~+'r.
0xc4bad	9	gf.&.sfV.
0xc4be7	11	fd.D.$.T.r<
0xc4c1d	8	tr/Cnci 
0xc4c2d	15	9VkVlVmVgVdVfVb
0xc4c84	5	r/ci 
0xc4c93	19	9UWT^S]R\Q[Rj&$f$v$
0xc4ccf	5	/"Oc`
0xc4cf1	6	}Rb"$a
0xc4d1b	5	/"Oc`
0xc4d39	5	~Rf&$
0xc4d79	5	v$$h&
0xc4d92	5	bb("&
0xc4d9e	4	bb("
0xc4e7d	5	'm')F
0xc4e8b	4	F%G)
0xc4e9e	5	~3n2+
0xc4ea4	5	%B%C)
0xc4ec2	4	z3j2
0xc4eca	4	:c*b
0xc4ee0	4	3a-!
0xc4f05	4	PB !
0xc5021	5	E$C$B
0xc50a0	4	L3c3
0xc51b9	7	J$I$@$H
0xc5228	4	3f75
0xc5238	4	y P3
0xc5241	5	F|6bg
0xc52c8	8	F/V/f/v/
0xc52e2	6	CjckCh
0xc5365	5	eDu"/
0xc536f	4	tRf!
0xc5374	5	RRb$"
0xc537f	4	tb$!
0xc5393	5	e u"/
0xc539d	8	tQV"$RRa
0xc53b1	4	d0t@
0xc53b8	9	BbAV"%BRa
0xc53e1	5	eTu"/
0xc53eb	4	tRf!
0xc53f0	5	RRb$"
0xc5400	4	RRb$
0xc540d	5	e u"/
0xc5417	4	tRf!
0xc541c	5	RRb$"
0xc542f	5	eTu"/
0xc5439	4	tRf!
0xc5441	6	e0ub$"
0xc544d	4	tRf!
0xc545d	4	d@tP
0xc5464	9	BbAV"%BRa
0xc548f	10	4BbAV"/BRa
0xc54b0	9	BbAV"%BRa
0xc54ca	9	BbAV"%BRa
0xc54f0	9	BbAV"%BRa
0xc5500	9	BbAV"%BRa
0xc551f	4	tRf!
0xc552a	4	QRb$
0xc5531	4	tRf!
0xc554f	4	tRf!
0xc5554	5	RRb$"
0xc556f	7	tQV"$RR
0xc5577	4	e(ua
0xc5583	4	tRf!
0xc5588	5	RRb$"
0xc5599	7	^Ob(5[b
0xc55a3	5	E(EX$
0xc55b2	5	ob32%
0xc55c3	10	tQV"$RRR/a
0xc55d8	5	QRRf!
0xc55de	5	RRb$"
0xc55f2	9	RbQV"$RRa
0xc5609	5	e4u"/
0xc5613	8	tQV"$RR=
0xc5625	4	tRf!
0xc5639	5	e@u"/
0xc5643	4	tRf!
0xc5648	5	RRb$"
0xc565b	5	e@u"/
0xc5665	8	tQV"$RRa
0xc5679	5	eLuQR
0xc5681	4	tR/!
0xc5686	4	RRRf
0xc568b	4	eXu"
0xc5690	4	Rbb$
0xc5697	8	tQV"$RRa
0xc56ad	5	eLu"/
0xc56b7	4	tRf!
0xc56bc	5	RRb$"
0xc56c9	4	dht|
0xc56d0	5	ARBf!
0xc56d6	5	BRb%"
0xc5731	10	4BbAV"/BRa
0xc574e	9	BbAV"%BRa
0xc5766	9	BbAV"%BRa
0xc577e	5	ARBf!
0xc5784	5	BRb%=
0xc5796	5	ARBf!
0xc579c	5	BRb%1
0xc57ae	6	"/BRAV
0xc57b9	4	tRba
0xc57be	7	"$RRQV"
0xc57d8	5	ARBf!
0xc57de	4	BRb%
0xc57f5	5	tQRb$
0xc5802	4	(ARR
0xc580f	7	b(rAV"/
0xc5817	4	uBba
0xc581c	4	"%BR
0xc582a	5	QRRf!
0xc5830	4	RRb$
0xc584d	5	e8u"/
0xc5857	8	tQV"$RRv
0xc5869	4	tRf!
0xc587d	5	eHu"/
0xc5887	4	tRf!
0xc5892	4	Rbb$
0xc5899	8	tQV"$RRg
0xc58b7	4	tRf!
0xc58c2	4	QRb$
0xc58c9	4	tRf!
0xc58e7	4	tRf!
0xc58f2	4	Rbb$
0xc58f9	8	tQV"$RRJ
0xc590d	5	e8u"/
0xc5917	4	tRf!
0xc591f	6	eHub$"
0xc592b	8	tQV"$RRa
0xc5941	5	e`u"/
0xc594b	4	tRf!
0xc5950	5	RRb$"
0xc5960	4	RRb$
0xc596d	5	e8u"/
0xc5977	8	tQV"$RRa
0xc598f	5	e`u"/
0xc5999	7	tQV"$RR
0xc59a1	4	eHua
0xc59ad	8	tQV"$RR"
0xc59c1	5	eTu"/
0xc59cf	7	tQV"$RR
0xc59d7	4	e(ua
0xc59e3	7	tQV"$RR
0xc59f7	8	dptARBf!
0xc5a00	5	BRb%"
0xc5a9b	4	vm31
0xc5b60	4	gfff
0xc5b8c	6	sjckSl
0xc5bad	4	F#`T
0xc5bd3	5	eTuQR
0xc5c41	7	b<2#`/b
0xc5c4e	7	TuQRRf!
0xc5c62	7	RbQV"/]
0xc5ccf	4	BofD
0xc5cf3	5	ex4|5
0xc5e06	10	bbb/".aTH$
0xc5e33	7	/"OBb("
0xc5e40	4	bb >
0xc5e4c	4	bb".
0xc5e98	6	j2Z1z:
0xc5ea2	4	$@$H
0xc5ea7	11	B$A$Jj2Z1z:
0xc5ebc	4	$@$H
0xc5ec1	5	B$A$J
0xc5ec8	6	n2^1~:
0xc6008	4	@b("
0xc602b	9	FslcbSmCn
0xc603f	4	G#d,
0xc607f	6	d<B#nB
0xc6115	5	eLu"/
0xc611b	8	dRf(tQRa
0xc613d	4	b,rc
0xc614f	5	U8r"/
0xc615f	9	e@uRbQV"/
0xc617f	11	e4uRbCmQV"/
0xc6195	5	e4uQR
0xc61af	4	d4tF
0xc61d5	10	u#f"-\2("1
0xc6227	5	Wpb,`
0xc6249	4	bi"@
0xc6255	5	vk"#`
0xc625c	4	BeAV
0xc629b	4	RRfA
0xc62b9	12	e4uRbClQV"/E
0xc62cd	6	g4w("[
0xc62f8	5	qV",4
0xc6318	4	b$sd
0xc6336	6	-FBbi"
0xc634d	4	]rf"
0xc635b	4	Br/%
0xc637d	7	b4r"e!V
0xc63af	4	Rb$a
0xc6400	8	Clh2/b("
0xc640a	4	cm#a
0xc642b	5	& $lg
0xc643a	5	|gx')
0xc6459	7	DL5sd+B
0xc6476	10	Slh2Cn/b("
0xc6486	6	#alk+b
0xc6499	7	e,f]F{&
0xc64a1	5	"`.,g
0xc64b0	5	|gx')
0xc64d4	6	sd\4sn
0xc64e3	5	L@b,f
0xc64e9	7	b,b(6X6
0xc6530	4	h&cn
0xc6541	11	/Dbsf#e`b 5
0xc6560	6	,b(6c`
0xc6581	4	bSl%
0xc6586	6	-bi"`2
0xc662c	8	F/V/f/v/
0xc6646	6	CjckCh
0xc66d4	4	Shci
0xc66de	5	snCjX
0xc675f	4	b(" 
0xc6813	5	b,fc`
0xc685d	13	vRdqv(FCbi"`2
0xc6891	5	uSgL5
0xc689d	5	b,b#`
0xc68ac	4	#f#`
0xc68d0	8	AbSmCnl2
0xc68d9	5	f!$Sd
0xc68e5	5	b,fc`
0xc6934	4	SaCg
0xc6941	5	DmB '
0xc697f	4	7LL&
0xc698d	5	<LES`
0xc69e3	5	<LES`
0xc6af4	4	CkW`
0xc6b0a	10	|gKfsllLSf
0xc6b30	4	#mg`
0xc6b55	4	fh$ 
0xc6b68	4	,fh%
0xc6b6f	5	d,fh$
0xc6b7a	4	'f,b
0xc6b7f	7	B,bi$("
0xc6b98	4	+$@-
0xc6bbb	7	F<BL2#l
0xc6bc4	4	#ng`
0xc6bda	6	,b{flB
0xc6be1	7	f#g,b(&
0xc6bf3	5	B,b("
0xc6bfe	4	 /le
0xc6c0c	4	 .L1
0xc6c1d	5	b{" ,
0xc6c31	9	vCbcdcg\6
0xc6c3c	4	cn,7
0xc6c47	5	apb,f
0xc6c4d	7	b,b,6\6
0xc6d4c	8	Cb?r!%ck
0xc6d89	5	f\b(&
0xc6dd4	8	Sdpb,b#`
0xc6dfa	6	S`SaCg
0xc6e09	7	D-blB '
0xc6e1c	4	   %
0xc6e3c	4	x1/2
0xc6e41	4	x 1 
0xc6e46	4	x 2 
0xc6e4b	4	x 4 
0xc6e50	4	x 8 
0xc6e55	4	x16 
0xc6e5a	4	x32 
0xc6e5f	4	x64 
0xc6e64	4	x128
0xc6e70	13	OFF          
0xc6e7e	13	CHORUS       
0xc6e8c	13	FLANGER      
0xc6e9a	13	BIT GRUNGER  
0xc6ea8	13	4 BAND EQ    
0xc6eb6	13	COMPRESSOR   
0xc6ec4	13	PHASE SHIFTER
0xc6ed2	13	TREMOLO      
0xc6ee0	13	FLYING PAN   
0xc6eee	13	REVERB       
0xc6efc	13	DELAY        
0xc6f2c	6	 00.00
0xc6f34	4	+  .
0xc6f3c	4	-  .
0xc6f44	5	 0.00
0xc6f54	8	Loading:
0xc6f60	8	 Saving:
0xc6f6c	8	Writing:
0xc6f78	7	Delete:
0xc6f80	21	     Processing......
0xc6f98	23	    Close Session......
0xc6fb0	23	    Erase CD-RW........
0xc6fc8	18	        Wait......
0xc6ff4	7	   . MB
0xc6ffc	12	Free=   . MB
0xc700c	12	Free=     MB
0xc701c	5	Time:
0xc702c	4	MTC:
0xc7034	7	NOTE^ON
0xc703c	8	ONE^SHOT
0xc7048	4	MONO
0xc7050	4	POLY
0xc7078	7	     MB
0xc7084	8	ANALOG  
0xc7090	8	DIGITAL 
0xc709c	8	MAIN^OUT
0xc70a8	6	MONO L
0xc70b0	6	MONO R
0xc70b8	6	STEREO
0xc70c0	26	    JJ OS   Version 0.00  
0xc70dc	16	<<<<<<<<>>>>>>>>
0xc70f0	16	<<< CD Drive >>>
0xc7104	7	MPC2500
0xc7110	8	(unused)
0xc711c	10	0123456789
0xc715c	8	AUTOLOAD
0xc7168	8	Sequence
0xc7174	14	CLEAR PASSWORD
0xc7184	5	DO IT
0xc718c	6	CANCEL
0xc7194	18	          Clear !!
0xc71a8	8	(unused)
0xc71b4	32	ABCDEFGHIJKLMNOPQRSTUVWXYZ&#-!()
0xc71d8	9	MPC25_001
0xc71e8	10	 MMC STOP 
0xc71f4	10	 MMC PLAY 
0xc7200	11	 MMC START 
0xc720c	12	 MMC LOCATE 
0xc721c	19	    Accessing......
0xc7230	4	COPY
0xc7238	5	PASTE
0xc7240	6	DELETE
0xc7248	6	INSERT
0xc7254	6	CANCEL
0xc725c	5	C & P
0xc7264	5	ENTER
0xc7278	8	(unused)
0xc7284	4	Song
0xc728c	8	(unused)
0xc729c	7	Track01
0xc72b0	7	   .  .
0xc72b8	8	-   .  .
0xc72c8	9	<Hit pad>
0xc72d8	9	SINE WAVE
0xc7369	11	!(/5<CIPW]d
0xc7379	14	&,29?EKRX^dOFF
0xc7560	8	MTC SYNC
0xc756c	7	 RX MTC
0xc7574	7	 TX MTC
0xc757c	8	CLK SYNC
0xc7588	7	 RX CLK
0xc7590	7	 TX CLK
0xc7598	4	THRU
0xc75a0	26	Waiting for MIDI time code
0xc75bc	23	Waiting for MIDI 'Play'
0xc75d4	4	MTC 
0xc75e0	4	MThd
0xc75e8	4	MTrk
0xc75f4	5	LOOP=
0xc75fc	11	TRACK DATA:
0xc7608	7	MPC1000
0xc7610	7	MPC4000
0xc7618	9	MPC2000XL
0xc7624	7	MPC2000
0xc762c	4	MTrk
0xc7638	19	                *.*
0xc764c	14	ALL_SEQS&SONGS
0xc765c	15	EFFECT SETTINGS
0xc766c	9	Project01
0xc7678	10	NEW_FOLDER
0xc7688	5	MPC25
0xc76cc	73	%$*R(&.,0/-+17356EQPABLM8>?@IJG'49:;<=CDFHKNO#)2STUVWXYZ[\]^_`abProgram01
0xc771c	4	RIFF
0xc7724	7	APRGz48
0xc7730	8	(Unused)
0xc79b0	8	Effect01
0xc79cc	4	TEST
0xc79d4	5	01-60
0xc79dc	5	61-64
0xc79e4	26	Hold pads or keys to erase
0xc7a04	5	1/8-3
0xc7a0c	4	1/16
0xc7a14	6	1/16-3
0xc7a1c	4	1/32
0xc7a24	6	1/32-3
0xc7a2c	4	T.C.
0xc7a34	5	CLICK
0xc7a3c	4	TR -
0xc7a44	4	TR +
0xc7a4c	4	MUTE
0xc7a54	4	SOLO
0xc7a5c	4	Now:
0xc7a6c	5	Next:
0xc7a74	5	Loop:
0xc7a7c	5	(EXT)
0xc7a84	10	Tsig:  /  
0xc7a90	5	Bars:
0xc7a98	6	Tr:  -
0xc7aa0	8	(Unused)
0xc7ab0	5	Mute:
0xc7abc	4	Pgm:
0xc7acc	7	Pgm:No.
0xc7ad4	5	Midi:
0xc7adc	6	Level:
0xc7ae4	4	Pan:
0xc7af8	4	Out:
0xc7b04	5	Send:
0xc7b0c	11	Change bars
0xc7b18	14	Sequence Bars:
0xc7b28	14	Recorded Bars:
0xc7b38	31	Change into the recorded bars ?
0xc7b60	14	Program Change
0xc7b70	5	CLOSE
0xc7b78	12	Bank select:
0xc7b88	4	MSB:
0xc7b90	4	LSB:
0xc7b98	24	Transmit program changes
0xc7bb4	14	in this track:
0xc7bc4	10	Start Time
0xc7bd0	11	Start time:
0xc7bdc	12	  h  m  s  .
0xc7bf0	11	Frame rate:
0xc7bfc	16	Track Mute Event
0xc7c10	22	Use track mute events:
0xc7c30	13	<<< 00:00 >>>
0xc7c40	13	  [ 00:00 ]  
0xc7c88	11	MEMORY^CARD
0xc7c94	5	Load:
0xc7c9c	4	Card
0xc7ca4	10	Wave^Free=
0xc7cb0	10	Seq.^Free=
0xc7cbc	10	 HARD^DISK
0xc7cc8	4	HDD 
0xc7cd0	10	 INTERNAL 
0xc7cdc	8	CD-ROM  
0xc7ce8	8	CD-Audio
0xc7cf4	8	(      )
0xc7d00	11	CD(No disc)
0xc7d0c	4	LOAD
0xc7d14	4	SAVE
0xc7d20	6	A.LOAD
0xc7d28	5	DO IT
0xc7d38	4	PLAY
0xc7d40	4	STOP
0xc7d48	4	M25V
0xc7d50	7	MPC2500
0xc7d58	25	   Not MPC2500 OS file !!
0xc7d74	9	OS update
0xc7d80	31	This writes OS to Flash memory.
0xc7da0	31	   This process requires system
0xc7dc0	31	   restart. All memory contents
0xc7de0	18	   will be lost !!
0xc7df4	6	CANCEL
0xc7dfc	9	Completed
0xc7e08	26	Writing to Flash memory is
0xc7e24	26	completed.                
0xc7e40	32	Switch the unit off and back on.
0xc7e64	12	MPC2500 TEST
0xc7e74	12	OS-XL update
0xc7e84	34	This writes OS-XL to Flash memory.
0xc7ea8	15	Sample Exists!!
0xc7eb8	20	Sample name exists!!
0xc7ed0	18	Replace or rename?
0xc7ee4	5	Name:
0xc7eec	6	REPLAC
0xc7ef4	6	RENAME
0xc7efc	13	Assign to pad
0xc7f14	10	          
0xc7f20	14	Load a Program
0xc7f30	5	CLEAR
0xc7f38	16	Program Exists!!
0xc7f4c	21	Program name exists!!
0xc7f64	12	PROGRAM ONLY
0xc7f74	12	WITH SAMPLE 
0xc7f84	20	Replace same samples
0xc7f9c	10	in memory:
0xc7fa8	9	CAUTION!!
0xc7fb4	19	Pressing DO IT will
0xc7fc8	18	clear all programs
0xc7fdc	13	and samples!!
0xc7fec	15	Load a Sequence
0xc7ffc	10	Load into:
0xc8008	15	SEQUENCE MEMORY
0xc8018	21	Sequence memory full!
0xc8030	22	Memory required is 2.5
0xc8048	20	times the file size.
0xc8060	5	CLOSE
0xc8068	25	Load ALL(SEQS&SONGS) File
0xc8084	31	DO IT will replace all existing
0xc80a4	26	      sequence and songs!!
0xc80c0	31	  SEQ will load single sequence
0xc80e0	29	      from selected ALL file.
0xc8100	6	EFFECT
0xc8108	24	Load ALL(MPC2000XL) File
0xc8124	11	MPC1000 ALL
0xc8130	10	Load file:
0xc8140	18	Load a Effect File
0xc8154	11	Load Folder
0xc8160	29	Load all programs and samples
0xc8180	25	and ALL(SEQS&SONGS)files.
0xc819c	29	Replace same files in memory:
0xc81c0	21	clear entire memory!!
0xc81d8	20	Pressing DO IT will 
0xc81f0	19	clear entire memory
0xc8204	23	Load MPC2000XL Programs
0xc821c	26	    programs and samples!!
0xc8238	19	Access to:HARD DISK
0xc824c	21	Access to:MEMORY CARD
0xc8264	35	For Mac OS,please eject the mounted
0xc8288	33	disk on your Mac,before you leave
0xc82ac	10	this page.
0xc82b8	5	MOUNT
0xc82c0	11	Change Disk
0xc82cc	21	Access to:HARD DISK  
0xc82e4	27	Do 'Safely Remove Hardware'
0xc8300	24	on your PC before DO IT.
0xc831c	6	Option
0xc8324	6	FORMAT
0xc832c	28	Sample assign to pad Window:
0xc834c	21	<<<<< CAUTION!! >>>>>
0xc8364	20	 PRESSING DO IT WILL
0xc837c	18	 ERASE ALL FILES!!
0xc8390	21	     Formating.......
0xc83a8	8	AUTOLOAD
0xc83b4	9	Auto Load
0xc83c0	5	ENTER
0xc83cc	14	CD Load Option
0xc83dc	9	Rec.Mode:
0xc83e8	9	Rec.Name:
0xc83f4	5	Save:
0xc83fc	4	LOAD
0xc8404	4	SAVE
0xc8410	5	  NEW
0xc8418	5	DO IT
0xc8420	5	CLOSE
0xc8428	13	[MEMORY CARD]
0xc8438	13	[ HARD DISK ]
0xc8448	12	[ INTERNAL ]
0xc845c	12	[  CD      ]
0xc8474	12	   No disc  
0xc8484	11	Not CD-R/RW
0xc8490	11	   Closed  
0xc84a0	6	RENAME
0xc84a8	6	DELETE
0xc84b8	17	SAVE ALL PROGRAMS
0xc84cc	12	AND SAMPLES.
0xc84dc	18	SAVE ALL SEQUENCES
0xc84f0	16	AND SONGS.(Pack)
0xc8508	4	NAME
0xc8510	13	ALL^PROGRAMS.
0xc8520	12	ALL^SAMPLES.
0xc8530	20	ALL^SEQS&SONGS(Pack)
0xc8548	8	Property
0xc8554	5	Free:
0xc855c	7	-------
0xc8564	12	Free=   . MB
0xc8574	13	Free=      MB
0xc8584	6	FORMAT
0xc858c	5	ERASE
0xc8598	13	Delete Folder
0xc85a8	11	Delete File
0xc85b8	6	CANCEL
0xc85c0	7	CAUTION
0xc85c8	24	This will erase sequence
0xc85e4	20	data in the internal
0xc85fc	14	flash memory!!
0xc860c	23	SEQUENCES DATA IN FLASH
0xc8624	14	MEMORY WILL BE
0xc8634	10	REPLACED!!
0xc8640	19	This will erase all
0xc8654	20	programs and samples
0xc866c	21	in the internal flash
0xc8684	8	memory!!
0xc8690	22	ALL PROGRAMS & SAMPLES
0xc86a8	20	IN FLASH MEMORY WILL
0xc86c0	13	BE REPLACED!!
0xc86d0	13	CLOSE SESSION
0xc86e0	27	Pressing DO IT will make it
0xc86fc	27	readable by CD-PLAYER.     
0xc8718	23	NO FURTHER WRITING DISC
0xc8730	23	AFTER THIS OPERATION.  
0xc8748	11	ERASE CD-RW
0xc8754	25	Pressing DO IT will erase
0xc8770	25	CD-RW data.              
0xc878c	27	THIS OPERATION WILL TOTALLY
0xc87a8	16	WIPE THIS DISC!!
0xc87bc	4	COPY
0xc87c4	14	Pressing DO IT
0xc87d4	11	will INSERT
0xc87e0	11	blank bars.
0xc87ec	11	will DELETE
0xc87f8	14	selected bars!
0xc8808	6	EVENTS
0xc8810	4	BARS
0xc8818	6	TrMOVE
0xc8820	5	DO IT
0xc8828	5	Edit:
0xc8830	8	From sq:
0xc883c	6	To sq:
0xc8844	10	First bar:
0xc8850	10	After bar:
0xc885c	9	Last bar:
0xc8868	7	Copies:
0xc8870	6	SELECT
0xc8878	5	CLOSE
0xc8884	15	Number of bars:
0xc8894	18	Time signature:  /
0xc88a8	10	ALL EVENTS
0xc88b8	10	NOTES     
0xc88c8	10	PITCH BEND
0xc88d8	10	CTRL CHANG
0xc88e8	10	PRG CHANGE
0xc88f8	10	CH. PRESS 
0xc8908	10	POLY PRESS
0xc8918	10	EXCLUSIVE 
0xc8928	10	EFFECT    
0xc8938	10	TEMPO     
0xc8948	10	REAL TIME 
0xc8958	10	TRACK MUTE
0xc8968	5	TUNE 
0xc896f	5	CUT12
0xc8976	5	LEVEL
0xc897d	5	CUT1 
0xc8984	5	CUT2 
0xc898b	5	RES12
0xc8992	5	RES1 
0xc8999	5	RES2 
0xc89a0	5	PAN  
0xc89b0	26	Hold pads or keys to erase
0xc89cc	4	MOVE
0xc89d4	4	EDIT
0xc89dc	4	COPY
0xc89e4	5	PASTE
0xc89ec	4	T.C.
0xc89f4	5	TRACK
0xc89fc	6	DELETE
0xc8a04	6	INSERT
0xc8a0c	4	PLAY
0xc8a18	5	View:
0xc8a28	5	(   )
0xc8a4c	6	TUNE  
0xc8a54	9	CUTOFF1+2
0xc8a60	7	CUTOFF1
0xc8a68	7	CUTOFF2
0xc8a70	6	LEVEL 
0xc8a78	7	RESO1+2
0xc8a80	5	RESO1
0xc8a88	5	RESO2
0xc8aa8	15	POLY PRESSURE :
0xc8abc	14	PROGRAM CHANGE
0xc8acc	16	CHANNEL PRESSURE
0xc8ae0	24	PITCH BEND             :
0xc8afc	19	EXCLUSIVE     Bytes
0xc8b18	14	EFFECT SELECT:
0xc8b28	6	TRACK:
0xc8b30	5	MUTE:
0xc8b38	25	---- End of sequence ----
0xc8b54	7	EARLIER
0xc8b5c	7	LATER  
0xc8b64	10	ADD VALUE 
0xc8b6f	10	SUB VALUE 
0xc8b7a	10	MULTI VAL%
0xc8b85	10	SET TO VAL
0xc8b90	10	ADD VALUE 
0xc8b9b	10	SUB VALUE 
0xc8ba6	10	MULTI VAL%
0xc8bb1	10	SET TO VAL
0xc8bbc	5	Time:
0xc8bc4	6	Notes:
0xc8bcc	6	Start:
0xc8bd4	6	EVENTS
0xc8bdc	4	BARS
0xc8be4	6	TrMOVE
0xc8bec	5	DO IT
0xc8bf4	5	Edit:
0xc8bfc	8	From sq:
0xc8c0c	6	To sq:
0xc8c14	5	Mode:
0xc8c1c	7	Copies:
0xc8c24	6	SELECT
0xc8c2c	5	CLOSE
0xc8c34	8	Edit sq:
0xc8c40	6	Tr:  -
0xc8c4c	4	Pad:
0xc8c54	7	Amount:
0xc8c5c	19	(Except drum track)
0xc8c70	10	Direction:
0xc8c7c	6	Value:
0xc8c84	6	EVENTS
0xc8c8c	4	BARS
0xc8c94	6	TrMOVE
0xc8c9c	13	Reference sq:
0xc8cb0	6	SELECT
0xc8cb8	6	CANCEL
0xc8cc0	4	MOVE
0xc8cc8	18	Free sample memory
0xc8cdc	12	Memory     :
0xc8cec	12	Time MONO  :
0xc8cfc	12	Time STEREO:
0xc8d0c	11	Copy Sample
0xc8d18	4	COPY
0xc8d20	5	DO IT
0xc8d28	6	CANCEL
0xc8d30	7	Sample:
0xc8d38	9	New name:
0xc8d44	13	Delete Sample
0xc8d54	7	Sample=
0xc8d5c	25	Pressing DO IT will erase
0xc8d78	13	this sample!!
0xc8d8c	18	Delete ALL Samples
0xc8da0	14	Pressing DO IT
0xc8db0	14	will erase ALL
0xc8dc0	9	samples!!
0xc8dcc	11	Sample list
0xc8ddc	6	DELETE
0xc8de4	6	RENAME
0xc8dec	5	CLOSE
0xc8df4	6	SELECT
0xc8dfc	4	FREE
0xc8e04	4	(ST)
0xc8e0c	4	LOOP
0xc8e14	8	(STEREO)
0xc8e20	8	( MONO )
0xc8e2c	5	Z.OUT
0xc8e34	4	Z.IN
0xc8e3c	4	CHOP
0xc8e44	5	TEMPO
0xc8e4c	5	JOINT
0xc8e54	4	EDIT
0xc8e6c	4	End:
0xc8e7c	5	Joint
0xc8e84	6	Option
0xc8e8c	23	Loop^point=Start^point:
0xc8ea4	10	OFF       
0xc8eaf	10	LOW  PASS 
0xc8eba	10	BAND PASS 
0xc8ec5	10	HIGH PASS 
0xc8ed0	10	LOW PASS 2
0xc8edc	4	: 0 
0xc8ee1	4	:-6 
0xc8ee6	4	:-12
0xc8eec	10	OFF       
0xc8ef7	10	LOW  PASS 
0xc8f02	10	BAND PASS 
0xc8f0d	10	HIGH PASS 
0xc8f18	10	LOW PASS 2
0xc8f23	10	LINK      
0xc8f30	4	POLY
0xc8f35	4	MONO
0xc8f3c	4	POLY
0xc8f41	4	MONO
0xc8f48	9	TRIANGLE 
0xc8f53	9	SINE     
0xc8f5e	9	SQUARE   
0xc8f69	9	SAW      
0xc8f74	9	SAW DOWN 
0xc8f7f	9	RANDOM   
0xc8f8c	4	Pgm:
0xc8f94	4	Pad:
0xc8fa4	4	Tune
0xc8fac	5	Range
0xc8fb4	6	SAMPLE
0xc8fbc	6	FILTER
0xc8fc4	6	PARAMS
0xc8fcc	4	NOTE
0xc8fd8	5	PURGE
0xc8ff0	5	Type:
0xc8ff8	5	Freq:
0xc9000	5	Reso:
0xc900c	10	Frequency:
0xc9018	10	Resonance:
0xc9024	4	EDIT
0xc902c	5	Play:
0xc9034	14	Voice overlap:
0xc9044	11	Mute group:
0xc9050	12	Mute target:
0xc9068	4	BANK
0xc9070	4	GM2=
0xc9078	5	RESET
0xc9084	17	Reset All Assigns
0xc9098	24	Reset all note assign to
0xc90b4	14	default setup.
0xc90c4	6	CANCEL
0xc90cc	5	DO IT
0xc90d4	13	Purge Samples
0xc90e4	25	Pressing DO IT will erase
0xc9100	23	all samples not used in
0xc9118	23	any programs in memory.
0xc9130	20	    samples not used
0xc9148	5	Depth
0xc9150	5	Wave:
0xc9158	11	Rate :  .  
0xc9164	11	Delay:  .  
0xc9170	8	Pitch  :
0xc917c	8	Filter1:
0xc9188	8	Filter2:
0xc9194	6	Level:
0xc919c	15	Pad Sample Edit
0xc91ac	5	TEMPO
0xc91b4	5	Edit:
0xc91bc	11	TIMESTRETCH
0xc91c8	4	Pad=
0xc91d0	15	Original tempo:
0xc91e0	4	New:
0xc91e8	7	Preset:
0xc91f0	6	Adjst:
0xc91f8	11	PITCH SHIFT
0xc9204	6	Pitch:
0xc920c	13	Keep or retry
0xc921c	27	  KEEP:Keeps as new sample.
0xc9238	27	OVER W:Overwrites original.
0xc9254	4	PLAY
0xc925c	6	OVER W
0xc9264	5	RETRY
0xc926c	4	KEEP
0xc9274	11	New sample:
0xc9280	4	MIDI
0xc9288	4	SYNC
0xc9290	4	NOTE
0xc9298	22	SCREEN COPY MODE ON !!
0xc92b0	29	Active track receive channel:
0xc92d4	10	Soft thru:
0xc92e0	34	Sequence change by program change:
0xc9304	22	Pad to internal sound:
0xc931c	9	Sync in :
0xc9328	7	(Slave)
0xc9330	9	Sync out:
0xc933c	8	(Master)
0xc9348	7	(Master
0xc9350	5	Mode:
0xc9358	12	Receive MMC:
0xc9368	9	Send MMC:
0xc9374	11	Frame rate:
0xc9384	4	BANK
0xc938c	4	GM2=
0xc9394	5	RESET
0xc939c	14	Default assign
0xc93b0	17	Reset All Assigns
0xc93c4	24	Reset all note assign to
0xc93e0	14	default setup.
0xc93f0	6	CANCEL
0xc93f8	5	DO IT
0xc9400	4	Step
0xc9408	8	Sequence
0xc9414	4	Reps
0xc941c	5	Tempo
0xc9424	4	Bars
0xc942c	6	CONVRT
0xc9434	6	DELETE
0xc943c	6	INSERT
0xc9444	6	SUDDEN
0xc944c	4	NEXT
0xc9458	4	Now:
0xc9464	5	Song:
0xc946c	13	(end of song)
0xc947c	4	HOLD
0xc9484	5	L/PAN
0xc948c	5	L/OUT
0xc9494	6	FXSEND
0xc949c	5	SETUP
0xc94a4	5	INPUT
0xc94ac	5	GO2FX
0xc94bc	19	Record mix changes:
0xc9550	11	Time:  m  s
0xc955c	10	CD Control
0xc9568	26	<<STEP>> <<BAR>> STOP PLAY
0xc9584	6	Track=
0xc958c	6	Left :
0xc9594	6	Right:
0xc959c	11	Level Meter
0xc95a8	10	RESET PEAK
0xc95b4	6	RECORD
0xc95bc	26	Waiting for input signal..
0xc95d8	6	CANCEL
0xc95e0	5	START
0xc95e8	11	Recording..
0xc95f4	4	STOP
0xc95fc	6	Input:
0xc9604	8	ANALOG  
0xc9610	8	DIGITAL 
0xc961c	8	MAIN OUT
0xc9628	8	CD      
0xc9634	5	Mode:
0xc963c	8	Monitor:
0xc9650	10	Threshold:
0xc9660	6	Track:
0xc9668	13	Sample Memory
0xc9678	24	Free memory(time)=  m  s
0xc9694	20	        MB installed
0xc96ac	5	CLOSE
0xc96b4	13	Keep or Retry
0xc96c4	5	RETRY
0xc96cc	4	PLAY
0xc96d4	4	KEEP
0xc96dc	9	New name:
0xc96e8	14	Assign to pad:
0xc96f8	13	Record event:
0xc9708	8	Sample01
0xc9714	6	Take01
0xc971c	9	 Time=  :
0xc9728	24	      Disc not ready    
0xc9744	24	          Ready         
0xc9764	4	BANK
0xc976c	5	=MUTE
0xc977c	4	MUTE
0xc9784	5	CLEAR
0xc978c	6	UNSOLO
0xc9794	4	SOLO
0xc97a4	4	BANK
0xc97ac	6	SUDDEN
0xc97b4	4	HOLD
0xc97bc	5	CLEAR
0xc97d8	5	ALL R
0xc97e0	5	RESET
0xc97e8	8	FILTER  
0xc97f4	15	Assign Pad:   -
0xc9804	4	IN  
0xc980c	15	TRACK^(All^Pad)
0xc981c	7	Change:
0xc9824	9	NOTE ON  
0xc9830	9	REAL TIME
0xc983c	10	Parameter:
0xc9848	11	High range:
0xc9854	11	 Low range:
0xc9860	6	SELECT
0xc9870	6	MASTER
0xc9878	6	GO2MIX
0xc9880	7	Eff:  -
0xc9888	9	FX1 type:
0xc9894	13	Select Effect
0xc98a4	6	CANCEL
0xc98ac	9	  To FX2:
0xc98b8	5	Send:
0xc98c0	9	FX2 type:
0xc98cc	6	BYPASS
0xc98d4	16	Slow sweep rate:
0xc98e8	6	Depth:
0xc98f0	15	L/R sweep sync:
0xc9900	13	Vibrato rate:
0xc9910	9	Feedback:
0xc991c	10	Time:  .  
0xc9928	5	Time:
0xc9930	8	HF damp:
0xc993c	6	Level:
0xc9944	8	Sq sync:
0xc9950	5	Mode:
0xc9958	4	PAN 
0xc9960	4	MONO
0xc9968	6	Width:
0xc9970	4	Pan:
0xc9984	26	Low    Mid2    Mid1   High
0xc99a0	28	Freq.:      :       :      :
0xc99c0	28	 Gain:      :       :      :
0xc99e0	21	           Q:      Q:
0xc99f8	10	Threshold:
0xc9a04	5	Gain:
0xc9a0c	10	Ratio:  :1
0xc9a18	7	Attack:
0xc9a20	8	Release:
0xc9a2c	10	Rate:  .  
0xc9a38	5	Rate:
0xc9a40	7	Invert:
0xc9a48	9	Seq sync:
0xc9a54	11	Sweep rate:
0xc9a60	10	Mid point:
0xc9a6c	11	Offset L/R:
0xc9a78	15	L/R Sweep sync:
0xc9a88	16	Sweep rate:  .  
0xc9a9c	16	Sweep curve bend
0xc9ab4	8	Pan low:
0xc9ac0	13	Input filter:
0xc9ad0	8	HF Damp:
0xc9adc	13	Reverb Level:
0xc9aec	6	SELECT
0xc9afc	6	MASTER
0xc9b04	6	GO2MIX
0xc9b0c	6	BYPASS
0xc9b28	11	Compressor:
0xc9b34	10	Threshold:
0xc9b40	5	Gain:
0xc9b48	10	Ratio:  :1
0xc9b54	7	Attack:
0xc9b5c	6	Decay:
0xc9b64	6	GLOBAL
0xc9b6c	5	MISC.
0xc9b74	6	FOOTSW
0xc9b80	6	P.MODE
0xc9b8c	13	Master level:
0xc9b9c	16	Data Wheel Type:
0xc9bb8	26	Sustain pedal to duration:
0xc9bd4	18	Truncate duration:
0xc9be8	12	Tap average:
0xc9bfc	29	Mute/stop of one-shot sample:
0xc9c1c	9	IMMEDIATE
0xc9c28	8	THROUGH 
0xc9c34	13	Footswitch 1:
0xc9c44	13	Footswitch 2:
0xc9c54	4	Pad=
0xc9c5c	8	Velocity
0xc9c6c	16	Pad sensitivity:
0xc9c80	15	Velocity curve:
0xc9c90	15	PLAYER-1 000000
0xc9ca0	15	PLAYER-2 000000
0xc9cb0	17	HIGH SCORE 295670
0xc9cc4	20	<<< GAME^OVER^!! >>>
0xc9cdc	34	It stops now.  To be continued....
0xc9d00	13	Insert Coin !
0xc9d10	13	             
0xc9d24	13	GAME START ! 
0xc9d34	24	======= PAD TEST =======
0xc9d60	6	VLO255
0xc9d68	5	AFTER
0xc9d70	6	VLOCTY
0xc9d78	11	Change Bars
0xc9d84	26	Current=     >   New bars:
0xc9da0	28	Pressing DO IT will truncate
0xc9dc0	11	last bars!!
0xc9dcc	29	Pressing DO IT will add blank
0xc9dec	20	bars after last bar.
0xc9e04	6	CANCEL
0xc9e0c	5	DO IT
0xc9e14	4	Loop
0xc9e1c	5	First
0xc9e28	4	Last
0xc9e30	14	Number of bars
0xc9e40	5	CLOSE
0xc9e48	11	First bar :
0xc9e54	11	 Last bar :
0xc9e64	15	Number of bars:
0xc9e74	7	CLICK :
0xc9e7e	7	INTER.:
0xc9e88	7	SAMPLE:
0xc9e94	7	CLICK :
0xc9e9e	7	INTER.:
0xc9ea8	7	SAMPLE:
0xc9eb4	15	Click/Metronome
0xc9ec4	5	CLOSE
0xc9ecc	9	Count in:
0xc9ed8	8	In play:
0xc9ee4	5	Rate:
0xc9eec	8	In rec :
0xc9ef8	7	Accent:
0xc9f08	7	Normal:
0xc9f10	17	END OF SEQUENCE  
0xc9f22	17	IMMEDIATELY START
0xc9f34	17	IMMEDIATELY PLAY 
0xc9f48	8	Sequence
0xc9f54	6	DELETE
0xc9f5c	6	DEFALT
0xc9f64	5	CLOSE
0xc9f6c	4	COPY
0xc9f74	14	Sequence name:
0xc9f84	14	Next sequence:
0xc9f94	16	Sequence Default
0xc9fa8	6	CANCEL
0xc9fb0	5	ENTER
0xc9fb8	6	Name :
0xc9fc0	6	Tempo:
0xc9fc8	6	Bars :
0xc9fd0	13	Copy Sequence
0xc9fe0	6	PARAMS
0xc9fe8	5	DO IT
0xc9ff4	15	Delete Sequence
0xca004	25	Pressing DO IT will erase
0xca020	15	this sequence!!
0xca030	6	ALL SQ
0xca038	20	Delete ALL Sequences
0xca050	14	Pressing DO IT
0xca060	14	will erase ALL
0xca070	11	sequences!!
0xca07c	12	User Default
0xca08c	28	Pressing DO IT will memorize
0xca0ac	26	setups of this sequence as
0xca0c8	27	default setup in .ALL file.
0xca0e4	17	Step Edit Options
0xca0f8	5	CLOSE
0xca100	20	Auto step increment:
0xca118	27	Duration of recorded notes:
0xca134	12	Insert Event
0xca144	5	Type:
0xca14c	5	DO IT
0xca154	20	Edit Exclusive Event
0xca16c	6	F7 EOX
0xca174	4	SEND
0xca17c	10	Move Event
0xca188	14	Time=   .  .  
0xca198	8	Move to:
0xca1b8	7	OFF    
0xca1c0	7	Q-LINK1
0xca1c8	7	Q-LINK2
0xca1d0	7	Q-LINK3
0xca1d8	7	Q-LINK4
0xca1e0	7	OFF    
0xca1e8	7	Q-LINK1
0xca1f0	7	Q-LINK2
0xca1f8	7	Q-LINK3
0xca200	7	Q-LINK4
0xca208	14	Timing Correct
0xca218	29	Pressing FIX will change note
0xca238	25	timing of recorded notes.
0xca254	6	Q-LINK
0xca25c	5	CLOSE
0xca268	11	Note^value:
0xca274	7	Swing%:
0xca27c	13	Shift^Timing:
0xca28c	9	(LATER)  
0xca298	9	(EARLIER)
0xca2a4	5	Time:
0xca2ac	5	Note:
0xca2b4	31	Pressing DO IT will change note
0xca2d4	19	timing permanently!
0xca2e8	5	DO IT
0xca2f0	6	CANCEL
0xca2f8	11	Note value:
0xca304	6	Q-Link
0xca30c	6	Swing:
0xca314	6	Shift:
0xca330	12	Tempo Change
0xca340	4	EDIT
0xca348	5	CLOSE
0xca354	13	Tempo change:
0xca364	7	Q-Link:
0xca36c	19	Q-Link Range L:   %
0xca380	6	H:   %
0xca388	9	Fix Tempo
0xca394	9	Fix tempo
0xca3a0	29	Pressing DO IT will fix tempo
0xca3c0	17	of all sequences.
0xca3d4	5	DO IT
0xca3dc	6	CANCEL
0xca3e4	5	Track
0xca3ec	6	DELETE
0xca3f4	5	CLOSE
0xca3fc	4	COPY
0xca404	11	Track name:
0xca410	14	 Default name:
0xca420	12	Delete Track
0xca430	6	Tr:  -
0xca438	25	Pressing DO IT will erase
0xca454	12	this track!!
0xca464	6	ALL TR
0xca46c	6	CANCEL
0xca474	5	DO IT
0xca47c	17	Delete ALL Tracks
0xca490	14	Pressing DO IT
0xca4a0	14	will erase ALL
0xca4b0	8	tracks!!
0xca4bc	10	Copy Track
0xca4cc	11	Audio Track
0xca4d8	4	FREE
0xca4e0	10	Program  :
0xca4f4	10	Rec.input:
0xca500	10	Rec.mode :
0xca50c	10	Rec.name :
0xca518	11	Change Tsig
0xca524	6	CANCEL
0xca52c	5	DO IT
0xca534	4	Song
0xca53c	6	DELETE
0xca544	5	CLOSE
0xca54c	4	COPY
0xca554	10	Song name:
0xca560	9	Copy Song
0xca56c	5	DO IT
0xca574	6	CANCEL
0xca57c	5	Song:
0xca584	11	Delete Song
0xca590	25	Pressing DO IT will erase
0xca5ac	11	this song!!
0xca5b8	6	ALL SG
0xca5c0	16	Delete ALL Songs
0xca5d4	14	Pressing DO IT
0xca5e4	14	will erase ALL
0xca5f4	7	songs!!
0xca5fc	12	Tempo Change
0xca60c	26	Ignore tempo change events
0xca628	12	in sequence:
0xca63c	9	Fix Tempo
0xca648	9	Fix tempo
0xca654	29	Pressing DO IT will fix tempo
0xca674	28	of sequences this song used.
0xca694	19	Convert Song to Seq
0xca6a8	10	From Song:
0xca6b4	12	To Sequence:
0xca6c4	13	Track status:
0xca6d4	20	REFERENCED TO 1ST SQ
0xca6ec	20	MUTE TRACKS IGNORED 
0xca704	20	MERGE ON MIDI CH    
0xca71c	7	Program
0xca724	6	DELETE
0xca730	5	CLOSE
0xca738	4	COPY
0xca744	13	Program name:
0xca754	20	Midi program change:
0xca76c	11	New Program
0xca778	9	New name:
0xca784	6	CANCEL
0xca78c	5	DO IT
0xca794	12	Copy Program
0xca7a4	4	Pgm:
0xca7ac	14	Delete Program
0xca7bc	25	Pressing DO IT will erase
0xca7d8	14	this program!!
0xca7e8	6	ALL PG
0xca7f0	19	Delete ALL Programs
0xca804	14	Pressing DO IT
0xca814	14	will erase ALL
0xca824	11	programs!!!
0xca830	9	Play Mode
0xca83c	5	Layer
0xca844	8	NOTE ON 
0xca850	8	ONE SHOT
0xca85c	12	Amp Envelope
0xca86c	8	Pad:   -
0xca878	7	Attack:
0xca880	7	Decay :
0xca888	7	Dcy md:
0xca890	5	START
0xca898	5	END  
0xca8a4	7	Start :
0xca8ac	7	Level :
0xca8b4	14	Pitch Envelope
0xca8c4	5	Time:
0xca8cc	7	Amount:
0xca8d4	6	Time :
0xca8dc	6	Pitch:
0xca8e4	12	Zoon Control
0xca8f4	15	Overlap x-fade:
0xca904	15	Filter Envelope
0xca914	7	Filter:
0xca91c	6	Freq :
0xca924	16	Pitch Modulation
0xca938	4	AUTO
0xca940	7	Pitch :
0xca948	8	Copy Pad
0xca954	4	Pad:
0xca95c	21	Auto Chromatic Assign
0xca974	14	Source:  /   -
0xca988	16	Original key:  /
0xca99c	5	Tune:
0xca9a4	13	New PGM name:
0xca9b4	13	File Exists!!
0xca9c4	18	File name exists!!
0xca9d8	18	Replace or rename?
0xca9ec	5	Name:
0xca9f4	6	REPLAC
0xca9fc	6	CANCEL
0xcaa04	6	RENAME
0xcaa0c	15	Save a Sequence
0xcaa1c	4	Type
0xcaa28	23	[SEQ] Save with MPC2500
0xcaa40	23	      specific events. 
0xcaa58	29	[MID] MPC2500 specific events
0xcaa78	15	      are lost.
0xcaa88	5	DO IT
0xcaa90	14	Save a Program
0xcaaa4	5	Save:
0xcaaac	12	PROGRAM ONLY
0xcaabc	12	WITH SAMPLES
0xcaacc	21	Replace same samples:
0xcaae4	21	Save ALL Seqs & Songs
0xcaafc	10	File name:
0xcab0c	17	Save ALL Programs
0xcab28	16	Make new folder:
0xcab3c	12	Folder name:
0xcab4c	19	Replace same files:
0xcab60	18	Save Entire Memory
0xcab74	36	<Same^Seqs&Songs^is^always^replaced.
0xcab9c	6	A.LOAD
0xcaba8	13	Project name:
0xcabb8	18	Replace same file:
0xcabcc	13	Folder Exists
0xcabdc	20	     Folder exists!!
0xcabf4	28	Pressing REPLAC will replace
0xcac14	16	existing folder.
0xcac28	19	Save Auto load File
0xcac3c	24	Pressing DO IT will save
0xcac58	14	AUTOLOAD file.
0xcac68	8	AUTOLOAD
0xcac74	22	Autoload Folder Exists
0xcac8c	26	  AUTOLOAD folder exists!!
0xcaca8	25	existing AUTOLOAD folder.
0xcacc4	10	Effect Set
0xcacd0	5	RESET
0xcacd8	5	CLOSE
0xcace0	4	COPY
0xcace8	12	Effect name:
0xcacf8	11	Copy Effect
0xcad04	5	DO IT
0xcad0c	6	CANCEL
0xcad14	7	Eff:  -
0xcad1c	20	Reset Effect Setting
0xcad34	25	Pressing DO IT will reset
0xcad50	21	this effect setting!!
0xcad6c	4	FX1:
0xcad7c	6	MASTER
0xcad84	4	FX2:
0xcad8c	11	ALL EVENTS 
0xcad9c	11	NOTE ONLY  
0xcadac	11	EXCEPT NOTE
0xcadbc	11	PITCH BEND 
0xcadcc	11	CTRL CHANG 
0xcaddc	11	PRG CHANGE 
0xcadec	11	CH. PRESS  
0xcadfc	11	POLY PRESS 
0xcae0c	11	EXCLUSIVE  
0xcae1c	11	EFFECT     
0xcae2c	11	TEMPO      
0xcae3c	11	REAL TIME  
0xcae4c	11	TRACK MUTE 
0xcae5c	5	ALL  
0xcae63	5	TUNE 
0xcae6a	5	CUT12
0xcae71	5	LEVEL
0xcae78	5	CUT1 
0xcae7f	5	CUT2 
0xcae86	5	RES12
0xcae8d	5	RES1 
0xcae94	5	RES2 
0xcae9b	5	PAN  
0xcaea4	5	Erase
0xcaeac	5	Time:
0xcaeb4	5	Note:
0xcaebc	5	CLOSE
0xcaec4	5	DO IT
0xcaecc	6	Tr:  -
0xcaed4	10	ALL TRACKS
0xcaee0	6	Erase:
0xcaef0	5	(   )
0xcaef8	5	TRACK
0xcaf32	27	AKAI Professional M.I. Corp
0xcaf4e	7	MPC2500
0xcaf56	8	00000000
0xcaf78	28	MPC2500 Memory Card     1.00
0xcaf9c	36	MPC2500 Hard Disk       1.00Sequence
0xcafc4	24	Internal memory erasing 
0xcafe0	24	Internal memory writing 
0xcaffc	20	Loading program.....
0xcb014	20	Loading sample......
0xcb02c	14	ALL_SEQS&SONGS
0xcb03c	16	Loading sequence
0xcb05c	21	   Flash ROM erasing 
0xcb074	21	   Flash ROM Writing 
0xcb0d2	81	 !"$%'()+,-/01345789:;=>?@BCDEFGHJKLMNOPQRTUVWXYZ[\]^_`abcdefghijkklmnopqrstuuvwx
0xcb128	4	RIFF
0xcb130	4	WAVE
0xcb138	4	fmt 
0xcb144	11	MPC1000 SEQ
0xcb158	11	MPC1000 ALL
0xcb164	8	(unused)
0xcb178	7	MPC1000
0xcb180	4	1.00
0xcb190	8	(Unused)
0xcb1a4	11	MPC2KXL ALL
0xcb1bc	16	MPC1000 SEQ 1.00
0xcb1dc	16	MPC1000 ALL 1.00
0xcb1f0	16	MPC1000 PGM 1.01
0xcb208	4	.ALL
0xcb210	4	.PGM
0xcb218	4	.WAV
0xcb228	16	Assign 16 Levels
0xcb23c	6	CANCEL
0xcb244	6	TurnOn
0xcb24c	8	Pad:   -
0xcb258	5	Type:
0xcb260	17	Original key pad:
0xcb358	10	Desktop DB
0xcb364	10	Desktop DF
0xcb370	10	FINDER.DAT
0xcb37c	23	TheVolumeSettingsFolder
0xcb404	7	AVolume
0xcb40c	12	AFat12Volume
0xcb41c	12	AFat16Volume
0xcb42c	12	AFat32Volume
0xcb43c	8	MSDOS5.0
0xcb448	11	MPC2500DISK
0xcb454	8	FAT12   
0xcb460	8	FAT16   
0xcb46c	8	FAT32   
0xcb56c	8	AStorage
0xcb578	13	ACompactFlash
0xcb588	9	AHardDisk
0xcbc54	14	FEM VOX      A
0xcbc64	14	FEM VOX      B
0xcbc74	14	FEM VOX      C
0xcbc84	14	MALE VOX     A
0xcbc94	14	MALE VOX     B
0xcbca4	14	MALE VOX     C
0xcbcb4	14	LOW MALE VOX A
0xcbcc4	14	LOW MALE VOX B
0xcbcd4	14	LOW MALE VOX C
0xcbce4	14	VOCAL        A
0xcbcf4	14	VOCAL        B
0xcbd04	14	VOCAL        C
0xcbd14	14	HFREQ RHYTHM A
0xcbd24	14	HFREQ RHYTHM B
0xcbd34	14	HFREQ RHYTHM C
0xcbd44	14	MFREQ RHYTHM A
0xcbd54	14	MFREQ RHYTHM B
0xcbd64	14	MFREQ RHYTHM C
0xcbd74	14	LFREQ RHYTHM A
0xcbd84	14	LFREQ RHYTHM B
0xcbd94	14	LFREQ RHYTHM C
0xcbda4	14	PERCUSSION   A
0xcbdb4	14	PERCUSSION   B
0xcbdc4	14	PERCUSSION   C
0xcbdd4	14	LFREQ PERC.  A
0xcbde4	14	LFREQ PERC.  B
0xcbdf4	14	LFREQ PERC.  C
0xcbe04	14	STACCATO     A
0xcbe14	14	STACCATO     B
0xcbe24	14	STACCATO     C
0xcbe34	14	LFREQ SLOW   A
0xcbe44	14	LFREQ SLOW   B
0xcbe54	14	LFREQ SLOW   C
0xcbe64	14	MUSIC 1      A
0xcbe74	14	MUSIC 1      B
0xcbe84	14	MUSIC 1      C
0xcbe94	14	MUSIC 2      A
0xcbea4	14	MUSIC 2      B
0xcbeb4	14	MUSIC 2      C
0xcbec4	14	MUSIC 3      A
0xcbed4	14	MUSIC 3      B
0xcbee4	14	MUSIC 3      C
0xcbef4	14	SOFT PERC.   A
0xcbf04	14	SOFT PERC.   B
0xcbf14	14	SOFT PERC.   C
0xcbf24	14	HFREQ ORCH.  A
0xcbf34	14	HFREQ ORCH.  B
0xcbf44	14	HFREQ ORCH.  C
0xcbf54	14	LFREQ ORCH.  A
0xcbf64	14	LFREQ ORCH.  B
0xcbf74	14	LFREQ ORCH.  C
0xcbf84	14	SLOW ORCH.   A
0xcbf94	14	 SLOW ORCH.  B
0xcbfa4	14	SLOW ORCH.   C
0xcbfd4	10	Move Event
0xcbfe0	14	Time=   .  .  
0xcbff0	8	Move to:
0xcbffc	5	CLOSE
0xcc004	5	DO IT
0xcc00c	12	GRID Options
0xcc01c	11	Step sound:
0xcc028	11	Duration  :
0xcc034	22	Auto step increment  :
0xcc04c	4	T.C.
0xcc054	5	CLICK
0xcc05c	5	PASTE
0xcc064	7	LOOP ON
0xcc06c	8	LOOP OFF
0xcc078	36	<<<  Hold pads or keys to erase  >>>
0xcc0a4	6	1/8(3)
0xcc0ac	4	1/16
0xcc0b4	7	1/16(3)
0xcc0bc	4	1/32
0xcc0c4	7	1/32(3)
0xcc0cc	5	TRACK
0xcc0d4	5	EVENT
0xcc0dc	5	16PAD
0xcc0e4	4	MUTE
0xcc0ec	4	SOLO
0xcc0f4	4	COPY
0xcc0fc	6	DELETE
0xcc104	4	MOVE
0xcc10c	4	PLAY
0xcc114	4	TIME
0xcc11c	7	Q-VALUE
0xcc124	8	DURATION
0xcc130	8	VELOCITY
0xcc13c	5	(EXT)
0xcc144	7	Swing%:
0xcc14c	6	Shift:
0xcc158	6	TRACK-
0xcc160	6	TRACK+
0xcc168	14	Timing Correct
0xcc178	6	CANCEL
0xcc180	13	Shift^Timing:
0xcc190	9	(LATER)  
0xcc19c	9	(EARLIER)
0xcc1a8	11	Note^value:
0xcc1b4	4	BANK
0xcc1bc	32	     Track     :    Program     
0xcc1e0	6	DEFALT
0xcc1e8	8	(Unused)
0xcc200	14	 Track Default
0xcc210	28	Pressing DO IT will memorize
0xcc230	25	setups of these tracks as
0xcc24c	27	default setup in .ALL file.
0xcc268	25	Sequence            Bars 
0xcc294	6	Events
0xcc29c	5	CLOSE
0xcc2a8	5	(   )
0xcc2d0	4	T.C.
0xcc2d8	5	CLICK
0xcc2e0	5	PASTE
0xcc2e8	36	<<<  Hold pads or keys to erase  >>>
0xcc314	6	1/8(3)
0xcc31c	4	1/16
0xcc324	7	1/16(3)
0xcc32c	4	1/32
0xcc334	7	1/32(3)
0xcc33c	5	TRACK
0xcc344	4	MUTE
0xcc34c	4	SOLO
0xcc354	4	COPY
0xcc35c	6	DELETE
0xcc364	4	MOVE
0xcc36c	4	BANK
0xcc374	7	ANALOG 
0xcc37c	7	DIGITAL
0xcc3c0	10	OFF       
0xcc3cb	10	LOW  PASS 
0xcc3d6	10	BAND PASS 
0xcc3e1	10	HIGH PASS 
0xcc3ec	10	LOW PASS 2
0xcc3f8	4	: 0 
0xcc3fd	4	:-6 
0xcc402	4	:-12
0xcc408	10	OFF       
0xcc413	10	LOW  PASS 
0xcc41e	10	BAND PASS 
0xcc429	10	HIGH PASS 
0xcc434	10	LOW PASS 2
0xcc43f	10	LINK      
0xcc454	5	L/PAN
0xcc45c	5	L/OUT
0xcc464	6	FXSEND
0xcc46c	5	SETUP
0xcc474	5	INPUT
0xcc47c	5	GO2FX
0xcc484	11	Input thru:
0xcc490	7	source:
0xcc498	5	Mode:
0xcc4a0	6	Level:
0xcc4a8	4	Pan:
0xcc4c0	5	Send:
0xcc4c8	4	Out:
0xcc4d0	5	Type:
0xcc4d8	5	Freq:
0xcc4e0	5	Reso:
0xcc4f0	10	Frequency:
0xcc4fc	10	Resonance:
0xcc508	5	CD001
0xcc514	7	Track  
0xcc524	8	????????
0xcc530	12	16byte Packt
0xcc540	6	Locate
0xcc548	8	Locate1:
0xcc554	8	Locate2:
0xcc560	8	Locate3:
0xcc56c	6	CAPTUR
0xcc574	5	CLOSE
0xcc57c	5	GO TO
0xcc584	6	Go to:
0xcc5a0	6	Sample
0xcc5a8	4	Tune
0xcc5b0	9	PLAY MODE
0xcc5bc	7	OVERLAP
0xcc5c4	4	FLT1
0xcc5cc	4	FRQ1
0xcc5d4	4	RES1
0xcc5dc	4	FLT2
0xcc5e4	4	FRQ2
0xcc5ec	4	RES2
0xcc5f4	4	LEVL
0xcc608	4	SEND
0xcc610	5	WHOLE
0xcc618	4	Pgm:
0xcc638	5	CLOSE
0xcc640	6	MASTER
0xcc65c	11	Compressor:
0xcc668	6	Thre.:
0xcc670	6	Gain :
0xcc678	10	Ratio:  :1
0xcc684	4	Atk:
0xcc68c	4	Dcy:
0xcc694	7	Convert
0xcc69c	26	Convert to patched phrase.
0xcc6b8	6	CANCEL
0xcc6c0	5	DO IT
0xcc6c8	8	Release:
0xcc6d4	15	Original tempo:
0xcc6e4	26	Convert to sliced samples.
0xcc700	19	Create new program:
0xcc714	26	   Sample is too short !! 
0xcc730	5	Z.OUT
0xcc738	4	Z.IN
0xcc740	6	DIVIDE
0xcc748	4	EDIT
0xcc758	9	Slice:  .
0xcc764	4	AUTO
0xcc76c	4	End:
0xcc774	7	Extract
0xcc77c	11	New sample:
0xcc788	31	[F2] Convert to SLICED SAMPLES.
0xcc7a8	31	[F3] Convert to PATCHED PHRASE.
0xcc7d0	28	   A region is too short !! 
0xcc7f0	10	Auto Slice
0xcc7fc	14	Recovery time:
0xcc80c	10	Threshold:
0xcc818	4	1/4 
0xcc81d	4	1/8 
0xcc822	4	1/16
0xcc828	11	Sample Edit
0xcc834	12	Edit:DISCARD
0xcc848	23	DO IT will discard data
0xcc860	21	outside of selection.
0xcc878	6	CANCEL
0xcc880	5	DO IT
0xcc888	5	Edit:
0xcc890	7	EXTRACT
0xcc898	11	New sample:
0xcc8a4	11	Edit:DELETE
0xcc8b0	26	DO IT will delete section.
0xcc8cc	12	Edit:SILENCE
0xcc8dc	27	DO IT will silence section.
0xcc8f8	14	Edit:NORMALIZE
0xcc908	12	Edit:REVERSE
0xcc918	27	Pressing DO IT will execute
0xcc934	18	the selected edit.
0xcc948	5	TEMPO
0xcc950	11	TIMESTRETCH
0xcc95c	15	Original tempo:
0xcc96c	4	New:
0xcc974	7	Preset:
0xcc97c	6	Adjst:
0xcc984	12	Detect Tempo
0xcc994	23	Press DO IT will detect
0xcc9ac	25	sample tempo and enter to
0xcc9c8	19	current tempo find.
0xcc9dc	29	[ AUTO ] Automatic detection.
0xcc9fc	30	[MANUAL] From sample START,END
0xcca1c	4	AUTO
0xcca24	6	MANUAL
0xcca2c	5	Tsig:
0xcca34	15	Number of beat:
0xcca44	13	Keep or retry
0xcca54	27	  KEEP:Keeps as new sample.
0xcca70	27	OVER W:Overwrites original.
0xcca8c	4	PLAY
0xcca94	6	OVER W
0xcca9c	5	RETRY
0xccaa4	4	KEEP
0xccaac	19	Patched Phrase Edit
0xccac0	7	Region:
0xccac8	26	Re-build patched phrase as
0xccae4	14	normal sample.
0xccaf4	7	RESTORE
0xccafc	6	Tempo:
0xccb04	11	PITCH SHIFT
0xccb10	6	Pitch:
0xccb18	19	Edit:STEREO^L=>MONO
0xccb34	19	Edit:STEREO^R=>MONO
0xccb48	21	Edit:STEREO^L+R=>MONO
0xccb64	21	Edit:STEREO^L-R=>MONO
0xccb80	11	(Vocal cut)
0xccb8c	5	Tempo
0xccb94	15	Original^tempo:
0xccba4	5	CLOSE
0xccbac	12	    PAD     
0xccbba	12	 TAP TEMPO  
0xccbc8	12	   BAR >>   
0xccbd6	12	   << BAR   
0xccbe4	12	  BEAT >>   
0xccbf2	12	  << BEAT   
0xccc00	12	  T.C.>>    
0xccc0e	12	  <<T.C.    
0xccc1c	12	 GO TO BAR  
0xccc2a	12	 [  GRID  ] 
0xccc38	12	 [^NEW PGM^]
0xccc46	12	 [  TRIM  ] 
0xccc54	12	 [STEP EDIT]
0xccc62	12	 [  SAVE  ] 
0xccc70	12	 [  LOAD  ] 
0xccc7e	12	 [ EFFECT ] 
0xccc8c	12	 [ ^MIXER^ ]
0xccc9a	12	 [^PROGRAM^]
0xccca8	12	 [ RECORD ] 
0xcccb6	12	 [ SLIDER ] 
0xcccc4	12	 [SEQ. EDIT]
0xcccd2	12	 [  SONG  ] 
0xccce0	12	  PATERN    
0xcccfc	9	   Mode  
0xccd08	6	GLOBAL
0xccd10	5	MISC.
0xccd18	6	FOOTSW
0xccd24	6	P.MODE
0xccd2c	4	PAD 
0xccd34	4	Auto
0xccd4c	4	FULL
0xccd54	4	16LV
0xccd5c	4	NEXT
0xccd64	4	TRAK
0xccd74	4	MODE
0xccd80	4	MAIN
0xccd8c	4	SHFT
0xccda0	4	GOTO
0xccdb8	4	STOP
0xccdc0	4	PLAY
0xccdc8	4	STRT
0xccdf8	4	ERAS
0xcce00	4	REPT
0xcce38	4	THRU
0xcce40	5	DATA:
0xcce48	24	SHIFT+WINDOW=>LED ON/OFF
0xcce64	16	SHIFT+MAIN=>EXIT
0xcce78	33	         `````                  H
0xccf78	14	std::type_info
0xcda00	4	8Xhp
0xcf060	6	(p&x(p
0xcf2b0	6	A-A-\g
0xcf328	6	A-A-\g
0xcf39a	4	`-`-
0xcf3b5	5	-^[].
0xcf3e2	5	Q;Q;5
0xcf3ee	5	P4P4b
0xcf434	16	0123456789ABCDEF
0xcf445	5	(C  )
0xcf44c	5	(C# )
0xcf453	5	(D  )
0xcf45a	5	(D# )
0xcf461	5	(E  )
0xcf468	5	(F  )
0xcf46f	5	(F# )
0xcf476	5	(G  )
0xcf47d	5	(G# )
0xcf484	5	(A  )
0xcf48b	5	(A# )
0xcf492	5	(B  )
0xcf583	13	ALL          
0xcf591	13	  0-BANK MSB 
0xcf59f	13	  1-MOD.WHEEL
0xcf5ad	13	  2-BREATH   
0xcf5bb	13	  3-   03    
0xcf5c9	13	  4-FOOT CTRL
0xcf5d7	13	  5-POR. TIME
0xcf5e5	13	  6-DATA     
0xcf5f3	13	  7-VOLUME   
0xcf601	13	  8-BALANCE  
0xcf60f	13	  9-    9    
0xcf61d	13	 10-PAN      
0xcf62b	13	 11-EXPRESSIN
0xcf639	13	 12-EFFECT 1 
0xcf647	13	 13-EFFECT 2 
0xcf655	13	 14-   14    
0xcf663	13	 15-   15    
0xcf671	13	 16-GP 1     
0xcf67f	13	 17-GP 2     
0xcf68d	13	 18-GP 3     
0xcf69b	13	 19-GP 4     
0xcf6a9	13	 20-   20    
0xcf6b7	13	 21-   21    
0xcf6c5	13	 22-   22    
0xcf6d3	13	 23-   23    
0xcf6e1	13	 24-   24    
0xcf6ef	13	 25-   25    
0xcf6fd	13	 26-   26    
0xcf70b	13	 27-   27    
0xcf719	13	 28-   28    
0xcf727	13	 29-   29    
0xcf735	13	 30-   30    
0xcf743	13	 31-   31    
0xcf751	13	 32-BANK LSB 
0xcf75f	13	 33-WHEEL LSB
0xcf76d	13	 34-BREAT.LSB
0xcf77b	13	 35-   35    
0xcf789	13	 36-FOOT LSB 
0xcf797	13	 37-PORT LSB 
0xcf7a5	13	 38-DATA LSB 
0xcf7b3	13	 39-VOL. LSB 
0xcf7c1	13	 40-BAL. LSB 
0xcf7cf	13	 41-   41    
0xcf7dd	13	 42-PAN   LSB
0xcf7eb	13	 43-EXP.  LSB
0xcf7f9	13	 44-EFF.1 LSB
0xcf807	13	 45-EFF.2 LSB
0xcf815	13	 46-   46    
0xcf823	13	 47-   47    
0xcf831	13	 48-GP 1  LSB
0xcf83f	13	 49-GP 2  LSB
0xcf84d	13	 50-GP 3  LSB
0xcf85b	13	 51-GP 4  LSB
0xcf869	13	 52-   52    
0xcf877	13	 53-   53    
0xcf885	13	 54-   54    
0xcf893	13	 55-   55    
0xcf8a1	13	 56-   56    
0xcf8af	13	 57-   57    
0xcf8bd	13	 58-   58    
0xcf8cb	13	 59-   59    
0xcf8d9	13	 60-   60    
0xcf8e7	13	 61-   61    
0xcf8f5	13	 62-   62    
0xcf903	13	 63-   63    
0xcf911	13	 64-DAM.PEDAL
0xcf91f	13	 65-POR.PEDAL
0xcf92d	13	 66-SOSTENUTO
0xcf93b	13	 67-SOF.PEDAL
0xcf949	13	 68-LEGATO   
0xcf957	13	 69-HOLD 2   
0xcf965	13	 70-SOUND VA.
0xcf973	13	 71-TIMBRE   
0xcf981	13	 72-RELEASE  
0xcf98f	13	 73-ATTACK   
0xcf99d	13	 74-BRIGHTNES
0xcf9ab	13	 75-DECAY    
0xcf9b9	13	 76-VIB.RATE 
0xcf9c7	13	 77-VIB.DEPTH
0xcf9d5	13	 78-VIB.DELAY
0xcf9e3	13	 79-SOUND 10 
0xcf9f1	13	 80-GP 5     
0xcf9ff	13	 81-GP 6     
0xcfa0d	13	 82-GP 7     
0xcfa1b	13	 83-GP 8     
0xcfa29	13	 84-PO. CTRL 
0xcfa37	13	 85-   85    
0xcfa45	13	 86-   86    
0xcfa53	13	 87-   87    
0xcfa61	13	 88-   88    
0xcfa6f	13	 89-   89    
0xcfa7d	13	 90-   90    
0xcfa8b	13	 91-REVERB   
0xcfa99	13	 92-TREMOLO  
0xcfaa7	13	 93-CHORUS   
0xcfab5	13	 94-DETUNE   
0xcfac3	13	 95-PHASER   
0xcfad1	13	 96-DATA INC 
0xcfadf	13	 97-DATA DEC 
0xcfaed	13	 98-NRPN LSB 
0xcfafb	13	 99-NRPN MSB 
0xcfb09	13	100-RPN LSB  
0xcfb17	13	101-RPN MSB  
0xcfb25	13	102-  102    
0xcfb33	13	103-  103    
0xcfb41	13	104-  104    
0xcfb4f	13	105-  105    
0xcfb5d	13	106-  106    
0xcfb6b	13	107-  107    
0xcfb79	13	108-  108    
0xcfb87	13	109-  109    
0xcfb95	13	110-  110    
0xcfba3	13	111-  111    
0xcfbb1	13	112-  112    
0xcfbbf	13	113-  113    
0xcfbcd	13	114-  114    
0xcfbdb	13	115-  115    
0xcfbe9	13	116-  116    
0xcfbf7	13	117-  117    
0xcfc05	13	118-  118    
0xcfc13	13	119-  119    
0xcfc21	13	120-SOUND OFF
0xcfc2f	13	121-RST CTRL 
0xcfc3d	13	122-LOCAL    
0xcfc4b	13	123-NOTE OFF 
0xcfc59	13	124-OMNI OFF 
0xcfc67	13	125-OMNI ON  
0xcfc75	13	126-MONO ON  
0xcfc83	13	127-POLY ON  
0xcfc91	16	ALL             
0xcfca2	16	  0-BANK SEL MSB
0xcfcb3	16	  1-MOD WHEEL   
0xcfcc4	16	  2-BREATH CNTRL
0xcfcd5	16	  3-    03      
0xcfce6	16	  4-FOOT CONTROL
0xcfcf7	16	  5-PORTA TIME  
0xcfd08	16	  6-DATA ENTRY  
0xcfd19	16	  7-VOLUME      
0xcfd2a	16	  8-BALANCE     
0xcfd3b	16	  9-     09     
0xcfd4c	16	 10-PAN         
0xcfd5d	16	 11-EXPRESSION  
0xcfd6e	16	 12-EFFECT 1    
0xcfd7f	16	 13-EFFECT 2    
0xcfd90	16	 14-     14     
0xcfda1	16	 15-     15     
0xcfdb2	16	 16-GP 1        
0xcfdc3	16	 17-GP 2        
0xcfdd4	16	 18-GP 3        
0xcfde5	16	 19-GP 4        
0xcfdf6	16	 20-     20     
0xcfe07	16	 21-     21     
0xcfe18	16	 22-     22     
0xcfe29	16	 23-     23     
0xcfe3a	16	 24-     24     
0xcfe4b	16	 25-     25     
0xcfe5c	16	 26-     26     
0xcfe6d	16	 27-     27     
0xcfe7e	16	 28-     28     
0xcfe8f	16	 29-     29     
0xcfea0	16	 30-     30     
0xcfeb1	16	 31-     31     
0xcfec2	16	 32-BANK SEL LSB
0xcfed3	16	 33-M. WHEEL LSB
0xcfee4	16	 34-BREATH   LSB
0xcfef5	16	 35-     35     
0xcff06	16	 36-FOOT CTRL LS
0xcff17	16	 37-PORT TIME LS
0xcff28	16	 38-DATA ENT LSB
0xcff39	16	 39-VOLUME   LSB
0xcff4a	16	 40-BALANCE  LSB
0xcff5b	16	 41-     41     
0xcff6c	16	 42-PAN      LSB
0xcff7d	16	 43-EXPRESS  LSB
0xcff8e	16	 44-EFFECT 1 LSB
0xcff9f	16	 45-EFFECT 2 LSB
0xcffb0	16	 46-     46     
0xcffc1	16	 47-     47     
0xcffd2	16	 48-GP 1     LSB
0xcffe3	16	 49-GP 2     LSB
0xcfff4	16	 50-GP 3     LSB
0xd0005	16	 51-GP 4     LSB
0xd0016	16	 52-     52     
0xd0027	16	 53-     53     
0xd0038	16	 54-     54     
0xd0049	16	 55-     55     
0xd005a	16	 56-     56     
0xd006b	16	 57-     57     
0xd007c	16	 58-     58     
0xd008d	16	 59-     59     
0xd009e	16	 60-     60     
0xd00af	16	 61-     61     
0xd00c0	16	 62-     62     
0xd00d1	16	 63-     63     
0xd00e2	16	 64-DAMPER PEDAL
0xd00f3	16	 65-PORTA PEDAL 
0xd0104	16	 66-SOSTENUTO   
0xd0115	16	 67-SOFT PEDAL  
0xd0126	16	 68-LEGATO FT SW
0xd0137	16	 69-9OLD 2      
0xd0148	16	 70-SOUND VARI  
0xd0159	16	 71-TIMBRE/HARMO
0xd016a	16	 72-RELEASE TIME
0xd017b	16	 73-ATTACK TIME 
0xd018c	16	 74-BRIGHTNESS  
0xd019d	16	 75-DECAY TIME  
0xd01ae	16	 76-VIB.RATE    
0xd01bf	16	 77-VIB.DEPTH   
0xd01d0	16	 78-VIB.DELAY   
0xd01e1	16	 79-SOUND CTRL10
0xd01f2	16	 80-GP 5        
0xd0203	16	 81-GP 6        
0xd0214	16	 82-GP 7        
0xd0225	16	 83-GP 8        
0xd0236	16	 84-PORTA. CTRL 
0xd0247	16	 85-     85     
0xd0258	16	 86-     86     
0xd0269	16	 87-     87     
0xd027a	16	 88-     88     
0xd028b	16	 89-     89     
0xd029c	16	 90-     90     
0xd02ad	16	 91-REVERB DEPTH
0xd02be	16	 92-TREMOLO DPTH
0xd02cf	16	 93-CHORUS DEPTH
0xd02e0	16	 94-DETUNE DEPTH
0xd02f1	16	 95-PHASER DEPTH
0xd0302	16	 96-DATA INC    
0xd0313	16	 97-DATA DEC    
0xd0324	16	 98-NRPN LSB    
0xd0335	16	 99-NRPN MSB    
0xd0346	16	100-RPN LSB     
0xd0357	16	101-RPN MSB     
0xd0368	16	102-    102     
0xd0379	16	103-    103     
0xd038a	16	104-    104     
0xd039b	16	105-    105     
0xd03ac	16	106-    106     
0xd03bd	16	107-    107     
0xd03ce	16	108-    108     
0xd03df	16	109-    109     
0xd03f0	16	110-    110     
0xd0401	16	111-    111     
0xd0412	16	112-    112     
0xd0423	16	113-    113     
0xd0434	16	114-    114     
0xd0445	16	115-    115     
0xd0456	16	116-    116     
0xd0467	16	117-    117     
0xd0478	16	118-    118     
0xd0489	16	119-    119     
0xd049a	16	120-ALL SND OFF 
0xd04ab	16	121-RST ALL CTRL
0xd04bc	16	122-LOCAL CTRL  
0xd04cd	16	123-ALL NOTE OFF
0xd04de	16	124-OMNI OFF    
0xd04ef	16	125-OMNI ON     
0xd0500	16	126-MONO MODE ON
0xd0511	16	127-POLY MODE ON
0xd0534	13	OFF          
0xd0542	13	BIT GRUNGER  
0xd0550	13	4 BAND EQ    
0xd055e	13	COMPRESSOR   
0xd056c	13	PHASE SHIFTER
0xd057a	13	TREMOLO      
0xd0588	13	FLYING PAN   
0xd0596	13	REVERB       
0xd05a4	13	DELAY        
0xd05fa	7	8(>>((8
0xd0616	5	888|8
0xd061e	6	8>8888
0xd0640	7	0     0
0xd0654	23	8p@@@@@p<(((((<p@@@@@p<
0xd067b	4	 $(0
0xd0687	5	>>>>>
0xd068d	7	 08<80 
0xd069b	4	    
0xd06a1	4	 PPP
0xd06ae	4	PP x
0xd06c4	4	h` @
0xd06cd	5	 @@@ 
0xd070a	9	p `    pp
0xd0738	5	 @@@p
0xd07b3	8	p     p8
0xd0801	6	      
0xd0826	4	P   
0xd0831	7	p@@@@@p
0xd087d	4	p0H@
0xd0895	5	`   p
0xd08a8	7	       
0xd08e3	4	@@H0
0xd0912	5	  @  
0xd0918	10	       @  
0xd0923	4	  @@
0xd0b22	5	"""""
0xd0b2e	5	>IIH>
0xd0b3b	4	 PQ"
0xd0b49	5	8DDD(
0xd0b4f	5	(EBF9
0xd0bd5	11	>AAAAAAAAA>
0xd0c1b	6	~@@@\b
0xd0c2a	9	"A@\bAAA"
0xd0c46	4	"AA"
0xd0c4b	4	"AA"
0xd0c54	5	"AAA#
0xd0cb9	7	1IIIII6
0xd0cd1	11	~BAAB~BAAB|
0xd0ce0	9	"A@@@@@A"
0xd0ced	11	|"!!!!!!!"|
0xd0cfc	9	@@@@>@@@@
0xd0d0a	10	@@@@~@@@@@
0xd0d18	9	"A@@GAAA#
0xd0d25	5	AAAAA
0xd0d2b	5	AAAAA
0xd0d4f	11	@BDHP`PHDBA
0xd0d5d	11	          ?
0xd0d6b	11	AccUUIIAAAA
0xd0d79	11	AaQQIIEECAA
0xd0d88	9	"AAAAAAA"
0xd0d95	11	|BAAAB|@@@@
0xd0da4	9	"AAAAA]c"
0xd0db1	11	|BAAB|HDBBA
0xd0dc0	4	"A@ 
0xd0ddb	11	AAAAAAAAAA>
0xd0de9	9	AAAAAAAA"
0xd0df7	11	AAAAAIIUU""
0xd0e05	4	AAA"
0xd0e0c	4	"AAA
0xd0e13	4	AAA"
0xd0e5a	7	@@   @@
0xd0e83	5	@@@@@
0xd0efb	8	@@@@@   
0xd0f33	4	@@@@
0xd0f76	11	` `       `
0xd0f93	4	00PP
0xd0fb0	7	   @@@`
0xd0fd7	9	` `    p`
0xd0fec	4	` ``
0xd1005	5	  @@`
0xd1026	11	p `      pp
0xd1043	4	00PP
0xd1062	5	  @@p
0xd1328	6	0<>733
0xd1351	4	``00
0xd13ad	4	0``0
0xd1448	6	`````c
0xd14e5	5	fff<<
0xd14fe	6	f<<<<f
0xd150b	4	ff<<
0xd153d	10	<<000000<<
0xd15e8	9	pp``````c
0xd1686	5	fff<<
0xd16a0	4	~<<~
0xd1728	4	@@  
0xd1813	5	88888
0xd181e	4	88|8
0xd1880	27	[hRHRHRHRHRHRHRHRHRHRHRH[h?
0xd18bb	6	@[i@RI
0xd18fe	27	[hRHRHRHRHRHRHRHRHRHRHRH[h?
0xd191c	4	  pp
0xd192c	4	pp  
0xd1bee	4	 H@0
0xd1c06	4	 `@ 
0xd1c1e	4	 @@ 
0xd1c36	4	 @@ 
0xd1c4e	4	 @@ 
0xd1c66	4	 @@ 
0xd1c7e	4	 @@ 
0xd1c96	4	 @@ 
0xd1cae	4	 @@ 
0xd1cc6	4	 @@ 
0xd1cde	4	 @@ 
0xd1cf6	4	 @@ 
0xd1d0e	4	`@@ 
0xd1d3e	4	 B@!
0xd1e0f	24	@                      @
0xd1e3f	16	@              @
0xd28f4	109	 !!"##$%&&'(()**+,--.//01123345667889::;<==>??@AABCCDEFFGHHIJJKLMMNOOPPQRSTVWXYZ[\]_`abcdfghiklmnoqrsuvwxz{|~
0xd29a4	89	  !!""##$%%&&''(())**++,,--..//0112233445566778899::;;<<>?ABDEGHJKMNPRSUWXZ\]_acdfhjlnoqs
0xd29fe	4	wy{}
0xd2a63	64	   !!!"""###$$%%%&&&'''(()+,.024689;=?BDFHJLNQSUWZ\^acehjmoruwz|
0xd2b22	34	 "%'),.1368;=@CEHKNQSVY\_behlorux|
0xd2b98	147	   !!!""###$$$%%&&&''((()))**+++,,,--...//000111223334445566677788999::;;;<<<==>>>???@@AAABBCCCDDDEEFFFGGGHHIIIJJJKKLLLMMNNNOPRTVXZ\^`bdfhjlnprtvy|
0xd2c2f	16	0123456789ABCDEF
0xd2c48	16	0123456789ABCDEF
0xd2c59	16	0123456789ABCDEF
0xd2e54	49	 ABCDEFGHIJKLMNOPQRSTUVWXYZ_0123456789&#-!()$%'{}
0xd2e98	28	             OK !           
0xd2eb5	28	       SYSTEM ERROR !!      
0xd2ed2	28	     Error FILE READ 1 !!   
0xd2eef	28	    Insufficient Memory !!  
0xd2f0c	28	        Wrong file !!       
0xd2f29	28	        End of file !!      
0xd2f46	28	File too big:Can't execute!!
0xd2f63	28	     File name exists !!    
0xd2f80	28	    Folder name exists !!   
0xd2f9d	28	      File not found !!     
0xd2fba	28	   Insert Memory Card !!    
0xd2fd7	28	        Wrong card !!       
0xd2ff4	28	         No file !!         
0xd3011	28	        FAT error!!         
0xd302e	28	      DIRECTORY error!!     
0xd304b	28	       Card is full!!       
0xd3068	28	       Disk is full!!       
0xd3085	28	      Too many files !!     
0xd30a2	28	       Reserv name   !!     
0xd30bf	28	       File write error !!  
0xd30dc	28	      Device not ready !!   
0xd30f9	28	      USB<===>MPC2500 !!    
0xd3116	28	  CF Card command error !!  
0xd3133	28	    Format is Invalid !!    
0xd3150	28	    Copy data too big!!     
0xd316d	28	     End of sequence !!     
0xd318a	28	    Sequence is unused !!   
0xd31a7	28	  Too many bars! (999max)   
0xd31c4	28	      CF Card changed       
0xd31e1	28	   Flash ROM erase error!!  
0xd31fe	28	   Flash ROM write error!!  
0xd321b	28	   Flash ROM read  error!!  
0xd3238	28	    Program name exist!!    
0xd3255	28	     Sample name exist!!    
0xd3272	28	     No sample wave !!      
0xd328f	28	Prog. directory full(24 max)
0xd32ac	28	Prog. directory full(24 max)
0xd32c9	28	    Insufficient Memory !!  
0xd32e6	28	     ChopShop sample !!     
0xd3303	28	     Can't execute !!       
0xd3320	28	          Abort !!          
0xd333d	28	      Can't write !!        
0xd335a	28	         No disc !!         
0xd3377	28	  Command excute error !!   
0xd3394	28	       Erase error !!       
0xd33b1	28	   Not MPC2000XL file !!    
0xd33ce	28	   Not stereo sample  !!    
0xd33eb	28	     No folder name !!      
0xd3408	28	     No ATAPI device !!     
0xd3425	28	  ATAPI medium error !!     
0xd3442	28	  ATAPI medium change !!    
0xd345f	28	  ATAPI medium set !!       
0xd347c	28	       ATAPI reset !!       
0xd3499	28	        TIME UP !!          
0xd34b6	28	Sample too big:Can't execute
0xd34d3	28	     PASS WORD ERROR !!     
0xd34f0	28	          SORRY !!          
0xd350d	28	       SMF END              
0xd3530	10	0123456789
0xd3608	4	MThd
0xd3615	5	`MTrk
0xd3621	33	 MPC2500   1.00                  
0xd3c8b	20	'.6=DJPV\afkorvx{|}~
0xd3ca0	20	~}|{xvrokfa\VPJD=6.'
0xd3d18	4	DRUM
0xd3d1d	4	MIDI
0xd3d7c	11	OFF        
0xd3d88	11	INTERNAL   
0xd3d94	11	MEMORY CARD
0xd3da0	11	HARD DISK  
0xd3de8	14	A^SAMPLE^^^^^^
0xd3df9	14	A^PROGRAM^^^^^
0xd3e0a	14	ALL^PROGRAMS^^
0xd3e1b	14	A^SEQUENCE^^^^
0xd3e2c	14	ALL^SEQUENCES^
0xd3e3d	14	ENTIRE MEMORY^
0xd3e7c	6	COPY  
0xd3e86	6	INSERT
0xd3e90	6	DELETE
0xd3f00	12	COPY        
0xd3f0e	12	MOVE        
0xd3f1c	12	TRANSPOSE   
0xd3f2a	12	SHIFT TIMING
0xd3f38	12	VELOCITY    
0xd3f46	12	DURATION    
0xd3f5a	7	REPLACE
0xd3f62	7	MERGE  
0xd404c	14	Aco.Bass Drum 
0xd405b	14	Bass Drum 1   
0xd406a	14	Side Stick    
0xd4079	14	Acoustic Snare
0xd4088	14	Hand Clap     
0xd4097	14	Electric Snare
0xd40a6	14	Low Floor Tom 
0xd40b5	14	Closed Hi-Hat 
0xd40c4	14	High Floor Tom
0xd40d3	14	Pedal Hi-Hat  
0xd40e2	14	Low Tom       
0xd40f1	14	Open Hi-Hat   
0xd4100	14	Low-Mid Tom   
0xd410f	14	Hi-Mid Tom    
0xd411e	14	Crash Cymbal 1
0xd412d	14	High Tom      
0xd413c	14	Ride Cymbal 1 
0xd414b	14	Chinese Cymbal
0xd415a	14	Ride Bell     
0xd4169	14	Tambourine    
0xd4178	14	Splash Cymbal 
0xd4187	14	Cowbell       
0xd4196	14	Crash Cymbal 2
0xd41a5	14	Vibraslap     
0xd41b4	14	Ride Cymbal 2 
0xd41c3	14	Hi Bongo      
0xd41d2	14	Low Bongo     
0xd41e1	14	Mute Hi Conga 
0xd41f0	14	Open Hi Conga 
0xd41ff	14	Low Conga     
0xd420e	14	High Timbale  
0xd421d	14	Low Timbale   
0xd422c	14	High Agogo    
0xd423b	14	Low Agogo     
0xd424a	14	Cabasa        
0xd4259	14	Maracas       
0xd4268	14	Short Whistle 
0xd4277	14	Long Whistle  
0xd4286	14	Short Guiro   
0xd4295	14	Long Guiro    
0xd42a4	14	Claves        
0xd42b3	14	Hi Wood Block 
0xd42c2	14	Low Wood Block
0xd42d1	14	Mute Cuica    
0xd42e0	14	Open Cuica    
0xd42ef	14	Mute Triangle 
0xd42fe	14	Open Triangle 
0xd430d	14	              
0xd431c	14	              
0xd432b	14	              
0xd433a	14	              
0xd4349	14	              
0xd4358	14	              
0xd4367	14	              
0xd4376	14	              
0xd4385	14	              
0xd4394	14	              
0xd43a3	14	              
0xd43b2	14	              
0xd43c1	14	              
0xd43d0	14	              
0xd43df	14	              
0xd43ee	14	              
0xd43fd	14	              
0xd440c	14	              
0xd4446	8	OFF     
0xd4450	8	AS TRACK
0xd445a	8	OMNI-A  
0xd4464	8	OMNI-B  
0xd446e	8	OMNI-C  
0xd4478	8	OMNI-D  
0xd4482	8	OMNI-AB 
0xd448c	8	OMNI-CD 
0xd4496	8	OMNI-ALL
0xd44cc	14	OFF           
0xd44db	14	MIDI CLOCK    
0xd44ea	14	MIDI TIME CODE
0xd44f9	14	OFF           
0xd4508	14	MIDI CLOCK    
0xd4517	14	MIDI TIME CODE
0xd45b0	6	MONO L
0xd45b7	6	MONO R
0xd45be	6	STEREO
0xd45ce	5	01-16
0xd45d4	5	17-32
0xd45da	5	33-48
0xd45e0	5	49-64
0xd45f0	5	01-16
0xd45f6	5	17-32
0xd45fc	5	33-48
0xd4602	5	49-64
0xd461c	9	TUNE     
0xd4626	9	CUTOFF1+2
0xd4630	9	LAYER    
0xd463a	9	ATTACK   
0xd4644	9	DECAY    
0xd464e	9	LEVEL    
0xd4658	9	CUTOFF1  
0xd4662	9	CUTOFF2  
0xd466c	9	RESO1+2  
0xd4676	9	RESO1    
0xd4680	9	RESO2    
0xd468a	9	PAN      
0xd46dc	14	SINE          
0xd46eb	14	TRIANGLE      
0xd46fa	14	PEAKY TRIANGLE
0xd4709	6	LINEAR
0xd4710	6	ROTATE
0xd4734	13	PLAY START   
0xd4742	13	PLAY         
0xd4750	13	STOP         
0xd475e	13	PLAY/STOP    
0xd476c	13	REC+PLAY     
0xd477a	13	OVERDUB+PLAY 
0xd4788	13	REC/PUNCH    
0xd4796	13	OVERDUB/PUNCH
0xd47a4	13	TAP TEMPO    
0xd47b2	13	PAD1         
0xd47c0	13	PAD2         
0xd47ce	13	PAD3         
0xd47dc	13	PAD4         
0xd47ea	13	PAD5         
0xd47f8	13	PAD6         
0xd4806	13	PAD7         
0xd4814	13	PAD8         
0xd4822	13	PAD9         
0xd4830	13	PAD10        
0xd483e	13	PAD11        
0xd484c	13	PAD12        
0xd485a	13	PAD13        
0xd4868	13	PAD14        
0xd4876	13	PAD15        
0xd4884	13	PAD16        
0xd4892	13	F1           
0xd48a0	13	F2           
0xd48ae	13	F3           
0xd48bc	13	F4           
0xd48ca	13	F5           
0xd48d8	13	F6           
0xd48e6	13	PAD BANK A   
0xd48f4	13	PAD BANK B   
0xd4902	13	PAD BANK C   
0xd4910	13	PAD BANK D   
0xd491e	13	REPEAT       
0xd492c	13	ERASE        
0xd4940	5	  0dB
0xd4946	5	 -6dB
0xd494c	5	-12dB
0xd4952	5	-18dB
0xd4958	5	-24dB
0xd495e	5	-30dB
0xd4964	5	-36dB
0xd496a	5	-42dB
0xd4970	18	TO SEQUENCE LENGTH
0xd4983	18	TO SEQUENCE END   
0xd4996	18	AS PLAYED         
0xd49bc	8	OFF     
0xd49c5	8	REC ONLY
0xd49ce	8	REC+PLAY
0xd49d7	7	1/4    
0xd49df	7	1/4(3) 
0xd49e7	7	1/8    
0xd49ef	7	1/8(3) 
0xd49f7	7	1/16   
0xd49ff	7	1/16(3)
0xd4a07	7	1/32   
0xd4a0f	7	1/32(3)
0xd4a40	11	AS PLAYED  
0xd4a4c	11	TC VALUE %:
0xd4a5a	14	NOTE          
0xd4a69	14	PITCH BEND    
0xd4a78	14	CONTROL CHANGE
0xd4a87	14	PROGRAM CHANGE
0xd4a96	14	CH PRESSURE   
0xd4aa5	14	POLY PRESSURE 
0xd4ab4	14	EXCLUSIVE     
0xd4ac3	14	EFFECT        
0xd4ad2	14	TEMPO CHANGE  
0xd4ae1	14	REAL TIME     
0xd4af0	14	TRACK MUTE    
0xd4b18	8	1/8     
0xd4b22	8	1/8(3)  
0xd4b2c	8	1/16    
0xd4b36	8	1/16(3) 
0xd4b40	8	1/32    
0xd4b4a	8	1/32(3) 
0xd4b54	8	OFF     
0xd4b5e	8	1/8     
0xd4b68	8	1/8(3)  
0xd4b72	8	1/16    
0xd4b7c	8	1/16(3) 
0xd4b86	8	1/32    
0xd4b90	8	1/32(3) 
0xd4b9a	8	OFF     
0xd4d00	8	VELOCITY
0xd4d09	8	TUNE    
0xd4d12	8	FILTER  
0xd4d1b	8	LAYER   
0xd4d24	8	ATTACK  
0xd4d2d	8	DECAY   
0xd5058	11	AS PLAYED  
0xd5064	11	TC VALUE %:
0xd5074	8	1/8     
0xd507e	8	1/8(3)  
0xd5088	8	1/16    
0xd5092	8	1/16(3) 
0xd509c	8	1/32    
0xd50a6	8	1/32(3) 
0xd6a97	9	/bOSOsOcO
0xd6b5d	4	Fl7v
0xd6e22	8	gOwOWOfO
0xd6e62	4	#d%`
0xd70a3	4	` p<
0xd71cd	4	"#m#
0xd71d2	5	(="OH
0xd7253	4	@&jX
0xd738c	7	#X$P^@<
0xd73c4	4	%Ws`
0xd73d5	5	l&]<<
0xd73e5	5	j'[8:
0xd8e8e	4	R@\?
0xd8ea6	4	@A~=
0xd8ec2	4	R@\?
0xd8eda	4	@A~=
0xd8ef6	4	R@\?
0xd8f0e	4	@A~=
